name,age,ast,crdr,crdy,gls,min,mp,nation,pk,pos,starts,team,xag,xg
Alisson,32,0.0,0.0,0.0,0.0,,,BRA,0.0,GK,4,Liverpool,0.0,0.0
Dominik Szoboszlai,24,0.0,0.0,0.0,1.0,,,HUN,0.0,"DF,MF",4,Liverpool,0.2,0.4
Virgil van Dijk,34,0.0,0.0,0.0,0.0,,,NED,0.0,DF,4,Liverpool,0.0,0.2
Cody Gakpo,26,2.0,0.0,0.0,1.0,,,NED,0.0,"FW,MF",4,Liverpool,1.4,0.5
Mohamed Salah,33,1.0,0.0,0.0,2.0,,,EGY,1.0,"FW,MF",4,Liverpool,0.5,1.1
Ibrahima Konaté,26,0.0,0.0,1.0,0.0,,,FRA,0.0,DF,4,Liverpool,0.2,0.5
Florian Wirtz,22,0.0,0.0,0.0,0.0,,,GER,0.0,MF,4,Liverpool,0.6,0.5
Hugo Ekitike,23,1.0,0.0,0.0,2.0,,,FRA,0.0,FW,4,Liverpool,0.3,1.5
Milos Kerkez,21,0.0,0.0,2.0,0.0,,,HUN,0.0,DF,4,Liverpool,0.0,0.2
Ryan Gravenberch,23,0.0,0.0,2.0,1.0,,,NED,0.0,MF,3,Liverpool,0.3,0.2
Alexis Mac Allister,26,1.0,0.0,0.0,0.0,,,ARG,0.0,MF,3,Liverpool,0.7,0.1
Curtis Jones,24,0.0,0.0,0.0,0.0,,,ENG,0.0,MF,1,Liverpool,0.1,0.0
Jeremie Frimpong,24,0.0,0.0,0.0,0.0,,,NED,0.0,DF,1,Liverpool,0.0,0.1
Andrew Robertson,31,0.0,0.0,0.0,0.0,,,SCO,0.0,DF,0,Liverpool,0.3,0.1
Conor Bradley,22,0.0,0.0,2.0,0.0,,,NIR,0.0,DF,0,Liverpool,0.0,0.0
Federico Chiesa,27,0.0,0.0,0.0,1.0,,,ITA,0.0,FW,0,Liverpool,0.0,0.4
Wataru Endo,32,1.0,0.0,1.0,0.0,,,JPN,0.0,"MF,DF",0,Liverpool,0.1,0.0
Joe Gomez,28,0.0,0.0,0.0,0.0,,,ENG,0.0,DF,0,Liverpool,0.0,0.0
Rio Ngumoha,17,0.0,0.0,0.0,1.0,,,ENG,0.0,"MF,FW",0,Liverpool,0.1,0.4
Harvey Elliott,22,0.0,0.0,0.0,0.0,,,ENG,0.0,"MF,FW",0,Liverpool,0.0,0.0
Giovanni Leoni,18,,,,,,,ITA,,DF,0,Liverpool,,
Giorgi Mamardashvili,24,,,,,,,GEO,,GK,0,Liverpool,,
Trey Nyoni,18,,,,,,,ENG,,MF,0,Liverpool,,
Gabriel Magalhães,27,0.0,0.0,0.0,0.0,,,BRA,0.0,DF,4,Arsenal,0.0,0.3
David Raya,30,0.0,0.0,1.0,0.0,,,ESP,0.0,GK,4,Arsenal,0.1,0.0
Martín Zubimendi,26,0.0,0.0,1.0,2.0,,,ESP,0.0,MF,4,Arsenal,0.0,0.2
Viktor Gyökeres,27,0.0,0.0,1.0,3.0,,,SWE,1.0,FW,4,Arsenal,0.1,2.1
Riccardo Calafiori,23,2.0,0.0,2.0,1.0,,,ITA,0.0,DF,4,Arsenal,0.5,1.4
Declan Rice,26,1.0,0.0,0.0,0.0,,,ENG,0.0,MF,3,Arsenal,0.5,0.1
Jurriën Timber,24,1.0,0.0,1.0,2.0,,,NED,0.0,DF,3,Arsenal,0.2,1.1
Noni Madueke,23,0.0,0.0,0.0,0.0,,,ENG,0.0,FW,3,Arsenal,0.8,0.1
William Saliba,24,0.0,0.0,0.0,0.0,,,FRA,0.0,DF,3,Arsenal,0.0,0.0
Martin Ødegaard,26,0.0,0.0,0.0,0.0,,,NOR,0.0,MF,3,Arsenal,0.1,0.1
Mikel Merino,29,0.0,0.0,0.0,0.0,,,ESP,0.0,"MF,FW",2,Arsenal,0.1,0.1
Bukayo Saka,24,0.0,0.0,0.0,1.0,,,ENG,0.0,FW,2,Arsenal,0.1,0.3
Gabriel Martinelli,24,0.0,0.0,0.0,0.0,,,BRA,0.0,FW,2,Arsenal,0.0,0.0
Cristhian Mosquera,21,0.0,0.0,0.0,0.0,,,ESP,0.0,DF,1,Arsenal,0.0,0.0
Eberechi Eze,27,1.0,0.0,0.0,0.0,,,ENG,0.0,FW,1,Arsenal,0.5,0.1
Ben White,27,0.0,0.0,0.0,0.0,,,ENG,0.0,DF,1,Arsenal,0.0,0.0
Ethan Nwaneri,18,0.0,0.0,0.0,0.0,,,ENG,0.0,MF,0,Arsenal,0.0,0.2
Myles Lewis-Skelly,18,0.0,0.0,1.0,0.0,,,ENG,0.0,DF,0,Arsenal,0.0,0.0
Leandro Trossard,30,1.0,0.0,0.0,0.0,,,BEL,0.0,FW,0,Arsenal,0.1,0.1
Kai Havertz,26,0.0,0.0,0.0,0.0,,,GER,0.0,FW,0,Arsenal,0.0,0.0
Max Dowman,15,0.0,0.0,0.0,0.0,,,ENG,0.0,FW,0,Arsenal,0.0,0.1
Andre Annous,17,,,,,,,ENG,,FW,0,Arsenal,,
Kepa Arrizabalaga,30,,,,,,,ESP,,GK,0,Arsenal,,
Piero Hincapié,23,,,,,,,ECU,,DF,0,Arsenal,,
Jakub Kiwior,25,,,,,,,POL,,"DF,MF",0,Arsenal,,
Cristian Romero,27,1.0,0.0,1.0,0.0,,,ARG,0.0,DF,4,Tottenham-Hotspur,0.2,0.1
Guglielmo Vicario,28,0.0,0.0,0.0,0.0,,,ITA,0.0,GK,4,Tottenham-Hotspur,0.0,0.0
Mohammed Kudus,25,2.0,0.0,0.0,0.0,,,GHA,0.0,"FW,MF",4,Tottenham-Hotspur,1.1,0.5
Micky van de Ven,24,0.0,0.0,1.0,1.0,,,NED,0.0,DF,4,Tottenham-Hotspur,0.1,0.7
Pape Matar Sarr,23,1.0,0.0,0.0,1.0,,,SEN,0.0,MF,4,Tottenham-Hotspur,0.4,0.3
Pedro Porro,26,0.0,0.0,1.0,0.0,,,ESP,0.0,DF,4,Tottenham-Hotspur,0.6,0.1
Djed Spence,25,0.0,0.0,2.0,0.0,,,ENG,0.0,DF,4,Tottenham-Hotspur,0.0,0.2
Richarlison,28,1.0,0.0,1.0,2.0,,,BRA,0.0,FW,3,Tottenham-Hotspur,0.7,0.8
João Palhinha,30,0.0,0.0,0.0,1.0,,,POR,0.0,MF,3,Tottenham-Hotspur,0.0,0.4
Brennan Johnson,24,0.0,0.0,1.0,2.0,,,WAL,0.0,FW,3,Tottenham-Hotspur,0.2,0.9
Rodrigo Bentancur,28,0.0,0.0,0.0,0.0,,,URU,0.0,MF,2,Tottenham-Hotspur,0.0,0.0
Lucas Bergvall,19,1.0,0.0,0.0,1.0,,,SWE,0.0,MF,2,Tottenham-Hotspur,0.3,0.3
Mathys Tel,20,0.0,0.0,0.0,0.0,,,FRA,0.0,FW,1,Tottenham-Hotspur,0.0,0.1
Archie Gray,19,0.0,0.0,0.0,0.0,,,ENG,0.0,MF,1,Tottenham-Hotspur,0.0,0.0
Xavi Simons,22,1.0,0.0,0.0,0.0,,,NED,0.0,FW,1,Tottenham-Hotspur,0.1,0.0
Wilson Odobert,20,0.0,0.0,0.0,0.0,,,FRA,0.0,"FW,MF",0,Tottenham-Hotspur,0.1,0.3
Destiny Udogie,22,0.0,0.0,0.0,0.0,,,ITA,0.0,DF,0,Tottenham-Hotspur,0.0,0.0
Dominic Solanke,28,0.0,0.0,0.0,0.0,,,ENG,0.0,FW,0,Tottenham-Hotspur,0.0,0.2
Kevin Danso,26,0.0,0.0,0.0,0.0,,,AUT,0.0,DF,0,Tottenham-Hotspur,0.0,0.0
Ben Davies,32,,,,,,,WAL,,"DF,MF",0,Tottenham-Hotspur,,
Antonín Kinský,22,,,,,,,CZE,,GK,0,Tottenham-Hotspur,,
Randal Kolo Muani,26,,,,,,,FRA,,"FW,MF",0,Tottenham-Hotspur,,
Manor Solomon,26,,,,,,,ISR,,"FW,MF",0,Tottenham-Hotspur,,
Luka Vušković,18,,,,,,,CRO,,DF,0,Tottenham-Hotspur,,
Đorđe Petrović,25,0.0,0.0,1.0,0.0,,,SRB,0.0,GK,4,Bournemouth,0.0,0.0
Antoine Semenyo,25,2.0,0.0,1.0,3.0,,,GHA,1.0,"FW,MF",4,Bournemouth,0.4,2.7
Marcos Senesi,28,1.0,0.0,1.0,0.0,,,ARG,0.0,DF,4,Bournemouth,0.2,0.1
Adrien Truffert,23,0.0,0.0,0.0,0.0,,,FRA,0.0,DF,4,Bournemouth,0.5,0.0
Tyler Adams,26,0.0,0.0,3.0,0.0,,,USA,0.0,MF,4,Bournemouth,0.0,0.1
Evanilson,25,0.0,0.0,1.0,1.0,,,BRA,0.0,FW,4,Bournemouth,0.5,0.9
Marcus Tavernier,26,0.0,0.0,0.0,1.0,,,ENG,0.0,MF,4,Bournemouth,0.3,0.9
David Brooks,28,1.0,0.0,2.0,0.0,,,WAL,0.0,"MF,FW",4,Bournemouth,1.4,0.8
Alex Scott,22,0.0,0.0,1.0,1.0,,,ENG,0.0,MF,4,Bournemouth,0.3,0.2
Bafodé Diakité,24,0.0,0.0,0.0,0.0,,,FRA,0.0,DF,3,Bournemouth,0.0,0.0
Adam Smith,34,0.0,0.0,0.0,0.0,,,ENG,0.0,DF,3,Bournemouth,0.3,0.0
James Hill,23,0.0,0.0,1.0,0.0,,,ENG,0.0,DF,1,Bournemouth,0.0,0.1
Veljko Milosavljević,18,0.0,0.0,0.0,0.0,,,SRB,0.0,DF,1,Bournemouth,0.1,0.0
Amine Adli,25,0.0,0.0,0.0,0.0,,,MAR,0.0,"MF,FW",0,Bournemouth,0.1,0.0
Ryan Christie,30,0.0,0.0,0.0,0.0,,,SCO,0.0,MF,0,Bournemouth,0.0,0.1
Justin Kluivert,26,0.0,0.0,0.0,0.0,,,NED,0.0,"MF,FW",0,Bournemouth,0.2,0.2
Hamed Junior Traorè,25,1.0,0.0,0.0,0.0,,,CIV,0.0,MF,0,Bournemouth,0.2,0.0
Eli Junior Kroupi,19,0.0,0.0,0.0,0.0,,,FRA,0.0,"FW,MF",0,Bournemouth,0.0,0.0
Ben Winterburn,21,0.0,0.0,0.0,0.0,,,ENG,0.0,MF,0,Bournemouth,0.0,0.0
Lewis Cook,28,0.0,0.0,0.0,0.0,,,ENG,0.0,MF,0,Bournemouth,0.0,0.0
Álex Jiménez,20,0.0,0.0,1.0,0.0,,,ESP,0.0,DF,0,Bournemouth,0.0,0.0
Julio Soler,20,0.0,0.0,0.0,0.0,,,ARG,0.0,FW,0,Bournemouth,0.0,0.0
Julian Araujo,24,,,,,,,MEX,,DF,0,Bournemouth,,
Philip Billing,29,,,,,,,DEN,,MF,0,Bournemouth,,
Will Dennis,25,,,,,,,ENG,,GK,0,Bournemouth,,
Ben Doak,19,,,,,,,SCO,,"FW,MF",0,Bournemouth,,
Romain Faivre,27,,,,,,,FRA,,"FW,MF",0,Bournemouth,,
Remy Rees-Dottin,19,,,,,,,ENG,,FW,0,Bournemouth,,
Moisés Caicedo,23,0.0,0.0,1.0,2.0,,,ECU,0.0,MF,4,Chelsea,0.0,0.4
Robert Sánchez,27,0.0,0.0,0.0,0.0,,,ESP,0.0,GK,4,Chelsea,0.0,0.0
Pedro Neto,25,0.0,0.0,0.0,1.0,,,POR,0.0,FW,4,Chelsea,0.9,0.5
Enzo Fernández,24,1.0,0.0,0.0,2.0,,,ARG,1.0,MF,4,Chelsea,0.7,1.9
Trevoh Chalobah,26,0.0,0.0,0.0,1.0,,,ENG,0.0,DF,4,Chelsea,0.0,0.6
João Pedro,23,3.0,0.0,0.0,2.0,,,BRA,0.0,"FW,MF",4,Chelsea,1.2,1.5
Marc Cucurella,27,1.0,0.0,0.0,0.0,,,ESP,0.0,DF,3,Chelsea,0.8,0.2
Tosin Adarabioyo,27,0.0,0.0,0.0,0.0,,,ENG,0.0,DF,3,Chelsea,0.0,0.0
Estêvão Willian,18,1.0,0.0,1.0,0.0,,,BRA,0.0,FW,2,Chelsea,0.9,1.0
Malo Gusto,22,0.0,0.0,0.0,0.0,,,FRA,0.0,DF,2,Chelsea,0.0,0.0
Jamie Gittens,21,0.0,0.0,0.0,0.0,,,ENG,0.0,FW,2,Chelsea,0.1,0.1
Liam Delap,22,0.0,0.0,0.0,0.0,,,ENG,0.0,FW,2,Chelsea,0.0,0.2
Reece James,25,0.0,0.0,1.0,0.0,,,ENG,0.0,DF,1,Chelsea,0.5,0.1
Cole Palmer,23,0.0,0.0,0.0,1.0,,,ENG,0.0,MF,1,Chelsea,0.0,0.8
Joshua Acheampong,19,0.0,0.0,0.0,0.0,,,ENG,0.0,DF,1,Chelsea,0.0,0.1
Wesley Fofana,24,0.0,0.0,0.0,0.0,,,FRA,0.0,DF,1,Chelsea,0.0,0.0
Jorrel Hato,19,0.0,0.0,2.0,0.0,,,NED,0.0,DF,1,Chelsea,0.0,0.0
Facundo Buonanotte,20,0.0,0.0,0.0,0.0,,,ARG,0.0,MF,1,Chelsea,0.3,0.0
Tyrique George,19,0.0,0.0,1.0,0.0,,,ENG,0.0,FW,0,Chelsea,0.0,0.2
Andrey Santos,21,0.0,0.0,1.0,0.0,,,BRA,0.0,MF,0,Chelsea,0.1,0.3
Alejandro Garnacho,21,0.0,0.0,0.0,0.0,,,ARG,0.0,FW,0,Chelsea,0.1,0.0
Dario Essugo,20,,,,,,,POR,,MF,0,Chelsea,,
Filip Jørgensen,23,,,,,,,DEN,,GK,0,Chelsea,,
Gaga Slonina,21,,,,,,,USA,,GK,0,Chelsea,,
Kiernan Dewsbury-Hall,27,1.0,0.0,3.0,1.0,,,ENG,0.0,MF,4,Everton,1.6,0.1
James Garner,24,0.0,0.0,1.0,1.0,,,ENG,0.0,"DF,MF",4,Everton,0.7,0.2
Michael Keane,32,0.0,0.0,0.0,0.0,,,ENG,0.0,DF,4,Everton,0.1,0.5
Jake O'Brien,24,0.0,0.0,0.0,0.0,,,IRL,0.0,DF,4,Everton,0.0,0.3
Jordan Pickford,31,0.0,0.0,0.0,0.0,,,ENG,0.0,GK,4,Everton,0.0,0.0
James Tarkowski,32,0.0,0.0,0.0,0.0,,,ENG,0.0,DF,4,Everton,0.1,0.4
Idrissa Gana Gueye,35,0.0,0.0,0.0,0.0,,,SEN,0.0,MF,4,Everton,0.1,0.4
Iliman Ndiaye,25,0.0,0.0,0.0,2.0,,,SEN,0.0,FW,4,Everton,0.5,1.3
Jack Grealish,30,4.0,0.0,1.0,0.0,,,ENG,0.0,FW,3,Everton,2.0,0.4
Beto,27,0.0,0.0,1.0,1.0,,,GNB,0.0,FW,3,Everton,0.2,1.8
Tim Iroegbunam,22,0.0,0.0,3.0,0.0,,,ENG,0.0,MF,3,Everton,0.0,0.2
Carlos Alcaraz,22,0.0,0.0,1.0,0.0,,,ARG,0.0,"FW,MF",1,Everton,0.0,0.0
Thierno Barry,22,0.0,0.0,0.0,0.0,,,FRA,0.0,"FW,MF",1,Everton,0.0,0.5
Vitaliy Mykolenko,26,0.0,0.0,0.0,0.0,,,UKR,0.0,DF,1,Everton,0.0,0.0
Merlin Röhl,23,0.0,0.0,0.0,0.0,,,GER,0.0,MF,0,Everton,0.1,0.0
Dwight McNeil,25,0.0,0.0,0.0,0.0,,,ENG,0.0,FW,0,Everton,0.1,0.2
Harrison Armstrong,18,0.0,0.0,0.0,0.0,,,ENG,0.0,FW,0,Everton,0.0,0.0
Séamus Coleman,36,0.0,0.0,0.0,0.0,,,IRL,0.0,FW,0,Everton,0.0,0.0
Adam Aznou,19,,,,,,,MAR,,DF,0,Everton,,
Elijah Campbell,21,,,,,,,ENG,,DF,0,Everton,,
Youssef Chermiti,21,,,,,,,POR,,FW,0,Everton,,
Tyler Dibling,19,,,,,,,ENG,,MF,0,Everton,,
Tyler Onyango,22,,,,,,,ENG,,MF,0,Everton,,
Nathan Patterson,23,,,,,,,SCO,,DF,0,Everton,,
Mark Travers,26,,,,,,,IRL,,GK,0,Everton,,
Harry Tyrer,23,,,,,,,ENG,,GK,0,Everton,,
Trai Hume,23,0.0,0.0,0.0,0.0,,,NIR,0.0,DF,4,Sunderland,0.2,0.1
Reinildo Mandava,31,0.0,0.0,1.0,0.0,,,MOZ,0.0,DF,4,Sunderland,0.0,0.0
Robin Roefs,22,0.0,0.0,1.0,0.0,,,NED,0.0,GK,4,Sunderland,0.0,0.0
Granit Xhaka,32,1.0,0.0,1.0,0.0,,,SUI,0.0,MF,4,Sunderland,0.3,0.1
Noah Sadiki,20,0.0,0.0,0.0,0.0,,,COD,0.0,MF,4,Sunderland,0.1,0.1
Habib Diarra,21,0.0,0.0,1.0,0.0,,,SEN,0.0,MF,4,Sunderland,0.0,0.6
Chemsdine Talbi,20,1.0,0.0,0.0,0.0,,,MAR,0.0,FW,4,Sunderland,0.1,0.5
Omar Alderete,28,1.0,0.0,0.0,0.0,,,PAR,0.0,DF,3,Sunderland,0.0,0.1
Simon Adingra,23,0.0,0.0,1.0,0.0,,,CIV,0.0,FW,3,Sunderland,0.5,0.1
Eliezer Mayenda,20,0.0,0.0,0.0,1.0,,,ESP,0.0,FW,3,Sunderland,0.3,0.4
Nordi Mukiele,27,0.0,0.0,0.0,0.0,,,FRA,0.0,DF,2,Sunderland,0.1,0.1
Daniel Ballard,25,0.0,0.0,0.0,1.0,,,NIR,0.0,DF,2,Sunderland,0.3,0.2
Wilson Isidor,25,0.0,0.0,0.0,2.0,,,FRA,0.0,FW,1,Sunderland,0.0,0.4
Jenson Seelt,22,0.0,0.0,0.0,0.0,,,NED,0.0,DF,1,Sunderland,0.0,0.0
Enzo Le Fée,25,0.0,0.0,0.0,1.0,,,FRA,1.0,"FW,MF",1,Sunderland,0.2,0.8
Patrick Roberts,28,0.0,0.0,0.0,0.0,,,ENG,0.0,"MF,FW",0,Sunderland,0.0,0.0
Brian Brobbey,23,0.0,0.0,0.0,0.0,,,NED,0.0,FW,0,Sunderland,0.0,0.0
Marc Guiu,19,0.0,0.0,0.0,0.0,,,ESP,0.0,FW,0,Sunderland,0.0,0.0
Lutsharel Geertruida,25,0.0,0.0,0.0,0.0,,,NED,0.0,MF,0,Sunderland,0.0,0.0
Chris Rigg,18,0.0,0.0,0.0,0.0,,,ENG,0.0,FW,0,Sunderland,0.0,0.0
Harrison Jones,20,,,,,,,ENG,,MF,0,Sunderland,,
Arthur Masuaku,31,,,,,,,COD,,"DF,MF",0,Sunderland,,
Dan Neil,23,,,,,,,ENG,,MF,0,Sunderland,,
Anthony Patterson,25,,,,,,,ENG,,GK,0,Sunderland,,
Bertrand Traoré,30,,,,,,,BFA,,"FW,MF",0,Sunderland,,
Tijjani Reijnders,27,1.0,0.0,1.0,1.0,,,NED,0.0,MF,4,Manchester-City,0.3,0.7
Erling Haaland,25,0.0,0.0,0.0,5.0,,,NOR,0.0,FW,4,Manchester-City,0.9,5.7
Rúben Dias,28,0.0,0.0,0.0,0.0,,,POR,0.0,DF,3,Manchester-City,0.0,0.0
James Trafford,22,0.0,0.0,0.0,0.0,,,ENG,0.0,GK,3,Manchester-City,0.0,0.0
John Stones,31,0.0,0.0,0.0,0.0,,,ENG,0.0,DF,3,Manchester-City,0.0,0.0
Bernardo Silva,31,1.0,0.0,0.0,0.0,,,POR,0.0,MF,3,Manchester-City,1.6,0.1
Oscar Bobb,22,1.0,0.0,0.0,0.0,,,NOR,0.0,"FW,MF",3,Manchester-City,0.4,0.3
Rayan Aït-Nouri,24,0.0,0.0,1.0,0.0,,,ALG,0.0,DF,3,Manchester-City,0.2,0.0
Jeremy Doku,23,2.0,0.0,0.0,0.0,,,BEL,0.0,"MF,FW",2,Manchester-City,1.7,0.0
Abdukodir Khusanov,21,0.0,0.0,1.0,0.0,,,UZB,0.0,DF,2,Manchester-City,0.0,0.0
Rodri,29,0.0,0.0,0.0,0.0,,,ESP,0.0,MF,2,Manchester-City,0.1,0.1
Nicolás González,23,0.0,0.0,1.0,0.0,,,ESP,0.0,MF,2,Manchester-City,0.0,0.1
Rico Lewis,20,1.0,0.0,0.0,0.0,,,ENG,0.0,DF,2,Manchester-City,1.0,0.0
Omar Marmoush,26,1.0,0.0,0.0,0.0,,,EGY,0.0,"FW,MF",2,Manchester-City,1.0,0.8
Nico O’Reilly,20,0.0,0.0,1.0,0.0,,,ENG,0.0,"DF,MF",1,Manchester-City,0.0,0.1
Matheus Nunes,27,0.0,0.0,0.0,0.0,,,POR,0.0,DF,1,Manchester-City,0.0,0.0
Phil Foden,25,0.0,0.0,0.0,1.0,,,ENG,0.0,MF,1,Manchester-City,0.1,0.5
Gianluigi Donnarumma,26,0.0,0.0,0.0,0.0,,,ITA,0.0,GK,1,Manchester-City,0.0,0.0
Joško Gvardiol,23,0.0,0.0,0.0,0.0,,,CRO,0.0,DF,1,Manchester-City,0.0,0.0
Rayan Cherki,22,0.0,0.0,0.0,1.0,,,FRA,0.0,"MF,FW",1,Manchester-City,0.5,0.1
Nathan Aké,30,0.0,0.0,0.0,0.0,,,NED,0.0,DF,0,Manchester-City,0.0,0.1
Sávio,21,0.0,0.0,0.0,0.0,,,BRA,0.0,MF,0,Manchester-City,0.0,0.0
Manuel Akanji,30,,,,,,,SUI,,"DF,MF",0,Manchester-City,,
Ederson,32,,,,,,,BRA,,GK,0,Manchester-City,,
İlkay Gündoğan,34,,,,,,,GER,,MF,0,Manchester-City,,
Stephen Mfuni,17,,,,,,,ENG,,DF,0,Manchester-City,,
Divine Mukasa,18,,,,,,,ENG,,MF,0,Manchester-City,,
Stefan Ortega,32,,,,,,,GER,,GK,0,Manchester-City,,
Marc Guéhi,25,0.0,0.0,0.0,1.0,,,ENG,0.0,DF,4,Crystal-Palace,0.0,0.2
Dean Henderson,28,0.0,0.0,0.0,0.0,,,ENG,0.0,GK,4,Crystal-Palace,0.0,0.0
Maxence Lacroix,25,1.0,0.0,1.0,0.0,,,FRA,0.0,DF,4,Crystal-Palace,0.5,0.1
Tyrick Mitchell,26,0.0,0.0,1.0,0.0,,,ENG,0.0,"DF,MF",4,Crystal-Palace,0.2,0.0
Daniel Muñoz,29,1.0,0.0,2.0,0.0,,,COL,0.0,"DF,MF",4,Crystal-Palace,1.5,0.2
Chris Richards,25,0.0,0.0,0.0,0.0,,,USA,0.0,DF,4,Crystal-Palace,0.0,0.3
Jean-Philippe Mateta,28,0.0,0.0,2.0,1.0,,,FRA,1.0,FW,4,Crystal-Palace,0.0,1.8
Will Hughes,30,0.0,0.0,3.0,0.0,,,ENG,0.0,MF,4,Crystal-Palace,0.5,0.2
Ismaila Sarr,27,0.0,0.0,1.0,2.0,,,SEN,0.0,"MF,FW",3,Crystal-Palace,0.0,2.0
Adam Wharton,21,0.0,0.0,0.0,0.0,,,ENG,0.0,MF,3,Crystal-Palace,0.4,0.0
Daichi Kamada,29,0.0,0.0,0.0,0.0,,,JPN,0.0,MF,2,Crystal-Palace,0.6,0.1
Jefferson Lerma,30,0.0,0.0,0.0,0.0,,,COL,0.0,MF,1,Crystal-Palace,0.0,0.4
Yeremi Pino,22,0.0,0.0,0.0,0.0,,,ESP,0.0,MF,1,Crystal-Palace,0.4,0.8
Justin Devenny,21,0.0,0.0,0.0,0.0,,,NIR,0.0,"FW,MF",1,Crystal-Palace,0.1,0.0
Eberechi Eze,27,0.0,0.0,0.0,0.0,,,ENG,0.0,MF,1,Crystal-Palace,0.0,0.2
Romain Esse,20,0.0,0.0,0.0,0.0,,,ENG,0.0,FW,0,Crystal-Palace,0.0,0.0
Christantus Uche,22,0.0,0.0,0.0,0.0,,,NGA,0.0,MF,0,Crystal-Palace,0.0,0.0
Nathaniel Clyne,34,0.0,0.0,0.0,0.0,,,ENG,0.0,DF,0,Crystal-Palace,0.0,0.0
Odsonne Édouard,27,0.0,0.0,0.0,0.0,,,FRA,0.0,FW,0,Crystal-Palace,0.0,0.0
Walter Benítez,32,,,,,,,ARG,,GK,0,Crystal-Palace,,
Jaydee Canvot,19,,,,,,,FRA,,MF,0,Crystal-Palace,,
Rio Cardines,19,,,,,,,TRI,,MF,0,Crystal-Palace,,
Remi Matthews,31,,,,,,,ENG,,GK,0,Crystal-Palace,,
Jesurun Rak Sakyi,22,,,,,,,ENG,,"FW,MF",0,Crystal-Palace,,
Kaden Rodney,20,,,,,,,ENG,,"DF,MF",0,Crystal-Palace,,
Borna Sosa,27,,,,,,,CRO,,"DF,MF",0,Crystal-Palace,,
Dan Burn,33,0.0,0.0,1.0,0.0,,,ENG,0.0,DF,4,Newcastle-United,0.0,0.1
Bruno Guimarães,27,0.0,0.0,2.0,1.0,,,BRA,0.0,MF,4,Newcastle-United,0.1,0.2
Valentino Livramento,22,1.0,0.0,0.0,0.0,,,ENG,0.0,DF,4,Newcastle-United,0.2,0.0
Nick Pope,33,0.0,0.0,1.0,0.0,,,ENG,0.0,GK,4,Newcastle-United,0.0,0.0
Fabian Schär,33,0.0,0.0,0.0,0.0,,,SUI,0.0,DF,4,Newcastle-United,0.1,0.1
Sandro Tonali,25,0.0,0.0,0.0,0.0,,,ITA,0.0,MF,4,Newcastle-United,0.6,0.2
Kieran Trippier,34,0.0,0.0,0.0,0.0,,,ENG,0.0,DF,4,Newcastle-United,0.3,0.0
Harvey Barnes,27,0.0,0.0,0.0,0.0,,,ENG,0.0,FW,3,Newcastle-United,0.7,0.4
Joelinton,29,0.0,0.0,1.0,0.0,,,BRA,0.0,MF,3,Newcastle-United,0.7,0.0
Anthony Elanga,23,0.0,0.0,0.0,0.0,,,SWE,0.0,FW,2,Newcastle-United,0.3,0.6
Jacob Murphy,30,1.0,0.0,0.0,0.0,,,ENG,0.0,FW,2,Newcastle-United,0.2,0.9
Anthony Gordon,24,0.0,1.0,0.0,0.0,,,ENG,0.0,FW,2,Newcastle-United,0.1,1.1
William Osula,22,0.0,0.0,0.0,1.0,,,DEN,0.0,FW,1,Newcastle-United,0.1,0.4
Sven Botman,25,0.0,0.0,0.0,0.0,,,NED,0.0,DF,1,Newcastle-United,0.0,0.0
Nick Woltemade,23,0.0,0.0,0.0,1.0,,,GER,0.0,FW,1,Newcastle-United,0.0,0.3
Jacob Ramsey,24,0.0,0.0,0.0,0.0,,,ENG,0.0,MF,1,Newcastle-United,0.3,0.0
Lewis Miley,19,0.0,0.0,0.0,0.0,,,ENG,0.0,MF,0,Newcastle-United,0.0,0.0
Lewis Hall,21,0.0,0.0,0.0,0.0,,,ENG,0.0,DF,0,Newcastle-United,0.0,0.0
Joe Willock,26,0.0,0.0,0.0,0.0,,,ENG,0.0,MF,0,Newcastle-United,0.0,0.1
Malick Thiaw,24,0.0,0.0,0.0,0.0,,,GER,0.0,DF,0,Newcastle-United,0.0,0.0
Emil Krafth,31,,,,,,,SWE,,DF,0,Newcastle-United,,
Jamaal Lascelles,31,,,,,,,ENG,,DF,0,Newcastle-United,,
Aaron Ramsdale,27,,,,,,,ENG,,GK,0,Newcastle-United,,
Park Seungsoo,18,,,,,,,KOR,,MF,0,Newcastle-United,,
Joachim Andersen,29,0.0,0.0,0.0,0.0,,,DEN,0.0,DF,4,Fulham,0.7,0.2
Calvin Bassey,25,0.0,0.0,1.0,0.0,,,NGA,0.0,DF,4,Fulham,0.0,0.2
Bernd Leno,33,0.0,0.0,0.0,0.0,,,GER,0.0,GK,4,Fulham,0.0,0.0
Saša Lukić,29,0.0,0.0,2.0,0.0,,,SRB,0.0,MF,4,Fulham,0.6,0.5
Kenny Tete,29,0.0,0.0,0.0,0.0,,,NED,0.0,DF,4,Fulham,0.1,0.1
Sander Berge,27,0.0,0.0,1.0,0.0,,,NOR,0.0,MF,4,Fulham,0.2,0.4
Alex Iwobi,29,1.0,0.0,1.0,0.0,,,NGA,0.0,FW,4,Fulham,1.0,0.1
Joshua King,18,0.0,0.0,0.0,0.0,,,ENG,0.0,MF,4,Fulham,0.1,0.4
Rodrigo Muniz,24,0.0,0.0,1.0,1.0,,,BRA,0.0,FW,3,Fulham,0.1,0.8
Ryan Sessegnon,25,0.0,0.0,0.0,0.0,,,ENG,0.0,DF,3,Fulham,0.7,0.0
Harry Wilson,28,0.0,0.0,0.0,0.0,,,WAL,0.0,FW,2,Fulham,0.0,0.2
Timothy Castagne,29,0.0,0.0,0.0,0.0,,,BEL,0.0,"FW,DF",2,Fulham,0.1,0.4
Raúl Jiménez,34,0.0,0.0,0.0,0.0,,,MEX,0.0,FW,1,Fulham,0.0,0.4
Jorge Cuenca,25,0.0,0.0,0.0,0.0,,,ESP,0.0,DF,1,Fulham,0.0,0.0
Emile Smith Rowe,25,0.0,0.0,0.0,1.0,,,ENG,0.0,"MF,FW",0,Fulham,0.0,0.8
Adama Traoré,29,0.0,0.0,0.0,0.0,,,ESP,0.0,FW,0,Fulham,0.1,0.0
Antonee Robinson,28,0.0,0.0,0.0,0.0,,,USA,0.0,DF,0,Fulham,0.0,0.0
Tom Cairney,34,0.0,0.0,1.0,0.0,,,SCO,0.0,MF,0,Fulham,0.0,0.0
Kevin,22,0.0,0.0,0.0,0.0,,,BRA,0.0,FW,0,Fulham,0.0,0.0
Issa Diop,28,,,,,,,FRA,,DF,0,Fulham,,
Benjamin Lecomte,34,,,,,,,FRA,,GK,0,Fulham,,
Andreas Pereira,29,,,,,,,BRA,,MF,0,Fulham,,
Harrison Reed,30,,,,,,,ENG,,MF,0,Fulham,,
Nathan Collins,24,0.0,0.0,1.0,0.0,,,IRL,0.0,DF,4,Brentford,0.1,0.0
Sepp van den Berg,23,0.0,0.0,0.0,0.0,,,NED,0.0,DF,4,Brentford,0.0,0.2
Caoimhín Kelleher,26,0.0,0.0,1.0,0.0,,,IRL,0.0,GK,4,Brentford,0.0,0.0
Yehor Yarmoliuk,21,0.0,0.0,1.0,0.0,,,UKR,0.0,MF,4,Brentford,0.1,0.1
Michael Kayode,21,0.0,0.0,0.0,0.0,,,ITA,0.0,DF,4,Brentford,0.2,0.0
Thiago,24,0.0,0.0,2.0,2.0,,,BRA,1.0,FW,4,Brentford,1.1,1.2
Keane Lewis-Potter,24,0.0,0.0,0.0,0.0,,,ENG,0.0,"DF,FW",4,Brentford,0.0,0.1
Kevin Schade,23,0.0,0.0,0.0,1.0,,,GER,0.0,FW,3,Brentford,0.1,1.6
Jordan Henderson,35,1.0,0.0,0.0,0.0,,,ENG,0.0,MF,3,Brentford,0.2,0.0
Dango Ouattara,23,0.0,0.0,0.0,1.0,,,BFA,0.0,FW,2,Brentford,0.0,0.9
Mikkel Damsgaard,25,0.0,0.0,0.0,0.0,,,DEN,0.0,MF,2,Brentford,0.4,0.1
Mathias Jensen,29,0.0,0.0,0.0,0.0,,,DEN,0.0,MF,2,Brentford,0.2,0.1
Rico Henry,28,0.0,0.0,1.0,0.0,,,ENG,0.0,DF,1,Brentford,0.1,0.1
Fabio Carvalho,23,0.0,0.0,0.0,1.0,,,POR,0.0,"FW,MF",1,Brentford,0.0,0.7
Ethan Pinnock,32,0.0,0.0,1.0,0.0,,,JAM,0.0,DF,1,Brentford,0.0,0.0
Antoni Milambo,20,0.0,0.0,0.0,0.0,,,NED,0.0,MF,1,Brentford,0.0,0.0
Frank Onyeka,27,1.0,0.0,0.0,0.0,,,NGA,0.0,MF,0,Brentford,0.1,0.0
Aaron Hickey,23,0.0,0.0,1.0,0.0,,,SCO,0.0,"DF,FW",0,Brentford,0.0,0.0
Kristoffer Ajer,27,1.0,0.0,0.0,0.0,,,NOR,0.0,DF,0,Brentford,0.7,0.0
Benjamin Arthur,19,,,,,,,ENG,,DF,0,Brentford,,
Vitaly Janelt,27,,,,,,,GER,,MF,0,Brentford,,
Reiss Nelson,25,,,,,,,ENG,,"FW,MF",0,Brentford,,
Myles Peart-Harris,22,,,,,,,ENG,,MF,0,Brentford,,
Mads Roerslev,26,,,,,,,DEN,,"DF,MF",0,Brentford,,
Hákon Valdimarsson,23,,,,,,,ISL,,GK,0,Brentford,,
Lewis Dunk,33,0.0,0.0,1.0,0.0,,,ENG,0.0,DF,4,Brighton-and-Hove-Albion,0.0,0.2
Jan Paul van Hecke,25,0.0,0.0,1.0,0.0,,,NED,0.0,DF,4,Brighton-and-Hove-Albion,0.0,0.3
Bart Verbruggen,23,0.0,0.0,0.0,0.0,,,NED,0.0,GK,4,Brighton-and-Hove-Albion,0.1,0.0
Kaoru Mitoma,28,1.0,0.0,1.0,1.0,,,JPN,0.0,FW,4,Brighton-and-Hove-Albion,1.0,0.7
Yankuba Minteh,21,1.0,0.0,0.0,0.0,,,GAM,0.0,FW,4,Brighton-and-Hove-Albion,1.3,0.5
Maxim De Cuyper,24,0.0,0.0,1.0,0.0,,,BEL,0.0,DF,4,Brighton-and-Hove-Albion,0.1,0.0
Danny Welbeck,34,0.0,0.0,0.0,0.0,,,ENG,0.0,FW,3,Brighton-and-Hove-Albion,0.1,1.7
Carlos Baleba,21,0.0,0.0,1.0,0.0,,,CMR,0.0,MF,3,Brighton-and-Hove-Albion,0.0,0.0
Yasin Ayari,21,0.0,0.0,0.0,0.0,,,SWE,0.0,MF,2,Brighton-and-Hove-Albion,0.1,0.2
Joël Veltman,33,0.0,0.0,1.0,0.0,,,NED,0.0,DF,2,Brighton-and-Hove-Albion,0.0,0.0
Matt O'Riley,24,0.0,0.0,0.0,1.0,,,DEN,1.0,MF,2,Brighton-and-Hove-Albion,0.2,1.2
Mats Wieffer,25,0.0,0.0,1.0,0.0,,,NED,0.0,DF,2,Brighton-and-Hove-Albion,0.0,0.0
Georginio Rutter,23,0.0,0.0,1.0,0.0,,,FRA,0.0,"FW,MF",2,Brighton-and-Hove-Albion,0.1,0.1
Jack Hinshelwood,20,0.0,0.0,0.0,0.0,,,ENG,0.0,MF,2,Brighton-and-Hove-Albion,0.0,0.0
Diego Gómez,22,0.0,0.0,1.0,0.0,,,PAR,0.0,MF,1,Brighton-and-Hove-Albion,0.3,0.0
James Milner,39,0.0,0.0,1.0,1.0,,,ENG,1.0,MF,1,Brighton-and-Hove-Albion,0.0,0.8
Ferdi Kadioglu,25,0.0,0.0,2.0,0.0,,,TUR,0.0,"DF,FW",0,Brighton-and-Hove-Albion,0.0,0.0
Brajan Gruda,21,0.0,0.0,0.0,1.0,,,GER,0.0,"MF,FW",0,Brighton-and-Hove-Albion,0.1,1.2
Stefanos Tzimas,19,0.0,0.0,0.0,0.0,,,GRE,0.0,FW,0,Brighton-and-Hove-Albion,0.0,0.0
Diego Coppola,21,0.0,0.0,0.0,0.0,,,ITA,0.0,DF,0,Brighton-and-Hove-Albion,0.0,0.0
Olivier Boscagli,27,,,,,,,FRA,,DF,0,Brighton-and-Hove-Albion,,
Jason Steele,35,,,,,,,ENG,,GK,0,Brighton-and-Hove-Albion,,
Tom Watson,19,,,,,,,ENG,,MF,0,Brighton-and-Hove-Albion,,
Altay Bayındır,27,0.0,0.0,0.0,0.0,,,TUR,0.0,GK,4,Manchester-United,0.2,0.0
Bruno Fernandes,31,0.0,0.0,1.0,1.0,,,POR,1.0,MF,4,Manchester-United,1.2,1.9
Matthijs de Ligt,26,0.0,0.0,0.0,0.0,,,NED,0.0,DF,4,Manchester-United,0.2,0.3
Bryan Mbeumo,26,0.0,0.0,0.0,1.0,,,CMR,0.0,MF,4,Manchester-United,1.3,1.7
Luke Shaw,30,0.0,0.0,0.0,0.0,,,ENG,0.0,DF,4,Manchester-United,0.1,0.0
Leny Yoro,19,0.0,0.0,0.0,0.0,,,FRA,0.0,DF,4,Manchester-United,0.0,0.3
Patrick Dorgu,20,0.0,0.0,1.0,0.0,,,DEN,0.0,DF,3,Manchester-United,0.1,0.2
Amad Diallo,23,0.0,0.0,0.0,0.0,,,CIV,0.0,"DF,MF",3,Manchester-United,0.7,0.9
Matheus Cunha,26,0.0,0.0,0.0,0.0,,,BRA,0.0,"FW,MF",3,Manchester-United,0.2,0.8
Casemiro,33,0.0,0.0,1.0,0.0,,,BRA,0.0,MF,3,Manchester-United,0.1,0.6
Mason Mount,26,0.0,0.0,0.0,0.0,,,ENG,0.0,MF,3,Manchester-United,0.4,0.2
Diogo Dalot,26,1.0,0.0,0.0,0.0,,,POR,0.0,DF,2,Manchester-United,0.8,0.0
Benjamin Šeško,22,0.0,0.0,0.0,0.0,,,SVN,0.0,FW,1,Manchester-United,0.1,0.4
Manuel Ugarte,24,0.0,0.0,0.0,0.0,,,URU,0.0,MF,1,Manchester-United,0.0,0.0
Noussair Mazraoui,27,0.0,0.0,0.0,0.0,,,MAR,0.0,DF,1,Manchester-United,0.0,0.0
Kobbie Mainoo,20,0.0,0.0,0.0,0.0,,,ENG,0.0,MF,0,Manchester-United,0.1,0.1
Joshua Zirkzee,24,0.0,0.0,0.0,0.0,,,NED,0.0,"FW,MF",0,Manchester-United,0.0,0.6
Harry Maguire,32,0.0,0.0,0.0,0.0,,,ENG,0.0,DF,0,Manchester-United,0.0,0.1
Ayden Heaven,18,0.0,0.0,0.0,0.0,,,ENG,0.0,DF,0,Manchester-United,0.0,0.0
Tyler Fredricson,20,,,,,,,ENG,,DF,0,Manchester-United,,
Tom Heaton,39,,,,,,,ENG,,GK,0,Manchester-United,,
Senne Lammens,23,,,,,,,BEL,,GK,0,Manchester-United,,
Diego León,18,,,,,,,PAR,,DF,0,Manchester-United,,
André Onana,29,,,,,,,CMR,,GK,0,Manchester-United,,
Elliot Anderson,22,1.0,0.0,0.0,0.0,,,ENG,0.0,MF,4,Nottingham-Forest,1.1,0.4
Nikola Milenković,27,0.0,0.0,0.0,0.0,,,SRB,0.0,DF,4,Nottingham-Forest,0.0,0.1
Matz Sels,33,0.0,0.0,1.0,0.0,,,BEL,0.0,GK,4,Nottingham-Forest,0.0,0.0
Neco Williams,24,0.0,0.0,2.0,0.0,,,WAL,0.0,DF,4,Nottingham-Forest,0.3,0.0
Ibrahim Sangaré,27,0.0,0.0,0.0,0.0,,,CIV,0.0,MF,4,Nottingham-Forest,0.0,0.0
Morgan Gibbs-White,25,1.0,0.0,0.0,0.0,,,ENG,0.0,MF,4,Nottingham-Forest,0.3,0.7
Callum Hudson-Odoi,24,0.0,0.0,0.0,1.0,,,ENG,0.0,FW,4,Nottingham-Forest,0.6,0.4
Murillo,23,0.0,0.0,1.0,0.0,,,BRA,0.0,DF,4,Nottingham-Forest,0.0,0.0
Chris Wood,33,0.0,0.0,0.0,2.0,,,NZL,0.0,FW,4,Nottingham-Forest,0.2,1.6
Dan Ndoye,24,1.0,0.0,0.0,1.0,,,SUI,0.0,FW,4,Nottingham-Forest,0.4,0.1
Ola Aina,28,0.0,0.0,1.0,0.0,,,NGA,0.0,DF,3,Nottingham-Forest,0.1,0.0
Morato,24,0.0,0.0,0.0,0.0,,,BRA,0.0,DF,1,Nottingham-Forest,0.0,0.0
James Mcatee,22,0.0,0.0,0.0,0.0,,,ENG,0.0,"MF,FW",0,Nottingham-Forest,0.4,0.0
Nicolò Savona,22,0.0,0.0,0.0,0.0,,,ITA,0.0,DF,0,Nottingham-Forest,0.0,0.0
Arnaud Kalimuendo,23,0.0,0.0,0.0,0.0,,,FRA,0.0,FW,0,Nottingham-Forest,0.0,0.1
Igor Jesus,24,0.0,0.0,0.0,0.0,,,BRA,0.0,FW,0,Nottingham-Forest,0.0,0.1
Dilane Bakwa,23,0.0,0.0,0.0,0.0,,,FRA,0.0,FW,0,Nottingham-Forest,0.0,0.0
Ryan Yates,27,0.0,0.0,0.0,0.0,,,ENG,0.0,MF,0,Nottingham-Forest,0.0,0.0
Jota Silva,26,0.0,0.0,0.0,0.0,,,POR,0.0,FW,0,Nottingham-Forest,0.0,0.0
Omari Hutchinson,21,0.0,0.0,0.0,0.0,,,ENG,0.0,"FW,MF",0,Nottingham-Forest,0.0,0.2
Zach Abbott,19,,,,,,,ENG,,DF,0,Nottingham-Forest,,
Taiwo Awoniyi,28,,,,,,,NGA,,FW,0,Nottingham-Forest,,
Willy Boly,34,,,,,,,CIV,,DF,0,Nottingham-Forest,,
Jair Cunha,20,,,,,,,BRA,,DF,0,Nottingham-Forest,,
Angus Gunn,29,,,,,,,SCO,,GK,0,Nottingham-Forest,,
John,29,,,,,,,BRA,,GK,0,Nottingham-Forest,,
Douglas Luiz,27,,,,,,,BRA,,MF,0,Nottingham-Forest,,
Joe Rodon,27,0.0,0.0,0.0,0.0,,,WAL,0.0,DF,4,Leeds-United,0.0,0.0
Anton Stach,26,0.0,0.0,1.0,0.0,,,GER,0.0,MF,4,Leeds-United,0.8,0.5
Pascal Struijk,26,0.0,0.0,0.0,0.0,,,NED,0.0,DF,4,Leeds-United,0.0,0.2
Jayden Bogle,25,0.0,0.0,1.0,0.0,,,ENG,0.0,DF,4,Leeds-United,0.1,0.2
Gabriel Gudmundsson,26,0.0,0.0,1.0,0.0,,,SWE,0.0,DF,4,Leeds-United,0.3,0.2
Lucas Perri,27,0.0,0.0,0.0,0.0,,,BRA,0.0,GK,3,Leeds-United,0.0,0.0
Daniel James,27,0.0,0.0,0.0,0.0,,,WAL,0.0,FW,3,Leeds-United,0.3,0.4
Wilfried Gnonto,21,0.0,0.0,1.0,0.0,,,ITA,0.0,FW,3,Leeds-United,0.1,0.2
Sean Longstaff,27,0.0,0.0,0.0,0.0,,,ENG,0.0,MF,2,Leeds-United,0.0,0.0
Ilia Gruev,25,0.0,0.0,0.0,0.0,,,BUL,0.0,MF,2,Leeds-United,0.0,0.0
Ethan Ampadu,25,0.0,0.0,0.0,0.0,,,WAL,0.0,MF,2,Leeds-United,0.0,0.0
Ao Tanaka,27,0.0,0.0,0.0,0.0,,,JPN,0.0,MF,2,Leeds-United,0.1,0.1
Joël Piroe,26,0.0,0.0,0.0,0.0,,,NED,0.0,FW,2,Leeds-United,0.0,0.3
Brenden Aaronson,24,0.0,0.0,0.0,0.0,,,USA,0.0,FW,1,Leeds-United,0.5,0.1
Lukas Nmecha,26,0.0,0.0,0.0,1.0,,,GER,1.0,FW,1,Leeds-United,0.0,0.9
Noah Okafor,25,0.0,0.0,1.0,0.0,,,SUI,0.0,FW,1,Leeds-United,0.0,0.2
Karl Darlow,34,0.0,0.0,0.0,0.0,,,WAL,0.0,GK,1,Leeds-United,0.0,0.0
Dominic Calvert-Lewin,28,0.0,0.0,0.0,0.0,,,ENG,0.0,FW,1,Leeds-United,0.0,0.4
Jack Harrison,28,0.0,0.0,0.0,0.0,,,ENG,0.0,FW,0,Leeds-United,0.0,0.0
James Justin,27,0.0,0.0,0.0,0.0,,,ENG,0.0,DF,0,Leeds-United,0.0,0.0
Sam Byram,32,0.0,0.0,0.0,0.0,,,ENG,0.0,DF,0,Leeds-United,0.0,0.0
Jaka Bijol,26,,,,,,,SVN,,"DF,MF",0,Leeds-United,,
Sebastiaan Bornauw,26,,,,,,,BEL,,DF,0,Leeds-United,,
Illan Meslier,25,,,,,,,FRA,,GK,0,Leeds-United,,
Largie Ramazani,24,,,,,,,BEL,,"FW,MF",0,Leeds-United,,
Martin Dúbravka,36,0.0,0.0,0.0,0.0,,,SVK,0.0,GK,4,Burnley,0.0,0.0
Quilindschy Hartman,23,0.0,0.0,0.0,0.0,,,NED,0.0,DF,4,Burnley,0.1,0.1
Kyle Walker,35,0.0,0.0,1.0,0.0,,,ENG,0.0,DF,4,Burnley,0.0,0.0
Jaidon Anthony,25,1.0,0.0,1.0,2.0,,,ENG,0.0,"MF,FW",4,Burnley,0.2,1.7
Hjalmar Ekdal,26,0.0,0.0,0.0,0.0,,,SWE,0.0,DF,4,Burnley,0.0,0.0
Maxime Estève,23,0.0,0.0,0.0,0.0,,,FRA,0.0,DF,4,Burnley,0.0,0.0
Lyle Foster,25,0.0,0.0,1.0,1.0,,,RSA,0.0,FW,4,Burnley,0.4,0.7
Josh Cullen,29,1.0,0.0,0.0,1.0,,,IRL,0.0,MF,4,Burnley,0.7,0.1
Lesley Ugochukwu,21,0.0,1.0,2.0,0.0,,,FRA,0.0,MF,3,Burnley,0.0,0.1
Hannibal Mejbri,22,0.0,0.0,0.0,0.0,,,TUN,0.0,MF,3,Burnley,0.2,0.2
Josh Laurent,30,0.0,0.0,1.0,0.0,,,ENG,0.0,"MF,DF",2,Burnley,0.2,0.1
Jacob Bruun Larsen,26,1.0,0.0,0.0,0.0,,,DEN,0.0,"FW,MF",2,Burnley,0.6,0.1
Loum Tchaouna,22,0.0,0.0,1.0,0.0,,,FRA,0.0,MF,1,Burnley,0.1,0.2
Oliver Sonne,24,0.0,0.0,0.0,0.0,,,PER,0.0,"DF,FW",1,Burnley,0.0,0.0
Florentino Luís,26,0.0,0.0,0.0,0.0,,,POR,0.0,MF,0,Burnley,0.0,0.0
Zian Flemming,27,0.0,0.0,0.0,0.0,,,NED,0.0,FW,0,Burnley,0.1,0.0
Joe Worrall,28,0.0,0.0,0.0,0.0,,,ENG,0.0,DF,0,Burnley,0.0,0.0
Marcus Edwards,26,0.0,0.0,0.0,0.0,,,ENG,0.0,FW,0,Burnley,0.0,0.0
Armando Broja,24,0.0,0.0,0.0,0.0,,,ALB,0.0,FW,0,Burnley,0.0,0.0
Bashir Humphreys,22,,,,,,,ENG,,DF,0,Burnley,,
Lucas,24,,,,,,,BRA,,DF,0,Burnley,,
Aaron Ramsey,22,,,,,,,ENG,,MF,0,Burnley,,
Max Weiß,21,,,,,,,GER,,GK,0,Burnley,,
Jarrod Bowen,28,0.0,0.0,0.0,1.0,,,ENG,0.0,FW,4,West-Ham-United,0.8,0.5
El Hadji Malick Diouf,20,2.0,0.0,0.0,0.0,,,SEN,0.0,DF,4,West-Ham-United,0.5,0.2
Mads Hermansen,25,0.0,0.0,0.0,0.0,,,DEN,0.0,GK,4,West-Ham-United,0.0,0.0
Max Kilman,28,0.0,0.0,1.0,0.0,,,ENG,0.0,DF,4,West-Ham-United,0.0,0.4
Lucas Paquetá,28,0.0,0.0,0.0,2.0,,,BRA,1.0,"MF,FW",4,West-Ham-United,0.1,1.4
James Ward-Prowse,30,0.0,0.0,0.0,0.0,,,ENG,0.0,MF,4,West-Ham-United,0.7,0.1
Tomáš Souček,30,0.0,1.0,0.0,0.0,,,CZE,0.0,MF,3,West-Ham-United,0.0,0.2
Niclas Füllkrug,32,0.0,0.0,0.0,0.0,,,GER,0.0,FW,3,West-Ham-United,0.2,0.3
Kyle Walker-Peters,28,0.0,0.0,0.0,0.0,,,ENG,0.0,DF,2,West-Ham-United,0.0,0.0
Nayef Aguerd,29,0.0,0.0,0.0,0.0,,,MAR,0.0,DF,2,West-Ham-United,0.0,0.1
Konstantinos Mavropanos,27,0.0,0.0,0.0,0.0,,,GRE,0.0,DF,2,West-Ham-United,0.0,0.1
Aaron Wan-Bissaka,27,0.0,0.0,0.0,0.0,,,COD,0.0,DF,2,West-Ham-United,0.1,0.0
Mateus Fernandes,21,0.0,0.0,0.0,0.0,,,POR,0.0,"FW,MF",2,West-Ham-United,0.5,0.0
Jean-Clair Todibo,25,0.0,0.0,0.0,0.0,,,FRA,0.0,DF,2,West-Ham-United,0.0,0.0
Guido Rodríguez,31,0.0,0.0,0.0,0.0,,,ARG,0.0,MF,1,West-Ham-United,0.0,0.0
Crysencio Summerville,23,1.0,0.0,0.0,0.0,,,NED,0.0,FW,1,West-Ham-United,0.1,0.0
Callum Wilson,33,0.0,0.0,0.0,1.0,,,ENG,0.0,FW,0,West-Ham-United,0.0,1.1
Freddie Potts,22,0.0,0.0,0.0,0.0,,,ENG,0.0,MF,0,West-Ham-United,0.0,0.0
Luis Guilherme,19,0.0,0.0,0.0,0.0,,,BRA,0.0,FW,0,West-Ham-United,0.0,0.0
Soungoutou Magassa,21,0.0,0.0,0.0,0.0,,,FRA,0.0,MF,0,West-Ham-United,0.0,0.0
Andy Irving,25,0.0,0.0,0.0,0.0,,,SCO,0.0,MF,0,West-Ham-United,0.0,0.0
Edson Álvarez,27,,,,,,,MEX,,"DF,MF",0,West-Ham-United,,
Alphonse Areola,32,,,,,,,FRA,,GK,0,West-Ham-United,,
Łukasz Fabiański,40,,,,,,,POL,,GK,0,West-Ham-United,,
Igor,27,,,,,,,BRA,,DF,0,West-Ham-United,,
Callum Marshall,20,,,,,,,NIR,,FW,0,West-Ham-United,,
Oliver Scarles,19,,,,,,,ENG,,MF,0,West-Ham-United,,
Tyrone Mings,32,0.0,0.0,0.0,0.0,,,ENG,0.0,DF,4,Aston-Villa,0.1,0.3
Morgan Rogers,23,0.0,0.0,0.0,0.0,,,ENG,0.0,"FW,MF",4,Aston-Villa,0.3,0.2
Ollie Watkins,29,0.0,0.0,0.0,0.0,,,ENG,0.0,FW,4,Aston-Villa,0.4,1.1
Matty Cash,28,0.0,0.0,2.0,0.0,,,POL,0.0,DF,4,Aston-Villa,0.4,0.0
John McGinn,30,0.0,0.0,0.0,0.0,,,SCO,0.0,"FW,MF",4,Aston-Villa,0.7,0.0
Youri Tielemans,28,0.0,0.0,0.0,0.0,,,BEL,0.0,MF,4,Aston-Villa,0.2,0.1
Lucas Digne,32,0.0,0.0,1.0,0.0,,,FRA,0.0,DF,3,Aston-Villa,0.0,0.1
Ezri Konsa,27,0.0,1.0,0.0,0.0,,,ENG,0.0,DF,3,Aston-Villa,0.0,0.0
Marco Bizot,34,0.0,0.0,1.0,0.0,,,NED,0.0,GK,2,Aston-Villa,0.0,0.0
Emiliano Martínez,33,0.0,0.0,0.0,0.0,,,ARG,0.0,GK,2,Aston-Villa,0.0,0.0
Amadou Onana,24,0.0,0.0,1.0,0.0,,,BEL,0.0,MF,2,Aston-Villa,0.0,0.2
Boubacar Kamara,25,0.0,0.0,1.0,0.0,,,FRA,0.0,"MF,DF",2,Aston-Villa,0.0,0.1
Emi Buendía,28,0.0,0.0,1.0,0.0,,,ARG,0.0,"MF,FW",1,Aston-Villa,0.3,0.3
Donyell Malen,26,0.0,0.0,0.0,0.0,,,NED,0.0,"FW,MF",1,Aston-Villa,0.0,0.2
Ian Maatsen,23,0.0,0.0,0.0,0.0,,,NED,0.0,DF,1,Aston-Villa,0.2,0.1
Pau Torres,28,0.0,0.0,0.0,0.0,,,ESP,0.0,DF,1,Aston-Villa,0.0,0.1
Evann Guessand,24,0.0,0.0,0.0,0.0,,,CIV,0.0,"FW,MF",1,Aston-Villa,0.0,0.1
Lamare Bogarde,21,0.0,0.0,1.0,0.0,,,NED,0.0,MF,1,Aston-Villa,0.0,0.0
Harvey Elliott,22,0.0,0.0,0.0,0.0,,,ENG,0.0,"MF,FW",0,Aston-Villa,0.0,0.0
Bradley Paul Burrowes,17,0.0,0.0,0.0,0.0,,,ENG,0.0,DF,0,Aston-Villa,0.0,0.0
Victor Lindelöf,31,0.0,0.0,0.0,0.0,,,SWE,0.0,MF,0,Aston-Villa,0.0,0.0
Samuel Iling-Junior,21,,,,,,,ENG,,DF,0,Aston-Villa,,
Jamaldeen Jimoh,18,,,,,,,ENG,,MF,0,Aston-Villa,,
Travis Patterson,19,,,,,,,ENG,,DF,0,Aston-Villa,,
Sam Proctor,18,,,,,,,ENG,,GK,0,Aston-Villa,,
Triston Rowe,19,,,,,,,ENG,,DF,0,Aston-Villa,,
Jadon Sancho,25,,,,,,,ENG,,"FW,MF",0,Aston-Villa,,
James Wright,20,,,,,,,ENG,,GK,0,Aston-Villa,,
Emmanuel Agbadou,28,0.0,0.0,0.0,0.0,,,CIV,0.0,DF,4,Wolverhampton-Wanderers,0.0,0.2
João Gomes,24,0.0,0.0,2.0,0.0,,,BRA,0.0,MF,4,Wolverhampton-Wanderers,0.1,0.0
Toti Gomes,26,0.0,1.0,1.0,0.0,,,POR,0.0,DF,4,Wolverhampton-Wanderers,0.0,0.0
Marshall Munetsi,29,1.0,0.0,1.0,0.0,,,ZIM,0.0,FW,3,Wolverhampton-Wanderers,0.4,0.1
José Sá,32,0.0,0.0,0.0,0.0,,,POR,0.0,GK,3,Wolverhampton-Wanderers,0.1,0.0
André,24,0.0,0.0,1.0,0.0,,,BRA,0.0,MF,3,Wolverhampton-Wanderers,0.0,0.0
Hugo Bueno,22,0.0,0.0,1.0,0.0,,,ESP,0.0,"MF,DF",2,Wolverhampton-Wanderers,0.3,0.1
Matt Doherty,33,0.0,0.0,2.0,0.0,,,IRL,0.0,DF,2,Wolverhampton-Wanderers,0.0,0.0
Hwang Hee-chan,29,0.0,0.0,0.0,1.0,,,KOR,0.0,FW,2,Wolverhampton-Wanderers,0.0,0.6
Jean-Ricner Bellegarde,27,0.0,0.0,0.0,0.0,,,HAI,0.0,"FW,MF",2,Wolverhampton-Wanderers,0.1,0.1
Jhon Arias,27,0.0,0.0,0.0,0.0,,,COL,0.0,FW,2,Wolverhampton-Wanderers,0.1,0.2
Jørgen Strand Larsen,25,0.0,0.0,0.0,0.0,,,NOR,0.0,FW,2,Wolverhampton-Wanderers,0.0,0.5
David Møller Wolfe,23,1.0,0.0,0.0,0.0,,,NOR,0.0,MF,2,Wolverhampton-Wanderers,0.3,0.0
Ki-Jana Hoever,23,0.0,0.0,0.0,0.0,,,NED,0.0,MF,2,Wolverhampton-Wanderers,0.2,0.0
Jackson Tchatchoua,24,0.0,0.0,0.0,0.0,,,CMR,0.0,"MF,DF",1,Wolverhampton-Wanderers,0.0,0.0
Santiago Bueno,26,0.0,0.0,0.0,0.0,,,URU,0.0,DF,1,Wolverhampton-Wanderers,0.0,0.0
Rodrigo Gomes,22,0.0,0.0,0.0,1.0,,,POR,0.0,"DF,MF",1,Wolverhampton-Wanderers,0.0,0.6
Sam Johnstone,32,0.0,0.0,0.0,0.0,,,ENG,0.0,GK,1,Wolverhampton-Wanderers,0.0,0.0
Ladislav Krejčí,26,0.0,0.0,1.0,0.0,,,CZE,0.0,"MF,DF",1,Wolverhampton-Wanderers,0.1,0.0
Tolu Arokodare,24,0.0,0.0,0.0,0.0,,,NGA,0.0,FW,1,Wolverhampton-Wanderers,0.0,0.0
Yerson Mosquera,24,0.0,0.0,0.0,0.0,,,COL,0.0,DF,1,Wolverhampton-Wanderers,0.0,0.0
Fer López,21,0.0,0.0,0.0,0.0,,,ESP,0.0,"MF,FW",0,Wolverhampton-Wanderers,0.0,0.1
Sasa Kalajdzic,28,0.0,0.0,0.0,0.0,,,AUT,0.0,FW,0,Wolverhampton-Wanderers,0.0,0.0
Daniel Bentley,32,,,,,,,ENG,,GK,0,Wolverhampton-Wanderers,,
