player_name,nation,position,age,starts,minutes_played,goals,assists,penalties_scored,yellow_cards,red_cards,expected_goals,expected_assists,team_name
Alisson,BRA,GK,32.0,4,,0.0,0.0,0.0,0.0,0.0,0.0,0.0,Liverpool
Dominik Szoboszlai,HUN,"DF,MF",24.0,4,,1.0,0.0,0.0,0.0,0.0,0.4,0.2,Liverpool
Virgil van Dijk,NED,DF,34.0,4,,0.0,0.0,0.0,0.0,0.0,0.2,0.0,Liverpool
Cody Gakpo,NED,"FW,MF",26.0,4,,1.0,2.0,0.0,0.0,0.0,0.5,1.4,Liverpool
Mohamed Salah,EGY,"FW,MF",33.0,4,,2.0,1.0,1.0,0.0,0.0,1.1,0.5,Liverpool
Ibrahima Konaté,FRA,DF,26.0,4,,0.0,0.0,0.0,1.0,0.0,0.5,0.2,Liverpool
Florian Wirtz,GER,MF,22.0,4,,0.0,0.0,0.0,0.0,0.0,0.5,0.6,Liverpool
Hugo Ekitike,FRA,FW,23.0,4,,2.0,1.0,0.0,0.0,0.0,1.5,0.3,Liverpool
Milos Kerkez,HUN,DF,21.0,4,,0.0,0.0,0.0,2.0,0.0,0.2,0.0,Liverpool
Ryan Gravenberch,NED,MF,23.0,3,,1.0,0.0,0.0,2.0,0.0,0.2,0.3,Liverpool
Alexis Mac Allister,ARG,MF,26.0,3,,0.0,1.0,0.0,0.0,0.0,0.1,0.7,Liverpool
Curtis Jones,ENG,MF,24.0,1,,0.0,0.0,0.0,0.0,0.0,0.0,0.1,Liverpool
Jeremie Frimpong,NED,DF,24.0,1,,0.0,0.0,0.0,0.0,0.0,0.1,0.0,Liverpool
Andrew Robertson,SCO,DF,31.0,0,,0.0,0.0,0.0,0.0,0.0,0.1,0.3,Liverpool
Conor Bradley,NIR,DF,22.0,0,,0.0,0.0,0.0,2.0,0.0,0.0,0.0,Liverpool
Federico Chiesa,ITA,FW,27.0,0,,1.0,0.0,0.0,0.0,0.0,0.4,0.0,Liverpool
Wataru Endo,JPN,"MF,DF",32.0,0,,0.0,1.0,0.0,1.0,0.0,0.0,0.1,Liverpool
Joe Gomez,ENG,DF,28.0,0,,0.0,0.0,0.0,0.0,0.0,0.0,0.0,Liverpool
Rio Ngumoha,ENG,"MF,FW",17.0,0,,1.0,0.0,0.0,0.0,0.0,0.4,0.1,Liverpool
Harvey Elliott,ENG,"MF,FW",22.0,0,,0.0,0.0,0.0,0.0,0.0,0.0,0.0,Liverpool
Giovanni Leoni,ITA,DF,18.0,0,,,,,,,,,Liverpool
Giorgi Mamardashvili,GEO,GK,24.0,0,,,,,,,,,Liverpool
Trey Nyoni,ENG,MF,18.0,0,,,,,,,,,Liverpool
Gabriel Magalhães,BRA,DF,27.0,4,,0.0,0.0,0.0,0.0,0.0,0.3,0.0,Arsenal
David Raya,ESP,GK,30.0,4,,0.0,0.0,0.0,1.0,0.0,0.0,0.1,Arsenal
Martín Zubimendi,ESP,MF,26.0,4,,2.0,0.0,0.0,1.0,0.0,0.2,0.0,Arsenal
Viktor Gyökeres,SWE,FW,27.0,4,,3.0,0.0,1.0,1.0,0.0,2.1,0.1,Arsenal
Riccardo Calafiori,ITA,DF,23.0,4,,1.0,2.0,0.0,2.0,0.0,1.4,0.5,Arsenal
Declan Rice,ENG,MF,26.0,3,,0.0,1.0,0.0,0.0,0.0,0.1,0.5,Arsenal
Jurriën Timber,NED,DF,24.0,3,,2.0,1.0,0.0,1.0,0.0,1.1,0.2,Arsenal
Noni Madueke,ENG,FW,23.0,3,,0.0,0.0,0.0,0.0,0.0,0.1,0.8,Arsenal
William Saliba,FRA,DF,24.0,3,,0.0,0.0,0.0,0.0,0.0,0.0,0.0,Arsenal
Martin Ødegaard,NOR,MF,26.0,3,,0.0,0.0,0.0,0.0,0.0,0.1,0.1,Arsenal
Mikel Merino,ESP,"MF,FW",29.0,2,,0.0,0.0,0.0,0.0,0.0,0.1,0.1,Arsenal
Bukayo Saka,ENG,FW,24.0,2,,1.0,0.0,0.0,0.0,0.0,0.3,0.1,Arsenal
Gabriel Martinelli,BRA,FW,24.0,2,,0.0,0.0,0.0,0.0,0.0,0.0,0.0,Arsenal
Cristhian Mosquera,ESP,DF,21.0,1,,0.0,0.0,0.0,0.0,0.0,0.0,0.0,Arsenal
Eberechi Eze,ENG,FW,27.0,1,,0.0,1.0,0.0,0.0,0.0,0.1,0.5,Arsenal
Ben White,ENG,DF,27.0,1,,0.0,0.0,0.0,0.0,0.0,0.0,0.0,Arsenal
Ethan Nwaneri,ENG,MF,18.0,0,,0.0,0.0,0.0,0.0,0.0,0.2,0.0,Arsenal
Myles Lewis-Skelly,ENG,DF,18.0,0,,0.0,0.0,0.0,1.0,0.0,0.0,0.0,Arsenal
Leandro Trossard,BEL,FW,30.0,0,,0.0,1.0,0.0,0.0,0.0,0.1,0.1,Arsenal
Kai Havertz,GER,FW,26.0,0,,0.0,0.0,0.0,0.0,0.0,0.0,0.0,Arsenal
Max Dowman,ENG,FW,15.0,0,,0.0,0.0,0.0,0.0,0.0,0.1,0.0,Arsenal
Andre Annous,ENG,FW,17.0,0,,,,,,,,,Arsenal
Kepa Arrizabalaga,ESP,GK,30.0,0,,,,,,,,,Arsenal
Piero Hincapié,ECU,DF,23.0,0,,,,,,,,,Arsenal
Jakub Kiwior,POL,"DF,MF",25.0,0,,,,,,,,,Arsenal
Cristian Romero,ARG,DF,27.0,4,,0.0,1.0,0.0,1.0,0.0,0.1,0.2,Tottenham-Hotspur
Guglielmo Vicario,ITA,GK,28.0,4,,0.0,0.0,0.0,0.0,0.0,0.0,0.0,Tottenham-Hotspur
Mohammed Kudus,GHA,"FW,MF",25.0,4,,0.0,2.0,0.0,0.0,0.0,0.5,1.1,Tottenham-Hotspur
Micky van de Ven,NED,DF,24.0,4,,1.0,0.0,0.0,1.0,0.0,0.7,0.1,Tottenham-Hotspur
Pape Matar Sarr,SEN,MF,23.0,4,,1.0,1.0,0.0,0.0,0.0,0.3,0.4,Tottenham-Hotspur
Pedro Porro,ESP,DF,26.0,4,,0.0,0.0,0.0,1.0,0.0,0.1,0.6,Tottenham-Hotspur
Djed Spence,ENG,DF,25.0,4,,0.0,0.0,0.0,2.0,0.0,0.2,0.0,Tottenham-Hotspur
Richarlison,BRA,FW,28.0,3,,2.0,1.0,0.0,1.0,0.0,0.8,0.7,Tottenham-Hotspur
João Palhinha,POR,MF,30.0,3,,1.0,0.0,0.0,0.0,0.0,0.4,0.0,Tottenham-Hotspur
Brennan Johnson,WAL,FW,24.0,3,,2.0,0.0,0.0,1.0,0.0,0.9,0.2,Tottenham-Hotspur
Rodrigo Bentancur,URU,MF,28.0,2,,0.0,0.0,0.0,0.0,0.0,0.0,0.0,Tottenham-Hotspur
Lucas Bergvall,SWE,MF,19.0,2,,1.0,1.0,0.0,0.0,0.0,0.3,0.3,Tottenham-Hotspur
Mathys Tel,FRA,FW,20.0,1,,0.0,0.0,0.0,0.0,0.0,0.1,0.0,Tottenham-Hotspur
Archie Gray,ENG,MF,19.0,1,,0.0,0.0,0.0,0.0,0.0,0.0,0.0,Tottenham-Hotspur
Xavi Simons,NED,FW,22.0,1,,0.0,1.0,0.0,0.0,0.0,0.0,0.1,Tottenham-Hotspur
Wilson Odobert,FRA,"FW,MF",20.0,0,,0.0,0.0,0.0,0.0,0.0,0.3,0.1,Tottenham-Hotspur
Destiny Udogie,ITA,DF,22.0,0,,0.0,0.0,0.0,0.0,0.0,0.0,0.0,Tottenham-Hotspur
Dominic Solanke,ENG,FW,28.0,0,,0.0,0.0,0.0,0.0,0.0,0.2,0.0,Tottenham-Hotspur
Kevin Danso,AUT,DF,26.0,0,,0.0,0.0,0.0,0.0,0.0,0.0,0.0,Tottenham-Hotspur
Ben Davies,WAL,"DF,MF",32.0,0,,,,,,,,,Tottenham-Hotspur
Antonín Kinský,CZE,GK,22.0,0,,,,,,,,,Tottenham-Hotspur
Randal Kolo Muani,FRA,"FW,MF",26.0,0,,,,,,,,,Tottenham-Hotspur
Manor Solomon,ISR,"FW,MF",26.0,0,,,,,,,,,Tottenham-Hotspur
Luka Vušković,CRO,DF,18.0,0,,,,,,,,,Tottenham-Hotspur
Đorđe Petrović,SRB,GK,25.0,4,,0.0,0.0,0.0,1.0,0.0,0.0,0.0,Bournemouth
Antoine Semenyo,GHA,"FW,MF",25.0,4,,3.0,2.0,1.0,1.0,0.0,2.7,0.4,Bournemouth
Marcos Senesi,ARG,DF,28.0,4,,0.0,1.0,0.0,1.0,0.0,0.1,0.2,Bournemouth
Adrien Truffert,FRA,DF,23.0,4,,0.0,0.0,0.0,0.0,0.0,0.0,0.5,Bournemouth
Tyler Adams,USA,MF,26.0,4,,0.0,0.0,0.0,3.0,0.0,0.1,0.0,Bournemouth
Evanilson,BRA,FW,25.0,4,,1.0,0.0,0.0,1.0,0.0,0.9,0.5,Bournemouth
Marcus Tavernier,ENG,MF,26.0,4,,1.0,0.0,0.0,0.0,0.0,0.9,0.3,Bournemouth
David Brooks,WAL,"MF,FW",28.0,4,,0.0,1.0,0.0,2.0,0.0,0.8,1.4,Bournemouth
Alex Scott,ENG,MF,22.0,4,,1.0,0.0,0.0,1.0,0.0,0.2,0.3,Bournemouth
Bafodé Diakité,FRA,DF,24.0,3,,0.0,0.0,0.0,0.0,0.0,0.0,0.0,Bournemouth
Adam Smith,ENG,DF,34.0,3,,0.0,0.0,0.0,0.0,0.0,0.0,0.3,Bournemouth
James Hill,ENG,DF,23.0,1,,0.0,0.0,0.0,1.0,0.0,0.1,0.0,Bournemouth
Veljko Milosavljević,SRB,DF,18.0,1,,0.0,0.0,0.0,0.0,0.0,0.0,0.1,Bournemouth
Amine Adli,MAR,"MF,FW",25.0,0,,0.0,0.0,0.0,0.0,0.0,0.0,0.1,Bournemouth
Ryan Christie,SCO,MF,30.0,0,,0.0,0.0,0.0,0.0,0.0,0.1,0.0,Bournemouth
Justin Kluivert,NED,"MF,FW",26.0,0,,0.0,0.0,0.0,0.0,0.0,0.2,0.2,Bournemouth
Hamed Junior Traorè,CIV,MF,25.0,0,,0.0,1.0,0.0,0.0,0.0,0.0,0.2,Bournemouth
Eli Junior Kroupi,FRA,"FW,MF",19.0,0,,0.0,0.0,0.0,0.0,0.0,0.0,0.0,Bournemouth
Ben Winterburn,ENG,MF,21.0,0,,0.0,0.0,0.0,0.0,0.0,0.0,0.0,Bournemouth
Lewis Cook,ENG,MF,28.0,0,,0.0,0.0,0.0,0.0,0.0,0.0,0.0,Bournemouth
Álex Jiménez,ESP,DF,20.0,0,,0.0,0.0,0.0,1.0,0.0,0.0,0.0,Bournemouth
Julio Soler,ARG,FW,20.0,0,,0.0,0.0,0.0,0.0,0.0,0.0,0.0,Bournemouth
Julian Araujo,MEX,DF,24.0,0,,,,,,,,,Bournemouth
Philip Billing,DEN,MF,29.0,0,,,,,,,,,Bournemouth
Will Dennis,ENG,GK,25.0,0,,,,,,,,,Bournemouth
Ben Doak,SCO,"FW,MF",19.0,0,,,,,,,,,Bournemouth
Romain Faivre,FRA,"FW,MF",27.0,0,,,,,,,,,Bournemouth
Remy Rees-Dottin,ENG,FW,19.0,0,,,,,,,,,Bournemouth
Moisés Caicedo,ECU,MF,23.0,4,,2.0,0.0,0.0,1.0,0.0,0.4,0.0,Chelsea
Robert Sánchez,ESP,GK,27.0,4,,0.0,0.0,0.0,0.0,0.0,0.0,0.0,Chelsea
Pedro Neto,POR,FW,25.0,4,,1.0,0.0,0.0,0.0,0.0,0.5,0.9,Chelsea
Enzo Fernández,ARG,MF,24.0,4,,2.0,1.0,1.0,0.0,0.0,1.9,0.7,Chelsea
Trevoh Chalobah,ENG,DF,26.0,4,,1.0,0.0,0.0,0.0,0.0,0.6,0.0,Chelsea
João Pedro,BRA,"FW,MF",23.0,4,,2.0,3.0,0.0,0.0,0.0,1.5,1.2,Chelsea
Marc Cucurella,ESP,DF,27.0,3,,0.0,1.0,0.0,0.0,0.0,0.2,0.8,Chelsea
Tosin Adarabioyo,ENG,DF,27.0,3,,0.0,0.0,0.0,0.0,0.0,0.0,0.0,Chelsea
Estêvão Willian,BRA,FW,18.0,2,,0.0,1.0,0.0,1.0,0.0,1.0,0.9,Chelsea
Malo Gusto,FRA,DF,22.0,2,,0.0,0.0,0.0,0.0,0.0,0.0,0.0,Chelsea
Jamie Gittens,ENG,FW,21.0,2,,0.0,0.0,0.0,0.0,0.0,0.1,0.1,Chelsea
Liam Delap,ENG,FW,22.0,2,,0.0,0.0,0.0,0.0,0.0,0.2,0.0,Chelsea
Reece James,ENG,DF,25.0,1,,0.0,0.0,0.0,1.0,0.0,0.1,0.5,Chelsea
Cole Palmer,ENG,MF,23.0,1,,1.0,0.0,0.0,0.0,0.0,0.8,0.0,Chelsea
Joshua Acheampong,ENG,DF,19.0,1,,0.0,0.0,0.0,0.0,0.0,0.1,0.0,Chelsea
Wesley Fofana,FRA,DF,24.0,1,,0.0,0.0,0.0,0.0,0.0,0.0,0.0,Chelsea
Jorrel Hato,NED,DF,19.0,1,,0.0,0.0,0.0,2.0,0.0,0.0,0.0,Chelsea
Facundo Buonanotte,ARG,MF,20.0,1,,0.0,0.0,0.0,0.0,0.0,0.0,0.3,Chelsea
Tyrique George,ENG,FW,19.0,0,,0.0,0.0,0.0,1.0,0.0,0.2,0.0,Chelsea
Andrey Santos,BRA,MF,21.0,0,,0.0,0.0,0.0,1.0,0.0,0.3,0.1,Chelsea
Alejandro Garnacho,ARG,FW,21.0,0,,0.0,0.0,0.0,0.0,0.0,0.0,0.1,Chelsea
Dario Essugo,POR,MF,20.0,0,,,,,,,,,Chelsea
Filip Jørgensen,DEN,GK,23.0,0,,,,,,,,,Chelsea
Gaga Slonina,USA,GK,21.0,0,,,,,,,,,Chelsea
Kiernan Dewsbury-Hall,ENG,MF,27.0,4,,1.0,1.0,0.0,3.0,0.0,0.1,1.6,Everton
James Garner,ENG,"DF,MF",24.0,4,,1.0,0.0,0.0,1.0,0.0,0.2,0.7,Everton
Michael Keane,ENG,DF,32.0,4,,0.0,0.0,0.0,0.0,0.0,0.5,0.1,Everton
Jake O'Brien,IRL,DF,24.0,4,,0.0,0.0,0.0,0.0,0.0,0.3,0.0,Everton
Jordan Pickford,ENG,GK,31.0,4,,0.0,0.0,0.0,0.0,0.0,0.0,0.0,Everton
James Tarkowski,ENG,DF,32.0,4,,0.0,0.0,0.0,0.0,0.0,0.4,0.1,Everton
Idrissa Gana Gueye,SEN,MF,35.0,4,,0.0,0.0,0.0,0.0,0.0,0.4,0.1,Everton
Iliman Ndiaye,SEN,FW,25.0,4,,2.0,0.0,0.0,0.0,0.0,1.3,0.5,Everton
Jack Grealish,ENG,FW,30.0,3,,0.0,4.0,0.0,1.0,0.0,0.4,2.0,Everton
Beto,GNB,FW,27.0,3,,1.0,0.0,0.0,1.0,0.0,1.8,0.2,Everton
Tim Iroegbunam,ENG,MF,22.0,3,,0.0,0.0,0.0,3.0,0.0,0.2,0.0,Everton
Carlos Alcaraz,ARG,"FW,MF",22.0,1,,0.0,0.0,0.0,1.0,0.0,0.0,0.0,Everton
Thierno Barry,FRA,"FW,MF",22.0,1,,0.0,0.0,0.0,0.0,0.0,0.5,0.0,Everton
Vitaliy Mykolenko,UKR,DF,26.0,1,,0.0,0.0,0.0,0.0,0.0,0.0,0.0,Everton
Merlin Röhl,GER,MF,23.0,0,,0.0,0.0,0.0,0.0,0.0,0.0,0.1,Everton
Dwight McNeil,ENG,FW,25.0,0,,0.0,0.0,0.0,0.0,0.0,0.2,0.1,Everton
Harrison Armstrong,ENG,FW,18.0,0,,0.0,0.0,0.0,0.0,0.0,0.0,0.0,Everton
Séamus Coleman,IRL,FW,36.0,0,,0.0,0.0,0.0,0.0,0.0,0.0,0.0,Everton
Adam Aznou,MAR,DF,19.0,0,,,,,,,,,Everton
Elijah Campbell,ENG,DF,21.0,0,,,,,,,,,Everton
Youssef Chermiti,POR,FW,21.0,0,,,,,,,,,Everton
Tyler Dibling,ENG,MF,19.0,0,,,,,,,,,Everton
Tyler Onyango,ENG,MF,22.0,0,,,,,,,,,Everton
Nathan Patterson,SCO,DF,23.0,0,,,,,,,,,Everton
Mark Travers,IRL,GK,26.0,0,,,,,,,,,Everton
Harry Tyrer,ENG,GK,23.0,0,,,,,,,,,Everton
Trai Hume,NIR,DF,23.0,4,,0.0,0.0,0.0,0.0,0.0,0.1,0.2,Sunderland
Reinildo Mandava,MOZ,DF,31.0,4,,0.0,0.0,0.0,1.0,0.0,0.0,0.0,Sunderland
Robin Roefs,NED,GK,22.0,4,,0.0,0.0,0.0,1.0,0.0,0.0,0.0,Sunderland
Granit Xhaka,SUI,MF,32.0,4,,0.0,1.0,0.0,1.0,0.0,0.1,0.3,Sunderland
Noah Sadiki,COD,MF,20.0,4,,0.0,0.0,0.0,0.0,0.0,0.1,0.1,Sunderland
Habib Diarra,SEN,MF,21.0,4,,0.0,0.0,0.0,1.0,0.0,0.6,0.0,Sunderland
Chemsdine Talbi,MAR,FW,20.0,4,,0.0,1.0,0.0,0.0,0.0,0.5,0.1,Sunderland
Omar Alderete,PAR,DF,28.0,3,,0.0,1.0,0.0,0.0,0.0,0.1,0.0,Sunderland
Simon Adingra,CIV,FW,23.0,3,,0.0,0.0,0.0,1.0,0.0,0.1,0.5,Sunderland
Eliezer Mayenda,ESP,FW,20.0,3,,1.0,0.0,0.0,0.0,0.0,0.4,0.3,Sunderland
Nordi Mukiele,FRA,DF,27.0,2,,0.0,0.0,0.0,0.0,0.0,0.1,0.1,Sunderland
Daniel Ballard,NIR,DF,25.0,2,,1.0,0.0,0.0,0.0,0.0,0.2,0.3,Sunderland
Wilson Isidor,FRA,FW,25.0,1,,2.0,0.0,0.0,0.0,0.0,0.4,0.0,Sunderland
Jenson Seelt,NED,DF,22.0,1,,0.0,0.0,0.0,0.0,0.0,0.0,0.0,Sunderland
Enzo Le Fée,FRA,"FW,MF",25.0,1,,1.0,0.0,1.0,0.0,0.0,0.8,0.2,Sunderland
Patrick Roberts,ENG,"MF,FW",28.0,0,,0.0,0.0,0.0,0.0,0.0,0.0,0.0,Sunderland
Brian Brobbey,NED,FW,23.0,0,,0.0,0.0,0.0,0.0,0.0,0.0,0.0,Sunderland
Marc Guiu,ESP,FW,19.0,0,,0.0,0.0,0.0,0.0,0.0,0.0,0.0,Sunderland
Lutsharel Geertruida,NED,MF,25.0,0,,0.0,0.0,0.0,0.0,0.0,0.0,0.0,Sunderland
Chris Rigg,ENG,FW,18.0,0,,0.0,0.0,0.0,0.0,0.0,0.0,0.0,Sunderland
Harrison Jones,ENG,MF,20.0,0,,,,,,,,,Sunderland
Arthur Masuaku,COD,"DF,MF",31.0,0,,,,,,,,,Sunderland
Dan Neil,ENG,MF,23.0,0,,,,,,,,,Sunderland
Anthony Patterson,ENG,GK,25.0,0,,,,,,,,,Sunderland
Bertrand Traoré,BFA,"FW,MF",30.0,0,,,,,,,,,Sunderland
Tijjani Reijnders,NED,MF,27.0,4,,1.0,1.0,0.0,1.0,0.0,0.7,0.3,Manchester-City
Erling Haaland,NOR,FW,25.0,4,,5.0,0.0,0.0,0.0,0.0,5.7,0.9,Manchester-City
Rúben Dias,POR,DF,28.0,3,,0.0,0.0,0.0,0.0,0.0,0.0,0.0,Manchester-City
James Trafford,ENG,GK,22.0,3,,0.0,0.0,0.0,0.0,0.0,0.0,0.0,Manchester-City
John Stones,ENG,DF,31.0,3,,0.0,0.0,0.0,0.0,0.0,0.0,0.0,Manchester-City
Bernardo Silva,POR,MF,31.0,3,,0.0,1.0,0.0,0.0,0.0,0.1,1.6,Manchester-City
Oscar Bobb,NOR,"FW,MF",22.0,3,,0.0,1.0,0.0,0.0,0.0,0.3,0.4,Manchester-City
Rayan Aït-Nouri,ALG,DF,24.0,3,,0.0,0.0,0.0,1.0,0.0,0.0,0.2,Manchester-City
Jeremy Doku,BEL,"MF,FW",23.0,2,,0.0,2.0,0.0,0.0,0.0,0.0,1.7,Manchester-City
Abdukodir Khusanov,UZB,DF,21.0,2,,0.0,0.0,0.0,1.0,0.0,0.0,0.0,Manchester-City
Rodri,ESP,MF,29.0,2,,0.0,0.0,0.0,0.0,0.0,0.1,0.1,Manchester-City
Nicolás González,ESP,MF,23.0,2,,0.0,0.0,0.0,1.0,0.0,0.1,0.0,Manchester-City
Rico Lewis,ENG,DF,20.0,2,,0.0,1.0,0.0,0.0,0.0,0.0,1.0,Manchester-City
Omar Marmoush,EGY,"FW,MF",26.0,2,,0.0,1.0,0.0,0.0,0.0,0.8,1.0,Manchester-City
Nico O’Reilly,ENG,"DF,MF",20.0,1,,0.0,0.0,0.0,1.0,0.0,0.1,0.0,Manchester-City
Matheus Nunes,POR,DF,27.0,1,,0.0,0.0,0.0,0.0,0.0,0.0,0.0,Manchester-City
Phil Foden,ENG,MF,25.0,1,,1.0,0.0,0.0,0.0,0.0,0.5,0.1,Manchester-City
Gianluigi Donnarumma,ITA,GK,26.0,1,,0.0,0.0,0.0,0.0,0.0,0.0,0.0,Manchester-City
Joško Gvardiol,CRO,DF,23.0,1,,0.0,0.0,0.0,0.0,0.0,0.0,0.0,Manchester-City
Rayan Cherki,FRA,"MF,FW",22.0,1,,1.0,0.0,0.0,0.0,0.0,0.1,0.5,Manchester-City
Nathan Aké,NED,DF,30.0,0,,0.0,0.0,0.0,0.0,0.0,0.1,0.0,Manchester-City
Sávio,BRA,MF,21.0,0,,0.0,0.0,0.0,0.0,0.0,0.0,0.0,Manchester-City
Manuel Akanji,SUI,"DF,MF",30.0,0,,,,,,,,,Manchester-City
Ederson,BRA,GK,32.0,0,,,,,,,,,Manchester-City
İlkay Gündoğan,GER,MF,34.0,0,,,,,,,,,Manchester-City
Stephen Mfuni,ENG,DF,17.0,0,,,,,,,,,Manchester-City
Divine Mukasa,ENG,MF,18.0,0,,,,,,,,,Manchester-City
Stefan Ortega,GER,GK,32.0,0,,,,,,,,,Manchester-City
Marc Guéhi,ENG,DF,25.0,4,,1.0,0.0,0.0,0.0,0.0,0.2,0.0,Crystal-Palace
Dean Henderson,ENG,GK,28.0,4,,0.0,0.0,0.0,0.0,0.0,0.0,0.0,Crystal-Palace
Maxence Lacroix,FRA,DF,25.0,4,,0.0,1.0,0.0,1.0,0.0,0.1,0.5,Crystal-Palace
Tyrick Mitchell,ENG,"DF,MF",26.0,4,,0.0,0.0,0.0,1.0,0.0,0.0,0.2,Crystal-Palace
Daniel Muñoz,COL,"DF,MF",29.0,4,,0.0,1.0,0.0,2.0,0.0,0.2,1.5,Crystal-Palace
Chris Richards,USA,DF,25.0,4,,0.0,0.0,0.0,0.0,0.0,0.3,0.0,Crystal-Palace
Jean-Philippe Mateta,FRA,FW,28.0,4,,1.0,0.0,1.0,2.0,0.0,1.8,0.0,Crystal-Palace
Will Hughes,ENG,MF,30.0,4,,0.0,0.0,0.0,3.0,0.0,0.2,0.5,Crystal-Palace
Ismaila Sarr,SEN,"MF,FW",27.0,3,,2.0,0.0,0.0,1.0,0.0,2.0,0.0,Crystal-Palace
Adam Wharton,ENG,MF,21.0,3,,0.0,0.0,0.0,0.0,0.0,0.0,0.4,Crystal-Palace
Daichi Kamada,JPN,MF,29.0,2,,0.0,0.0,0.0,0.0,0.0,0.1,0.6,Crystal-Palace
Jefferson Lerma,COL,MF,30.0,1,,0.0,0.0,0.0,0.0,0.0,0.4,0.0,Crystal-Palace
Yeremi Pino,ESP,MF,22.0,1,,0.0,0.0,0.0,0.0,0.0,0.8,0.4,Crystal-Palace
Justin Devenny,NIR,"FW,MF",21.0,1,,0.0,0.0,0.0,0.0,0.0,0.0,0.1,Crystal-Palace
Eberechi Eze,ENG,MF,27.0,1,,0.0,0.0,0.0,0.0,0.0,0.2,0.0,Crystal-Palace
Romain Esse,ENG,FW,20.0,0,,0.0,0.0,0.0,0.0,0.0,0.0,0.0,Crystal-Palace
Christantus Uche,NGA,MF,22.0,0,,0.0,0.0,0.0,0.0,0.0,0.0,0.0,Crystal-Palace
Nathaniel Clyne,ENG,DF,34.0,0,,0.0,0.0,0.0,0.0,0.0,0.0,0.0,Crystal-Palace
Odsonne Édouard,FRA,FW,27.0,0,,0.0,0.0,0.0,0.0,0.0,0.0,0.0,Crystal-Palace
Walter Benítez,ARG,GK,32.0,0,,,,,,,,,Crystal-Palace
Jaydee Canvot,FRA,MF,19.0,0,,,,,,,,,Crystal-Palace
Rio Cardines,TRI,MF,19.0,0,,,,,,,,,Crystal-Palace
Remi Matthews,ENG,GK,31.0,0,,,,,,,,,Crystal-Palace
Jesurun Rak Sakyi,ENG,"FW,MF",22.0,0,,,,,,,,,Crystal-Palace
Kaden Rodney,ENG,"DF,MF",20.0,0,,,,,,,,,Crystal-Palace
Borna Sosa,CRO,"DF,MF",27.0,0,,,,,,,,,Crystal-Palace
Dan Burn,ENG,DF,33.0,4,,0.0,0.0,0.0,1.0,0.0,0.1,0.0,Newcastle-United
Bruno Guimarães,BRA,MF,27.0,4,,1.0,0.0,0.0,2.0,0.0,0.2,0.1,Newcastle-United
Valentino Livramento,ENG,DF,22.0,4,,0.0,1.0,0.0,0.0,0.0,0.0,0.2,Newcastle-United
Nick Pope,ENG,GK,33.0,4,,0.0,0.0,0.0,1.0,0.0,0.0,0.0,Newcastle-United
Fabian Schär,SUI,DF,33.0,4,,0.0,0.0,0.0,0.0,0.0,0.1,0.1,Newcastle-United
Sandro Tonali,ITA,MF,25.0,4,,0.0,0.0,0.0,0.0,0.0,0.2,0.6,Newcastle-United
Kieran Trippier,ENG,DF,34.0,4,,0.0,0.0,0.0,0.0,0.0,0.0,0.3,Newcastle-United
Harvey Barnes,ENG,FW,27.0,3,,0.0,0.0,0.0,0.0,0.0,0.4,0.7,Newcastle-United
Joelinton,BRA,MF,29.0,3,,0.0,0.0,0.0,1.0,0.0,0.0,0.7,Newcastle-United
Anthony Elanga,SWE,FW,23.0,2,,0.0,0.0,0.0,0.0,0.0,0.6,0.3,Newcastle-United
Jacob Murphy,ENG,FW,30.0,2,,0.0,1.0,0.0,0.0,0.0,0.9,0.2,Newcastle-United
Anthony Gordon,ENG,FW,24.0,2,,0.0,0.0,0.0,0.0,1.0,1.1,0.1,Newcastle-United
William Osula,DEN,FW,22.0,1,,1.0,0.0,0.0,0.0,0.0,0.4,0.1,Newcastle-United
Sven Botman,NED,DF,25.0,1,,0.0,0.0,0.0,0.0,0.0,0.0,0.0,Newcastle-United
Nick Woltemade,GER,FW,23.0,1,,1.0,0.0,0.0,0.0,0.0,0.3,0.0,Newcastle-United
Jacob Ramsey,ENG,MF,24.0,1,,0.0,0.0,0.0,0.0,0.0,0.0,0.3,Newcastle-United
Lewis Miley,ENG,MF,19.0,0,,0.0,0.0,0.0,0.0,0.0,0.0,0.0,Newcastle-United
Lewis Hall,ENG,DF,21.0,0,,0.0,0.0,0.0,0.0,0.0,0.0,0.0,Newcastle-United
Joe Willock,ENG,MF,26.0,0,,0.0,0.0,0.0,0.0,0.0,0.1,0.0,Newcastle-United
Malick Thiaw,GER,DF,24.0,0,,0.0,0.0,0.0,0.0,0.0,0.0,0.0,Newcastle-United
Emil Krafth,SWE,DF,31.0,0,,,,,,,,,Newcastle-United
Jamaal Lascelles,ENG,DF,31.0,0,,,,,,,,,Newcastle-United
Aaron Ramsdale,ENG,GK,27.0,0,,,,,,,,,Newcastle-United
Park Seungsoo,KOR,MF,18.0,0,,,,,,,,,Newcastle-United
Joachim Andersen,DEN,DF,29.0,4,,0.0,0.0,0.0,0.0,0.0,0.2,0.7,Fulham
Calvin Bassey,NGA,DF,25.0,4,,0.0,0.0,0.0,1.0,0.0,0.2,0.0,Fulham
Bernd Leno,GER,GK,33.0,4,,0.0,0.0,0.0,0.0,0.0,0.0,0.0,Fulham
Saša Lukić,SRB,MF,29.0,4,,0.0,0.0,0.0,2.0,0.0,0.5,0.6,Fulham
Kenny Tete,NED,DF,29.0,4,,0.0,0.0,0.0,0.0,0.0,0.1,0.1,Fulham
Sander Berge,NOR,MF,27.0,4,,0.0,0.0,0.0,1.0,0.0,0.4,0.2,Fulham
Alex Iwobi,NGA,FW,29.0,4,,0.0,1.0,0.0,1.0,0.0,0.1,1.0,Fulham
Joshua King,ENG,MF,18.0,4,,0.0,0.0,0.0,0.0,0.0,0.4,0.1,Fulham
Rodrigo Muniz,BRA,FW,24.0,3,,1.0,0.0,0.0,1.0,0.0,0.8,0.1,Fulham
Ryan Sessegnon,ENG,DF,25.0,3,,0.0,0.0,0.0,0.0,0.0,0.0,0.7,Fulham
Harry Wilson,WAL,FW,28.0,2,,0.0,0.0,0.0,0.0,0.0,0.2,0.0,Fulham
Timothy Castagne,BEL,"FW,DF",29.0,2,,0.0,0.0,0.0,0.0,0.0,0.4,0.1,Fulham
Raúl Jiménez,MEX,FW,34.0,1,,0.0,0.0,0.0,0.0,0.0,0.4,0.0,Fulham
Jorge Cuenca,ESP,DF,25.0,1,,0.0,0.0,0.0,0.0,0.0,0.0,0.0,Fulham
Emile Smith Rowe,ENG,"MF,FW",25.0,0,,1.0,0.0,0.0,0.0,0.0,0.8,0.0,Fulham
Adama Traoré,ESP,FW,29.0,0,,0.0,0.0,0.0,0.0,0.0,0.0,0.1,Fulham
Antonee Robinson,USA,DF,28.0,0,,0.0,0.0,0.0,0.0,0.0,0.0,0.0,Fulham
Tom Cairney,SCO,MF,34.0,0,,0.0,0.0,0.0,1.0,0.0,0.0,0.0,Fulham
Kevin,BRA,FW,22.0,0,,0.0,0.0,0.0,0.0,0.0,0.0,0.0,Fulham
Issa Diop,FRA,DF,28.0,0,,,,,,,,,Fulham
Benjamin Lecomte,FRA,GK,34.0,0,,,,,,,,,Fulham
Andreas Pereira,BRA,MF,29.0,0,,,,,,,,,Fulham
Harrison Reed,ENG,MF,30.0,0,,,,,,,,,Fulham
Nathan Collins,IRL,DF,24.0,4,,0.0,0.0,0.0,1.0,0.0,0.0,0.1,Brentford
Sepp van den Berg,NED,DF,23.0,4,,0.0,0.0,0.0,0.0,0.0,0.2,0.0,Brentford
Caoimhín Kelleher,IRL,GK,26.0,4,,0.0,0.0,0.0,1.0,0.0,0.0,0.0,Brentford
Yehor Yarmoliuk,UKR,MF,21.0,4,,0.0,0.0,0.0,1.0,0.0,0.1,0.1,Brentford
Michael Kayode,ITA,DF,21.0,4,,0.0,0.0,0.0,0.0,0.0,0.0,0.2,Brentford
Thiago,BRA,FW,24.0,4,,2.0,0.0,1.0,2.0,0.0,1.2,1.1,Brentford
Keane Lewis-Potter,ENG,"DF,FW",24.0,4,,0.0,0.0,0.0,0.0,0.0,0.1,0.0,Brentford
Kevin Schade,GER,FW,23.0,3,,1.0,0.0,0.0,0.0,0.0,1.6,0.1,Brentford
Jordan Henderson,ENG,MF,35.0,3,,0.0,1.0,0.0,0.0,0.0,0.0,0.2,Brentford
Dango Ouattara,BFA,FW,23.0,2,,1.0,0.0,0.0,0.0,0.0,0.9,0.0,Brentford
Mikkel Damsgaard,DEN,MF,25.0,2,,0.0,0.0,0.0,0.0,0.0,0.1,0.4,Brentford
Mathias Jensen,DEN,MF,29.0,2,,0.0,0.0,0.0,0.0,0.0,0.1,0.2,Brentford
Rico Henry,ENG,DF,28.0,1,,0.0,0.0,0.0,1.0,0.0,0.1,0.1,Brentford
Fabio Carvalho,POR,"FW,MF",23.0,1,,1.0,0.0,0.0,0.0,0.0,0.7,0.0,Brentford
Ethan Pinnock,JAM,DF,32.0,1,,0.0,0.0,0.0,1.0,0.0,0.0,0.0,Brentford
Antoni Milambo,NED,MF,20.0,1,,0.0,0.0,0.0,0.0,0.0,0.0,0.0,Brentford
Frank Onyeka,NGA,MF,27.0,0,,0.0,1.0,0.0,0.0,0.0,0.0,0.1,Brentford
Aaron Hickey,SCO,"DF,FW",23.0,0,,0.0,0.0,0.0,1.0,0.0,0.0,0.0,Brentford
Kristoffer Ajer,NOR,DF,27.0,0,,0.0,1.0,0.0,0.0,0.0,0.0,0.7,Brentford
Benjamin Arthur,ENG,DF,19.0,0,,,,,,,,,Brentford
Vitaly Janelt,GER,MF,27.0,0,,,,,,,,,Brentford
Reiss Nelson,ENG,"FW,MF",25.0,0,,,,,,,,,Brentford
Myles Peart-Harris,ENG,MF,22.0,0,,,,,,,,,Brentford
Mads Roerslev,DEN,"DF,MF",26.0,0,,,,,,,,,Brentford
Hákon Valdimarsson,ISL,GK,23.0,0,,,,,,,,,Brentford
Lewis Dunk,ENG,DF,33.0,4,,0.0,0.0,0.0,1.0,0.0,0.2,0.0,Brighton-and-Hove-Albion
Jan Paul van Hecke,NED,DF,25.0,4,,0.0,0.0,0.0,1.0,0.0,0.3,0.0,Brighton-and-Hove-Albion
Bart Verbruggen,NED,GK,23.0,4,,0.0,0.0,0.0,0.0,0.0,0.0,0.1,Brighton-and-Hove-Albion
Kaoru Mitoma,JPN,FW,28.0,4,,1.0,1.0,0.0,1.0,0.0,0.7,1.0,Brighton-and-Hove-Albion
Yankuba Minteh,GAM,FW,21.0,4,,0.0,1.0,0.0,0.0,0.0,0.5,1.3,Brighton-and-Hove-Albion
Maxim De Cuyper,BEL,DF,24.0,4,,0.0,0.0,0.0,1.0,0.0,0.0,0.1,Brighton-and-Hove-Albion
Danny Welbeck,ENG,FW,34.0,3,,0.0,0.0,0.0,0.0,0.0,1.7,0.1,Brighton-and-Hove-Albion
Carlos Baleba,CMR,MF,21.0,3,,0.0,0.0,0.0,1.0,0.0,0.0,0.0,Brighton-and-Hove-Albion
Yasin Ayari,SWE,MF,21.0,2,,0.0,0.0,0.0,0.0,0.0,0.2,0.1,Brighton-and-Hove-Albion
Joël Veltman,NED,DF,33.0,2,,0.0,0.0,0.0,1.0,0.0,0.0,0.0,Brighton-and-Hove-Albion
Matt O'Riley,DEN,MF,24.0,2,,1.0,0.0,1.0,0.0,0.0,1.2,0.2,Brighton-and-Hove-Albion
Mats Wieffer,NED,DF,25.0,2,,0.0,0.0,0.0,1.0,0.0,0.0,0.0,Brighton-and-Hove-Albion
Georginio Rutter,FRA,"FW,MF",23.0,2,,0.0,0.0,0.0,1.0,0.0,0.1,0.1,Brighton-and-Hove-Albion
Jack Hinshelwood,ENG,MF,20.0,2,,0.0,0.0,0.0,0.0,0.0,0.0,0.0,Brighton-and-Hove-Albion
Diego Gómez,PAR,MF,22.0,1,,0.0,0.0,0.0,1.0,0.0,0.0,0.3,Brighton-and-Hove-Albion
James Milner,ENG,MF,39.0,1,,1.0,0.0,1.0,1.0,0.0,0.8,0.0,Brighton-and-Hove-Albion
Ferdi Kadioglu,TUR,"DF,FW",25.0,0,,0.0,0.0,0.0,2.0,0.0,0.0,0.0,Brighton-and-Hove-Albion
Brajan Gruda,GER,"MF,FW",21.0,0,,1.0,0.0,0.0,0.0,0.0,1.2,0.1,Brighton-and-Hove-Albion
Stefanos Tzimas,GRE,FW,19.0,0,,0.0,0.0,0.0,0.0,0.0,0.0,0.0,Brighton-and-Hove-Albion
Diego Coppola,ITA,DF,21.0,0,,0.0,0.0,0.0,0.0,0.0,0.0,0.0,Brighton-and-Hove-Albion
Olivier Boscagli,FRA,DF,27.0,0,,,,,,,,,Brighton-and-Hove-Albion
Jason Steele,ENG,GK,35.0,0,,,,,,,,,Brighton-and-Hove-Albion
Tom Watson,ENG,MF,19.0,0,,,,,,,,,Brighton-and-Hove-Albion
Altay Bayındır,TUR,GK,27.0,4,,0.0,0.0,0.0,0.0,0.0,0.0,0.2,Manchester-United
Bruno Fernandes,POR,MF,31.0,4,,1.0,0.0,1.0,1.0,0.0,1.9,1.2,Manchester-United
Matthijs de Ligt,NED,DF,26.0,4,,0.0,0.0,0.0,0.0,0.0,0.3,0.2,Manchester-United
Bryan Mbeumo,CMR,MF,26.0,4,,1.0,0.0,0.0,0.0,0.0,1.7,1.3,Manchester-United
Luke Shaw,ENG,DF,30.0,4,,0.0,0.0,0.0,0.0,0.0,0.0,0.1,Manchester-United
Leny Yoro,FRA,DF,19.0,4,,0.0,0.0,0.0,0.0,0.0,0.3,0.0,Manchester-United
Patrick Dorgu,DEN,DF,20.0,3,,0.0,0.0,0.0,1.0,0.0,0.2,0.1,Manchester-United
Amad Diallo,CIV,"DF,MF",23.0,3,,0.0,0.0,0.0,0.0,0.0,0.9,0.7,Manchester-United
Matheus Cunha,BRA,"FW,MF",26.0,3,,0.0,0.0,0.0,0.0,0.0,0.8,0.2,Manchester-United
Casemiro,BRA,MF,33.0,3,,0.0,0.0,0.0,1.0,0.0,0.6,0.1,Manchester-United
Mason Mount,ENG,MF,26.0,3,,0.0,0.0,0.0,0.0,0.0,0.2,0.4,Manchester-United
Diogo Dalot,POR,DF,26.0,2,,0.0,1.0,0.0,0.0,0.0,0.0,0.8,Manchester-United
Benjamin Šeško,SVN,FW,22.0,1,,0.0,0.0,0.0,0.0,0.0,0.4,0.1,Manchester-United
Manuel Ugarte,URU,MF,24.0,1,,0.0,0.0,0.0,0.0,0.0,0.0,0.0,Manchester-United
Noussair Mazraoui,MAR,DF,27.0,1,,0.0,0.0,0.0,0.0,0.0,0.0,0.0,Manchester-United
Kobbie Mainoo,ENG,MF,20.0,0,,0.0,0.0,0.0,0.0,0.0,0.1,0.1,Manchester-United
Joshua Zirkzee,NED,"FW,MF",24.0,0,,0.0,0.0,0.0,0.0,0.0,0.6,0.0,Manchester-United
Harry Maguire,ENG,DF,32.0,0,,0.0,0.0,0.0,0.0,0.0,0.1,0.0,Manchester-United
Ayden Heaven,ENG,DF,18.0,0,,0.0,0.0,0.0,0.0,0.0,0.0,0.0,Manchester-United
Tyler Fredricson,ENG,DF,20.0,0,,,,,,,,,Manchester-United
Tom Heaton,ENG,GK,39.0,0,,,,,,,,,Manchester-United
Senne Lammens,BEL,GK,23.0,0,,,,,,,,,Manchester-United
Diego León,PAR,DF,18.0,0,,,,,,,,,Manchester-United
André Onana,CMR,GK,29.0,0,,,,,,,,,Manchester-United
Elliot Anderson,ENG,MF,22.0,4,,0.0,1.0,0.0,0.0,0.0,0.4,1.1,Nottingham-Forest
Nikola Milenković,SRB,DF,27.0,4,,0.0,0.0,0.0,0.0,0.0,0.1,0.0,Nottingham-Forest
Matz Sels,BEL,GK,33.0,4,,0.0,0.0,0.0,1.0,0.0,0.0,0.0,Nottingham-Forest
Neco Williams,WAL,DF,24.0,4,,0.0,0.0,0.0,2.0,0.0,0.0,0.3,Nottingham-Forest
Ibrahim Sangaré,CIV,MF,27.0,4,,0.0,0.0,0.0,0.0,0.0,0.0,0.0,Nottingham-Forest
Morgan Gibbs-White,ENG,MF,25.0,4,,0.0,1.0,0.0,0.0,0.0,0.7,0.3,Nottingham-Forest
Callum Hudson-Odoi,ENG,FW,24.0,4,,1.0,0.0,0.0,0.0,0.0,0.4,0.6,Nottingham-Forest
Murillo,BRA,DF,23.0,4,,0.0,0.0,0.0,1.0,0.0,0.0,0.0,Nottingham-Forest
Chris Wood,NZL,FW,33.0,4,,2.0,0.0,0.0,0.0,0.0,1.6,0.2,Nottingham-Forest
Dan Ndoye,SUI,FW,24.0,4,,1.0,1.0,0.0,0.0,0.0,0.1,0.4,Nottingham-Forest
Ola Aina,NGA,DF,28.0,3,,0.0,0.0,0.0,1.0,0.0,0.0,0.1,Nottingham-Forest
Morato,BRA,DF,24.0,1,,0.0,0.0,0.0,0.0,0.0,0.0,0.0,Nottingham-Forest
James Mcatee,ENG,"MF,FW",22.0,0,,0.0,0.0,0.0,0.0,0.0,0.0,0.4,Nottingham-Forest
Nicolò Savona,ITA,DF,22.0,0,,0.0,0.0,0.0,0.0,0.0,0.0,0.0,Nottingham-Forest
Arnaud Kalimuendo,FRA,FW,23.0,0,,0.0,0.0,0.0,0.0,0.0,0.1,0.0,Nottingham-Forest
Igor Jesus,BRA,FW,24.0,0,,0.0,0.0,0.0,0.0,0.0,0.1,0.0,Nottingham-Forest
Dilane Bakwa,FRA,FW,23.0,0,,0.0,0.0,0.0,0.0,0.0,0.0,0.0,Nottingham-Forest
Ryan Yates,ENG,MF,27.0,0,,0.0,0.0,0.0,0.0,0.0,0.0,0.0,Nottingham-Forest
Jota Silva,POR,FW,26.0,0,,0.0,0.0,0.0,0.0,0.0,0.0,0.0,Nottingham-Forest
Omari Hutchinson,ENG,"FW,MF",21.0,0,,0.0,0.0,0.0,0.0,0.0,0.2,0.0,Nottingham-Forest
Zach Abbott,ENG,DF,19.0,0,,,,,,,,,Nottingham-Forest
Taiwo Awoniyi,NGA,FW,28.0,0,,,,,,,,,Nottingham-Forest
Willy Boly,CIV,DF,34.0,0,,,,,,,,,Nottingham-Forest
Jair Cunha,BRA,DF,20.0,0,,,,,,,,,Nottingham-Forest
Angus Gunn,SCO,GK,29.0,0,,,,,,,,,Nottingham-Forest
John,BRA,GK,29.0,0,,,,,,,,,Nottingham-Forest
Douglas Luiz,BRA,MF,27.0,0,,,,,,,,,Nottingham-Forest
Joe Rodon,WAL,DF,27.0,4,,0.0,0.0,0.0,0.0,0.0,0.0,0.0,Leeds-United
Anton Stach,GER,MF,26.0,4,,0.0,0.0,0.0,1.0,0.0,0.5,0.8,Leeds-United
Pascal Struijk,NED,DF,26.0,4,,0.0,0.0,0.0,0.0,0.0,0.2,0.0,Leeds-United
Jayden Bogle,ENG,DF,25.0,4,,0.0,0.0,0.0,1.0,0.0,0.2,0.1,Leeds-United
Gabriel Gudmundsson,SWE,DF,26.0,4,,0.0,0.0,0.0,1.0,0.0,0.2,0.3,Leeds-United
Lucas Perri,BRA,GK,27.0,3,,0.0,0.0,0.0,0.0,0.0,0.0,0.0,Leeds-United
Daniel James,WAL,FW,27.0,3,,0.0,0.0,0.0,0.0,0.0,0.4,0.3,Leeds-United
Wilfried Gnonto,ITA,FW,21.0,3,,0.0,0.0,0.0,1.0,0.0,0.2,0.1,Leeds-United
Sean Longstaff,ENG,MF,27.0,2,,0.0,0.0,0.0,0.0,0.0,0.0,0.0,Leeds-United
Ilia Gruev,BUL,MF,25.0,2,,0.0,0.0,0.0,0.0,0.0,0.0,0.0,Leeds-United
Ethan Ampadu,WAL,MF,25.0,2,,0.0,0.0,0.0,0.0,0.0,0.0,0.0,Leeds-United
Ao Tanaka,JPN,MF,27.0,2,,0.0,0.0,0.0,0.0,0.0,0.1,0.1,Leeds-United
Joël Piroe,NED,FW,26.0,2,,0.0,0.0,0.0,0.0,0.0,0.3,0.0,Leeds-United
Brenden Aaronson,USA,FW,24.0,1,,0.0,0.0,0.0,0.0,0.0,0.1,0.5,Leeds-United
Lukas Nmecha,GER,FW,26.0,1,,1.0,0.0,1.0,0.0,0.0,0.9,0.0,Leeds-United
Noah Okafor,SUI,FW,25.0,1,,0.0,0.0,0.0,1.0,0.0,0.2,0.0,Leeds-United
Karl Darlow,WAL,GK,34.0,1,,0.0,0.0,0.0,0.0,0.0,0.0,0.0,Leeds-United
Dominic Calvert-Lewin,ENG,FW,28.0,1,,0.0,0.0,0.0,0.0,0.0,0.4,0.0,Leeds-United
Jack Harrison,ENG,FW,28.0,0,,0.0,0.0,0.0,0.0,0.0,0.0,0.0,Leeds-United
James Justin,ENG,DF,27.0,0,,0.0,0.0,0.0,0.0,0.0,0.0,0.0,Leeds-United
Sam Byram,ENG,DF,32.0,0,,0.0,0.0,0.0,0.0,0.0,0.0,0.0,Leeds-United
Jaka Bijol,SVN,"DF,MF",26.0,0,,,,,,,,,Leeds-United
Sebastiaan Bornauw,BEL,DF,26.0,0,,,,,,,,,Leeds-United
Illan Meslier,FRA,GK,25.0,0,,,,,,,,,Leeds-United
Largie Ramazani,BEL,"FW,MF",24.0,0,,,,,,,,,Leeds-United
Martin Dúbravka,SVK,GK,36.0,4,,0.0,0.0,0.0,0.0,0.0,0.0,0.0,Burnley
Quilindschy Hartman,NED,DF,23.0,4,,0.0,0.0,0.0,0.0,0.0,0.1,0.1,Burnley
Kyle Walker,ENG,DF,35.0,4,,0.0,0.0,0.0,1.0,0.0,0.0,0.0,Burnley
Jaidon Anthony,ENG,"MF,FW",25.0,4,,2.0,1.0,0.0,1.0,0.0,1.7,0.2,Burnley
Hjalmar Ekdal,SWE,DF,26.0,4,,0.0,0.0,0.0,0.0,0.0,0.0,0.0,Burnley
Maxime Estève,FRA,DF,23.0,4,,0.0,0.0,0.0,0.0,0.0,0.0,0.0,Burnley
Lyle Foster,RSA,FW,25.0,4,,1.0,0.0,0.0,1.0,0.0,0.7,0.4,Burnley
Josh Cullen,IRL,MF,29.0,4,,1.0,1.0,0.0,0.0,0.0,0.1,0.7,Burnley
Lesley Ugochukwu,FRA,MF,21.0,3,,0.0,0.0,0.0,2.0,1.0,0.1,0.0,Burnley
Hannibal Mejbri,TUN,MF,22.0,3,,0.0,0.0,0.0,0.0,0.0,0.2,0.2,Burnley
Josh Laurent,ENG,"MF,DF",30.0,2,,0.0,0.0,0.0,1.0,0.0,0.1,0.2,Burnley
Jacob Bruun Larsen,DEN,"FW,MF",26.0,2,,0.0,1.0,0.0,0.0,0.0,0.1,0.6,Burnley
Loum Tchaouna,FRA,MF,22.0,1,,0.0,0.0,0.0,1.0,0.0,0.2,0.1,Burnley
Oliver Sonne,PER,"DF,FW",24.0,1,,0.0,0.0,0.0,0.0,0.0,0.0,0.0,Burnley
Florentino Luís,POR,MF,26.0,0,,0.0,0.0,0.0,0.0,0.0,0.0,0.0,Burnley
Zian Flemming,NED,FW,27.0,0,,0.0,0.0,0.0,0.0,0.0,0.0,0.1,Burnley
Joe Worrall,ENG,DF,28.0,0,,0.0,0.0,0.0,0.0,0.0,0.0,0.0,Burnley
Marcus Edwards,ENG,FW,26.0,0,,0.0,0.0,0.0,0.0,0.0,0.0,0.0,Burnley
Armando Broja,ALB,FW,24.0,0,,0.0,0.0,0.0,0.0,0.0,0.0,0.0,Burnley
Bashir Humphreys,ENG,DF,22.0,0,,,,,,,,,Burnley
Lucas,BRA,DF,24.0,0,,,,,,,,,Burnley
Aaron Ramsey,ENG,MF,22.0,0,,,,,,,,,Burnley
Max Weiß,GER,GK,21.0,0,,,,,,,,,Burnley
Jarrod Bowen,ENG,FW,28.0,4,,1.0,0.0,0.0,0.0,0.0,0.5,0.8,West-Ham-United
El Hadji Malick Diouf,SEN,DF,20.0,4,,0.0,2.0,0.0,0.0,0.0,0.2,0.5,West-Ham-United
Mads Hermansen,DEN,GK,25.0,4,,0.0,0.0,0.0,0.0,0.0,0.0,0.0,West-Ham-United
Max Kilman,ENG,DF,28.0,4,,0.0,0.0,0.0,1.0,0.0,0.4,0.0,West-Ham-United
Lucas Paquetá,BRA,"MF,FW",28.0,4,,2.0,0.0,1.0,0.0,0.0,1.4,0.1,West-Ham-United
James Ward-Prowse,ENG,MF,30.0,4,,0.0,0.0,0.0,0.0,0.0,0.1,0.7,West-Ham-United
Tomáš Souček,CZE,MF,30.0,3,,0.0,0.0,0.0,0.0,1.0,0.2,0.0,West-Ham-United
Niclas Füllkrug,GER,FW,32.0,3,,0.0,0.0,0.0,0.0,0.0,0.3,0.2,West-Ham-United
Kyle Walker-Peters,ENG,DF,28.0,2,,0.0,0.0,0.0,0.0,0.0,0.0,0.0,West-Ham-United
Nayef Aguerd,MAR,DF,29.0,2,,0.0,0.0,0.0,0.0,0.0,0.1,0.0,West-Ham-United
Konstantinos Mavropanos,GRE,DF,27.0,2,,0.0,0.0,0.0,0.0,0.0,0.1,0.0,West-Ham-United
Aaron Wan-Bissaka,COD,DF,27.0,2,,0.0,0.0,0.0,0.0,0.0,0.0,0.1,West-Ham-United
Mateus Fernandes,POR,"FW,MF",21.0,2,,0.0,0.0,0.0,0.0,0.0,0.0,0.5,West-Ham-United
Jean-Clair Todibo,FRA,DF,25.0,2,,0.0,0.0,0.0,0.0,0.0,0.0,0.0,West-Ham-United
Guido Rodríguez,ARG,MF,31.0,1,,0.0,0.0,0.0,0.0,0.0,0.0,0.0,West-Ham-United
Crysencio Summerville,NED,FW,23.0,1,,0.0,1.0,0.0,0.0,0.0,0.0,0.1,West-Ham-United
Callum Wilson,ENG,FW,33.0,0,,1.0,0.0,0.0,0.0,0.0,1.1,0.0,West-Ham-United
Freddie Potts,ENG,MF,22.0,0,,0.0,0.0,0.0,0.0,0.0,0.0,0.0,West-Ham-United
Luis Guilherme,BRA,FW,19.0,0,,0.0,0.0,0.0,0.0,0.0,0.0,0.0,West-Ham-United
Soungoutou Magassa,FRA,MF,21.0,0,,0.0,0.0,0.0,0.0,0.0,0.0,0.0,West-Ham-United
Andy Irving,SCO,MF,25.0,0,,0.0,0.0,0.0,0.0,0.0,0.0,0.0,West-Ham-United
Edson Álvarez,MEX,"DF,MF",27.0,0,,,,,,,,,West-Ham-United
Alphonse Areola,FRA,GK,32.0,0,,,,,,,,,West-Ham-United
Łukasz Fabiański,POL,GK,40.0,0,,,,,,,,,West-Ham-United
Igor,BRA,DF,27.0,0,,,,,,,,,West-Ham-United
Callum Marshall,NIR,FW,20.0,0,,,,,,,,,West-Ham-United
Oliver Scarles,ENG,MF,19.0,0,,,,,,,,,West-Ham-United
Tyrone Mings,ENG,DF,32.0,4,,0.0,0.0,0.0,0.0,0.0,0.3,0.1,Aston-Villa
Morgan Rogers,ENG,"FW,MF",23.0,4,,0.0,0.0,0.0,0.0,0.0,0.2,0.3,Aston-Villa
Ollie Watkins,ENG,FW,29.0,4,,0.0,0.0,0.0,0.0,0.0,1.1,0.4,Aston-Villa
Matty Cash,POL,DF,28.0,4,,0.0,0.0,0.0,2.0,0.0,0.0,0.4,Aston-Villa
John McGinn,SCO,"FW,MF",30.0,4,,0.0,0.0,0.0,0.0,0.0,0.0,0.7,Aston-Villa
Youri Tielemans,BEL,MF,28.0,4,,0.0,0.0,0.0,0.0,0.0,0.1,0.2,Aston-Villa
Lucas Digne,FRA,DF,32.0,3,,0.0,0.0,0.0,1.0,0.0,0.1,0.0,Aston-Villa
Ezri Konsa,ENG,DF,27.0,3,,0.0,0.0,0.0,0.0,1.0,0.0,0.0,Aston-Villa
Marco Bizot,NED,GK,34.0,2,,0.0,0.0,0.0,1.0,0.0,0.0,0.0,Aston-Villa
Emiliano Martínez,ARG,GK,33.0,2,,0.0,0.0,0.0,0.0,0.0,0.0,0.0,Aston-Villa
Amadou Onana,BEL,MF,24.0,2,,0.0,0.0,0.0,1.0,0.0,0.2,0.0,Aston-Villa
Boubacar Kamara,FRA,"MF,DF",25.0,2,,0.0,0.0,0.0,1.0,0.0,0.1,0.0,Aston-Villa
Emi Buendía,ARG,"MF,FW",28.0,1,,0.0,0.0,0.0,1.0,0.0,0.3,0.3,Aston-Villa
Donyell Malen,NED,"FW,MF",26.0,1,,0.0,0.0,0.0,0.0,0.0,0.2,0.0,Aston-Villa
Ian Maatsen,NED,DF,23.0,1,,0.0,0.0,0.0,0.0,0.0,0.1,0.2,Aston-Villa
Pau Torres,ESP,DF,28.0,1,,0.0,0.0,0.0,0.0,0.0,0.1,0.0,Aston-Villa
Evann Guessand,CIV,"FW,MF",24.0,1,,0.0,0.0,0.0,0.0,0.0,0.1,0.0,Aston-Villa
Lamare Bogarde,NED,MF,21.0,1,,0.0,0.0,0.0,1.0,0.0,0.0,0.0,Aston-Villa
Harvey Elliott,ENG,"MF,FW",22.0,0,,0.0,0.0,0.0,0.0,0.0,0.0,0.0,Aston-Villa
Bradley Paul Burrowes,ENG,DF,17.0,0,,0.0,0.0,0.0,0.0,0.0,0.0,0.0,Aston-Villa
Victor Lindelöf,SWE,MF,31.0,0,,0.0,0.0,0.0,0.0,0.0,0.0,0.0,Aston-Villa
Samuel Iling-Junior,ENG,DF,21.0,0,,,,,,,,,Aston-Villa
Jamaldeen Jimoh,ENG,MF,18.0,0,,,,,,,,,Aston-Villa
Travis Patterson,ENG,DF,19.0,0,,,,,,,,,Aston-Villa
Sam Proctor,ENG,GK,18.0,0,,,,,,,,,Aston-Villa
Triston Rowe,ENG,DF,19.0,0,,,,,,,,,Aston-Villa
Jadon Sancho,ENG,"FW,MF",25.0,0,,,,,,,,,Aston-Villa
James Wright,ENG,GK,20.0,0,,,,,,,,,Aston-Villa
Emmanuel Agbadou,CIV,DF,28.0,4,,0.0,0.0,0.0,0.0,0.0,0.2,0.0,Wolverhampton-Wanderers
João Gomes,BRA,MF,24.0,4,,0.0,0.0,0.0,2.0,0.0,0.0,0.1,Wolverhampton-Wanderers
Toti Gomes,POR,DF,26.0,4,,0.0,0.0,0.0,1.0,1.0,0.0,0.0,Wolverhampton-Wanderers
Marshall Munetsi,ZIM,FW,29.0,3,,0.0,1.0,0.0,1.0,0.0,0.1,0.4,Wolverhampton-Wanderers
José Sá,POR,GK,32.0,3,,0.0,0.0,0.0,0.0,0.0,0.0,0.1,Wolverhampton-Wanderers
André,BRA,MF,24.0,3,,0.0,0.0,0.0,1.0,0.0,0.0,0.0,Wolverhampton-Wanderers
Hugo Bueno,ESP,"MF,DF",22.0,2,,0.0,0.0,0.0,1.0,0.0,0.1,0.3,Wolverhampton-Wanderers
Matt Doherty,IRL,DF,33.0,2,,0.0,0.0,0.0,2.0,0.0,0.0,0.0,Wolverhampton-Wanderers
Hwang Hee-chan,KOR,FW,29.0,2,,1.0,0.0,0.0,0.0,0.0,0.6,0.0,Wolverhampton-Wanderers
Jean-Ricner Bellegarde,HAI,"FW,MF",27.0,2,,0.0,0.0,0.0,0.0,0.0,0.1,0.1,Wolverhampton-Wanderers
Jhon Arias,COL,FW,27.0,2,,0.0,0.0,0.0,0.0,0.0,0.2,0.1,Wolverhampton-Wanderers
Jørgen Strand Larsen,NOR,FW,25.0,2,,0.0,0.0,0.0,0.0,0.0,0.5,0.0,Wolverhampton-Wanderers
David Møller Wolfe,NOR,MF,23.0,2,,0.0,1.0,0.0,0.0,0.0,0.0,0.3,Wolverhampton-Wanderers
Ki-Jana Hoever,NED,MF,23.0,2,,0.0,0.0,0.0,0.0,0.0,0.0,0.2,Wolverhampton-Wanderers
Jackson Tchatchoua,CMR,"MF,DF",24.0,1,,0.0,0.0,0.0,0.0,0.0,0.0,0.0,Wolverhampton-Wanderers
Santiago Bueno,URU,DF,26.0,1,,0.0,0.0,0.0,0.0,0.0,0.0,0.0,Wolverhampton-Wanderers
Rodrigo Gomes,POR,"DF,MF",22.0,1,,1.0,0.0,0.0,0.0,0.0,0.6,0.0,Wolverhampton-Wanderers
Sam Johnstone,ENG,GK,32.0,1,,0.0,0.0,0.0,0.0,0.0,0.0,0.0,Wolverhampton-Wanderers
Ladislav Krejčí,CZE,"MF,DF",26.0,1,,0.0,0.0,0.0,1.0,0.0,0.0,0.1,Wolverhampton-Wanderers
Tolu Arokodare,NGA,FW,24.0,1,,0.0,0.0,0.0,0.0,0.0,0.0,0.0,Wolverhampton-Wanderers
Yerson Mosquera,COL,DF,24.0,1,,0.0,0.0,0.0,0.0,0.0,0.0,0.0,Wolverhampton-Wanderers
Fer López,ESP,"MF,FW",21.0,0,,0.0,0.0,0.0,0.0,0.0,0.1,0.0,Wolverhampton-Wanderers
Sasa Kalajdzic,AUT,FW,28.0,0,,0.0,0.0,0.0,0.0,0.0,0.0,0.0,Wolverhampton-Wanderers
Daniel Bentley,ENG,GK,32.0,0,,,,,,,,,Wolverhampton-Wanderers
