Player,Nation,Pos,Age,MP,Starts,Min,90s,Gls,Ast,G+A,G-PK,PK,PKatt,CrdY,CrdR,xG,npxG,xAG,npxG+xAG,PrgC,PrgP,PrgR,Gls,Ast,G+A,G-PK,G+A-PK,xG,xAG,xG+xAG,npxG,npxG+xAG,Matches,Team
Alisson,br BRA,GK,32-349,4,4,360.0,4.0,0.0,0.0,0.0,0.0,0.0,0.0,0.0,0.0,0.0,0.0,0.0,0.0,0.0,4.0,0.0,0.0,0.0,0.0,0.0,0.0,0.0,0.0,0.0,0.0,0.0,Matches,Liverpool
Dominik Szoboszlai,hu HUN,"DF,MF",24-326,4,4,360.0,4.0,1.0,0.0,1.0,1.0,0.0,0.0,0.0,0.0,0.4,0.4,0.2,0.6,9.0,26.0,12.0,0.25,0.0,0.25,0.25,0.25,0.09,0.05,0.15,0.09,0.15,Matches,Liverpool
Virgil van Dijk,nl NED,DF,34-070,4,4,360.0,4.0,0.0,0.0,0.0,0.0,0.0,0.0,0.0,0.0,0.2,0.2,0.0,0.2,8.0,24.0,2.0,0.0,0.0,0.0,0.0,0.0,0.04,0.01,0.05,0.04,0.05,Matches,Liverpool
Cody Gakpo,nl NED,"FW,MF",26-132,4,4,359.0,4.0,1.0,2.0,3.0,1.0,0.0,0.0,0.0,0.0,0.5,0.5,1.4,1.9,18.0,11.0,39.0,0.25,0.5,0.75,0.25,0.75,0.13,0.34,0.47,0.13,0.47,Matches,Liverpool
Mohamed Salah,eg EGY,"FW,MF",33-093,4,4,359.0,4.0,2.0,1.0,3.0,1.0,1.0,1.0,0.0,0.0,1.1,0.3,0.5,0.9,14.0,12.0,43.0,0.5,0.25,0.75,0.25,0.5,0.28,0.14,0.41,0.08,0.21,Matches,Liverpool
Ibrahima Konaté,fr FRA,DF,26-114,4,4,344.0,3.8,0.0,0.0,0.0,0.0,0.0,0.0,1.0,0.0,0.5,0.5,0.2,0.7,7.0,13.0,0.0,0.0,0.0,0.0,0.0,0.0,0.13,0.05,0.18,0.13,0.18,Matches,Liverpool
Florian Wirtz,de GER,MF,22-136,4,4,334.0,3.7,0.0,0.0,0.0,0.0,0.0,0.0,0.0,0.0,0.5,0.5,0.6,1.1,11.0,22.0,23.0,0.0,0.0,0.0,0.0,0.0,0.15,0.16,0.31,0.15,0.31,Matches,Liverpool
Hugo Ekitike,fr FRA,FW,23-088,4,4,299.0,3.3,2.0,1.0,3.0,2.0,0.0,0.0,0.0,0.0,1.5,1.5,0.3,1.7,5.0,7.0,16.0,0.6,0.3,0.9,0.6,0.9,0.44,0.08,0.52,0.44,0.52,Matches,Liverpool
Milos Kerkez,hu HUN,DF,21-313,4,4,276.0,3.1,0.0,0.0,0.0,0.0,0.0,0.0,2.0,0.0,0.2,0.2,0.0,0.2,3.0,10.0,6.0,0.0,0.0,0.0,0.0,0.0,0.05,0.01,0.06,0.05,0.06,Matches,Liverpool
Ryan Gravenberch,nl NED,MF,23-123,3,3,270.0,3.0,1.0,0.0,1.0,1.0,0.0,0.0,2.0,0.0,0.2,0.2,0.3,0.4,8.0,16.0,8.0,0.33,0.0,0.33,0.33,0.33,0.06,0.09,0.15,0.06,0.15,Matches,Liverpool
Alexis Mac Allister,ar ARG,MF,26-266,3,3,176.0,2.0,0.0,1.0,1.0,0.0,0.0,0.0,0.0,0.0,0.1,0.1,0.7,0.8,3.0,9.0,7.0,0.0,0.51,0.51,0.0,0.51,0.04,0.37,0.41,0.04,0.41,Matches,Liverpool
Curtis Jones,eng ENG,MF,24-229,3,1,138.0,1.5,0.0,0.0,0.0,0.0,0.0,0.0,0.0,0.0,0.0,0.0,0.1,0.1,3.0,15.0,4.0,0.0,0.0,0.0,0.0,0.0,0.0,0.06,0.06,0.0,0.06,Matches,Liverpool
Jeremie Frimpong,nl NED,DF,24-280,2,1,63.0,0.7,0.0,0.0,0.0,0.0,0.0,0.0,0.0,0.0,0.1,0.1,0.0,0.1,2.0,0.0,3.0,0.0,0.0,0.0,0.0,0.0,0.11,0.0,0.11,0.11,0.11,Matches,Liverpool
Andrew Robertson,sct SCO,DF,31-189,2,0,84.0,0.9,0.0,0.0,0.0,0.0,0.0,0.0,0.0,0.0,0.1,0.1,0.3,0.4,3.0,9.0,9.0,0.0,0.0,0.0,0.0,0.0,0.11,0.35,0.46,0.11,0.46,Matches,Liverpool
Conor Bradley,nir NIR,DF,22-069,2,0,56.0,0.6,0.0,0.0,0.0,0.0,0.0,0.0,2.0,0.0,0.0,0.0,0.0,0.0,5.0,4.0,5.0,0.0,0.0,0.0,0.0,0.0,0.04,0.0,0.04,0.04,0.04,Matches,Liverpool
Federico Chiesa,it ITA,FW,27-326,4,0,51.0,0.6,1.0,0.0,1.0,1.0,0.0,0.0,0.0,0.0,0.4,0.4,0.0,0.4,2.0,2.0,2.0,1.76,0.0,1.76,1.76,1.76,0.74,0.0,0.74,0.74,0.74,Matches,Liverpool
Wataru Endo,jp JPN,"MF,DF",32-219,3,0,34.0,0.4,0.0,1.0,1.0,0.0,0.0,0.0,1.0,0.0,0.0,0.0,0.1,0.1,1.0,1.0,0.0,0.0,2.65,2.65,0.0,2.65,0.0,0.29,0.29,0.0,0.29,Matches,Liverpool
Joe Gomez,eng ENG,DF,28-116,2,0,31.0,0.3,0.0,0.0,0.0,0.0,0.0,0.0,0.0,0.0,0.0,0.0,0.0,0.0,0.0,1.0,0.0,0.0,0.0,0.0,0.0,0.0,0.0,0.0,0.0,0.0,0.0,Matches,Liverpool
Rio Ngumoha,eng ENG,"MF,FW",17-018,2,0,5.0,0.1,1.0,0.0,1.0,1.0,0.0,0.0,0.0,0.0,0.4,0.4,0.1,0.4,4.0,0.0,5.0,18.0,0.0,18.0,18.0,18.0,6.4,1.27,7.67,6.4,7.67,Matches,Liverpool
Harvey Elliott,eng ENG,"MF,FW",22-165,1,0,1.0,0.0,0.0,0.0,0.0,0.0,0.0,0.0,0.0,0.0,0.0,0.0,0.0,0.0,0.0,0.0,1.0,0.0,0.0,0.0,0.0,0.0,0.0,0.0,0.0,0.0,0.0,Matches,Liverpool
Giovanni Leoni,it ITA,DF,18-269,0,0,,,,,,,,,,,,,,,,,,,,,,,,,,,,Matches,Liverpool
Giorgi Mamardashvili,ge GEO,GK,24-352,0,0,,,,,,,,,,,,,,,,,,,,,,,,,,,,Matches,Liverpool
Trey Nyoni,eng ENG,MF,18-078,0,0,,,,,,,,,,,,,,,,,,,,,,,,,,,,Matches,Liverpool
Squad Total,,,27.1,4,44,360.0,4.0,9.0,6.0,15.0,8.0,1.0,1.0,8.0,0.0,6.0,5.3,4.7,10.0,106.0,186.0,185.0,2.25,1.5,3.75,2.0,3.5,1.5,1.19,2.68,1.31,2.5,,Liverpool
Opponent Total,,,27.0,4,44,360.0,4.0,4.0,3.0,7.0,4.0,0.0,0.0,8.0,2.0,3.3,3.3,2.5,5.8,53.0,83.0,80.0,1.0,0.75,1.75,1.0,1.75,0.82,0.64,1.46,0.82,1.46,,Liverpool
Gabriel Magalhães,br BRA,DF,27-271,4,4,360.0,4.0,0.0,0.0,0.0,0.0,0.0,0.0,0.0,0.0,0.3,0.3,0.0,0.3,4.0,17.0,1.0,0.0,0.0,0.0,0.0,0.0,0.07,0.0,0.07,0.07,0.07,Matches,Arsenal
David Raya,es ESP,GK,30-001,4,4,360.0,4.0,0.0,0.0,0.0,0.0,0.0,0.0,1.0,0.0,0.0,0.0,0.1,0.1,0.0,1.0,0.0,0.0,0.0,0.0,0.0,0.0,0.0,0.01,0.01,0.0,0.01,Matches,Arsenal
Martín Zubimendi,es ESP,MF,26-226,4,4,360.0,4.0,2.0,0.0,2.0,2.0,0.0,0.0,1.0,0.0,0.2,0.2,0.0,0.2,3.0,15.0,4.0,0.5,0.0,0.5,0.5,0.5,0.05,0.01,0.06,0.05,0.06,Matches,Arsenal
Viktor Gyökeres,se SWE,FW,27-104,4,4,306.0,3.4,3.0,0.0,3.0,2.0,1.0,1.0,1.0,0.0,2.1,1.3,0.1,1.5,1.0,2.0,19.0,0.88,0.0,0.88,0.59,0.59,0.62,0.04,0.67,0.39,0.44,Matches,Arsenal
Riccardo Calafiori,it ITA,DF,23-120,4,4,291.0,3.2,1.0,2.0,3.0,1.0,0.0,0.0,2.0,0.0,1.4,1.4,0.5,1.9,10.0,11.0,16.0,0.31,0.62,0.93,0.31,0.93,0.44,0.15,0.59,0.44,0.59,Matches,Arsenal
Declan Rice,eng ENG,MF,26-245,4,3,285.0,3.2,0.0,1.0,1.0,0.0,0.0,0.0,0.0,0.0,0.1,0.1,0.5,0.7,7.0,13.0,1.0,0.0,0.32,0.32,0.0,0.32,0.05,0.16,0.21,0.05,0.21,Matches,Arsenal
Jurriën Timber,nl NED,DF,24-091,4,3,263.0,2.9,2.0,1.0,3.0,2.0,0.0,0.0,1.0,0.0,1.1,1.1,0.2,1.3,7.0,20.0,8.0,0.68,0.34,1.03,0.68,1.03,0.38,0.06,0.44,0.38,0.44,Matches,Arsenal
Noni Madueke,eng ENG,FW,23-190,4,3,259.0,2.9,0.0,0.0,0.0,0.0,0.0,0.0,0.0,0.0,0.1,0.1,0.8,1.0,15.0,8.0,35.0,0.0,0.0,0.0,0.0,0.0,0.05,0.29,0.34,0.05,0.34,Matches,Arsenal
William Saliba,fr FRA,DF,24-176,3,3,184.0,2.0,0.0,0.0,0.0,0.0,0.0,0.0,0.0,0.0,0.0,0.0,0.0,0.0,1.0,7.0,0.0,0.0,0.0,0.0,0.0,0.0,0.0,0.0,0.0,0.0,0.0,Matches,Arsenal
Martin Ødegaard,no NOR,MF,26-273,4,3,165.0,1.8,0.0,0.0,0.0,0.0,0.0,0.0,0.0,0.0,0.1,0.1,0.1,0.3,8.0,15.0,4.0,0.0,0.0,0.0,0.0,0.0,0.08,0.08,0.16,0.08,0.16,Matches,Arsenal
Mikel Merino,es ESP,"MF,FW",29-086,3,2,167.0,1.9,0.0,0.0,0.0,0.0,0.0,0.0,0.0,0.0,0.1,0.1,0.1,0.2,3.0,6.0,5.0,0.0,0.0,0.0,0.0,0.0,0.07,0.03,0.1,0.07,0.1,Matches,Arsenal
Bukayo Saka,eng ENG,FW,24-011,2,2,142.0,1.6,1.0,0.0,1.0,1.0,0.0,0.0,0.0,0.0,0.3,0.3,0.1,0.4,5.0,2.0,15.0,0.63,0.0,0.63,0.63,0.63,0.16,0.07,0.23,0.16,0.23,Matches,Arsenal
Gabriel Martinelli,br BRA,FW,24-090,3,2,141.0,1.6,0.0,0.0,0.0,0.0,0.0,0.0,0.0,0.0,0.0,0.0,0.0,0.1,4.0,3.0,4.0,0.0,0.0,0.0,0.0,0.0,0.01,0.02,0.04,0.01,0.04,Matches,Arsenal
Cristhian Mosquera,es ESP,DF,21-081,3,1,203.0,2.3,0.0,0.0,0.0,0.0,0.0,0.0,0.0,0.0,0.0,0.0,0.0,0.0,2.0,5.0,0.0,0.0,0.0,0.0,0.0,0.0,0.0,0.0,0.0,0.0,0.0,Matches,Arsenal
Eberechi Eze,eng ENG,FW,27-079,2,1,99.0,1.1,0.0,1.0,1.0,0.0,0.0,0.0,0.0,0.0,0.1,0.1,0.5,0.5,5.0,4.0,10.0,0.0,0.91,0.91,0.0,0.91,0.05,0.42,0.47,0.05,0.47,Matches,Arsenal
Ben White,eng ENG,DF,27-343,1,1,70.0,0.8,0.0,0.0,0.0,0.0,0.0,0.0,0.0,0.0,0.0,0.0,0.0,0.1,1.0,4.0,0.0,0.0,0.0,0.0,0.0,0.0,0.02,0.06,0.07,0.02,0.07,Matches,Arsenal
Ethan Nwaneri,eng ENG,MF,18-179,2,0,126.0,1.4,0.0,0.0,0.0,0.0,0.0,0.0,0.0,0.0,0.2,0.2,0.0,0.2,5.0,9.0,5.0,0.0,0.0,0.0,0.0,0.0,0.12,0.03,0.15,0.12,0.15,Matches,Arsenal
Myles Lewis-Skelly,eng ENG,DF,18-355,3,0,69.0,0.8,0.0,0.0,0.0,0.0,0.0,0.0,1.0,0.0,0.0,0.0,0.0,0.0,1.0,0.0,2.0,0.0,0.0,0.0,0.0,0.0,0.0,0.0,0.0,0.0,0.0,Matches,Arsenal
Leandro Trossard,be BEL,FW,30-286,2,0,50.0,0.6,0.0,1.0,1.0,0.0,0.0,0.0,0.0,0.0,0.1,0.1,0.1,0.2,1.0,1.0,4.0,0.0,1.8,1.8,0.0,1.8,0.13,0.23,0.36,0.13,0.36,Matches,Arsenal
Kai Havertz,de GER,FW,26-097,1,0,31.0,0.3,0.0,0.0,0.0,0.0,0.0,0.0,0.0,0.0,0.0,0.0,0.0,0.0,1.0,2.0,2.0,0.0,0.0,0.0,0.0,0.0,0.0,0.0,0.0,0.0,0.0,Matches,Arsenal
Max Dowman,eng ENG,FW,15-259,2,0,29.0,0.3,0.0,0.0,0.0,0.0,0.0,0.0,0.0,0.0,0.1,0.1,0.0,0.1,4.0,0.0,6.0,0.0,0.0,0.0,0.0,0.0,0.43,0.0,0.43,0.43,0.43,Matches,Arsenal
Andre Annous,eng ENG,FW,17-263,0,0,,,,,,,,,,,,,,,,,,,,,,,,,,,,Matches,Arsenal
Kepa Arrizabalaga,es ESP,GK,30-348,0,0,,,,,,,,,,,,,,,,,,,,,,,,,,,,Matches,Arsenal
Piero Hincapié,ec ECU,DF,23-250,0,0,,,,,,,,,,,,,,,,,,,,,,,,,,,,Matches,Arsenal
Jakub Kiwior,pl POL,"DF,MF",25-213,0,0,,,,,,,,,,,,,,,,,,,,,,,,,,,,Matches,Arsenal
Squad Total,,,25.7,4,44,360.0,4.0,9.0,6.0,15.0,8.0,1.0,1.0,7.0,0.0,6.2,5.5,3.2,8.6,88.0,145.0,141.0,2.25,1.5,3.75,2.0,3.5,1.56,0.79,2.36,1.36,2.16,,Arsenal
Opponent Total,,,26.4,4,44,360.0,4.0,1.0,0.0,1.0,1.0,0.0,0.0,6.0,0.0,2.4,2.4,1.9,4.2,75.0,110.0,110.0,0.25,0.0,0.25,0.25,0.25,0.6,0.46,1.06,0.6,1.06,,Arsenal
Cristian Romero,ar ARG,DF,27-142,4,4,360.0,4.0,0.0,1.0,1.0,0.0,0.0,0.0,1.0,0.0,0.1,0.1,0.2,0.2,1.0,15.0,0.0,0.0,0.25,0.25,0.0,0.25,0.02,0.04,0.05,0.02,0.05,Matches,Tottenham-Hotspur
Guglielmo Vicario,it ITA,GK,28-344,4,4,360.0,4.0,0.0,0.0,0.0,0.0,0.0,0.0,0.0,0.0,0.0,0.0,0.0,0.0,0.0,0.0,0.0,0.0,0.0,0.0,0.0,0.0,0.0,0.0,0.0,0.0,0.0,Matches,Tottenham-Hotspur
Mohammed Kudus,gh GHA,"FW,MF",25-045,4,4,349.0,3.9,0.0,2.0,2.0,0.0,0.0,0.0,0.0,0.0,0.5,0.5,1.1,1.6,10.0,6.0,25.0,0.0,0.52,0.52,0.0,0.52,0.14,0.29,0.42,0.14,0.42,Matches,Tottenham-Hotspur
Micky van de Ven,nl NED,DF,24-150,4,4,349.0,3.9,1.0,0.0,1.0,1.0,0.0,0.0,1.0,0.0,0.7,0.7,0.1,0.7,4.0,6.0,0.0,0.26,0.0,0.26,0.26,0.26,0.17,0.02,0.19,0.17,0.19,Matches,Tottenham-Hotspur
Pape Matar Sarr,sn SEN,MF,23-002,4,4,345.0,3.8,1.0,1.0,2.0,1.0,0.0,0.0,0.0,0.0,0.3,0.3,0.4,0.8,3.0,12.0,14.0,0.26,0.26,0.52,0.26,0.52,0.08,0.12,0.2,0.08,0.2,Matches,Tottenham-Hotspur
Pedro Porro,es ESP,DF,26-003,4,4,340.0,3.8,0.0,0.0,0.0,0.0,0.0,0.0,1.0,0.0,0.1,0.1,0.6,0.7,10.0,15.0,7.0,0.0,0.0,0.0,0.0,0.0,0.03,0.15,0.18,0.03,0.18,Matches,Tottenham-Hotspur
Djed Spence,eng ENG,DF,25-038,4,4,340.0,3.8,0.0,0.0,0.0,0.0,0.0,0.0,2.0,0.0,0.2,0.2,0.0,0.2,15.0,20.0,21.0,0.0,0.0,0.0,0.0,0.0,0.05,0.01,0.06,0.05,0.06,Matches,Tottenham-Hotspur
Richarlison,br BRA,FW,28-129,4,3,257.0,2.9,2.0,1.0,3.0,2.0,0.0,0.0,1.0,0.0,0.8,0.8,0.7,1.6,2.0,5.0,4.0,0.7,0.35,1.05,0.7,1.05,0.3,0.25,0.54,0.3,0.54,Matches,Tottenham-Hotspur
João Palhinha,pt POR,MF,30-069,4,3,243.0,2.7,1.0,0.0,1.0,1.0,0.0,0.0,0.0,0.0,0.4,0.4,0.0,0.4,1.0,7.0,3.0,0.37,0.0,0.37,0.37,0.37,0.13,0.0,0.13,0.13,0.13,Matches,Tottenham-Hotspur
Brennan Johnson,wls WAL,FW,24-116,4,3,220.0,2.4,2.0,0.0,2.0,2.0,0.0,0.0,1.0,0.0,0.9,0.9,0.2,1.1,7.0,5.0,17.0,0.82,0.0,0.82,0.82,0.82,0.37,0.07,0.44,0.37,0.44,Matches,Tottenham-Hotspur
Rodrigo Bentancur,uy URU,MF,28-083,3,2,200.0,2.2,0.0,0.0,0.0,0.0,0.0,0.0,0.0,0.0,0.0,0.0,0.0,0.0,2.0,10.0,3.0,0.0,0.0,0.0,0.0,0.0,0.0,0.01,0.01,0.0,0.01,Matches,Tottenham-Hotspur
Lucas Bergvall,se SWE,MF,19-226,4,2,200.0,2.2,1.0,1.0,2.0,1.0,0.0,0.0,0.0,0.0,0.3,0.3,0.3,0.5,6.0,10.0,10.0,0.45,0.45,0.9,0.45,0.9,0.13,0.11,0.25,0.13,0.25,Matches,Tottenham-Hotspur
Mathys Tel,fr FRA,FW,20-142,3,1,99.0,1.1,0.0,0.0,0.0,0.0,0.0,0.0,0.0,0.0,0.1,0.1,0.0,0.1,2.0,3.0,7.0,0.0,0.0,0.0,0.0,0.0,0.06,0.0,0.06,0.06,0.06,Matches,Tottenham-Hotspur
Archie Gray,eng ENG,MF,19-188,1,1,70.0,0.8,0.0,0.0,0.0,0.0,0.0,0.0,0.0,0.0,0.0,0.0,0.0,0.0,2.0,6.0,0.0,0.0,0.0,0.0,0.0,0.0,0.0,0.0,0.0,0.0,0.0,Matches,Tottenham-Hotspur
Xavi Simons,nl NED,FW,22-148,1,1,70.0,0.8,0.0,1.0,1.0,0.0,0.0,0.0,0.0,0.0,0.0,0.0,0.1,0.2,6.0,4.0,6.0,0.0,1.29,1.29,0.0,1.29,0.04,0.16,0.2,0.04,0.2,Matches,Tottenham-Hotspur
Wilson Odobert,fr FRA,"FW,MF",20-292,4,0,73.0,0.8,0.0,0.0,0.0,0.0,0.0,0.0,0.0,0.0,0.3,0.3,0.1,0.4,2.0,5.0,9.0,0.0,0.0,0.0,0.0,0.0,0.37,0.16,0.52,0.37,0.52,Matches,Tottenham-Hotspur
Destiny Udogie,it ITA,DF,22-292,2,0,40.0,0.4,0.0,0.0,0.0,0.0,0.0,0.0,0.0,0.0,0.0,0.0,0.0,0.1,1.0,7.0,8.0,0.0,0.0,0.0,0.0,0.0,0.05,0.07,0.12,0.05,0.12,Matches,Tottenham-Hotspur
Dominic Solanke,eng ENG,FW,28-002,2,0,33.0,0.4,0.0,0.0,0.0,0.0,0.0,0.0,0.0,0.0,0.2,0.2,0.0,0.2,0.0,0.0,2.0,0.0,0.0,0.0,0.0,0.0,0.57,0.0,0.57,0.57,0.57,Matches,Tottenham-Hotspur
Kevin Danso,at AUT,DF,26-362,2,0,12.0,0.1,0.0,0.0,0.0,0.0,0.0,0.0,0.0,0.0,0.0,0.0,0.0,0.0,0.0,2.0,0.0,0.0,0.0,0.0,0.0,0.0,0.0,0.0,0.0,0.0,0.0,Matches,Tottenham-Hotspur
Ben Davies,wls WAL,"DF,MF",32-145,0,0,,,,,,,,,,,,,,,,,,,,,,,,,,,,Matches,Tottenham-Hotspur
Antonín Kinský,cz CZE,GK,22-187,0,0,,,,,,,,,,,,,,,,,,,,,,,,,,,,Matches,Tottenham-Hotspur
Randal Kolo Muani,fr FRA,"FW,MF",26-285,0,0,,,,,,,,,,,,,,,,,,,,,,,,,,,,Matches,Tottenham-Hotspur
Manor Solomon,il ISR,"FW,MF",26-054,0,0,,,,,,,,,,,,,,,,,,,,,,,,,,,,Matches,Tottenham-Hotspur
Luka Vušković,hr CRO,DF,18-204,0,0,,,,,,,,,,,,,,,,,,,,,,,,,,,,Matches,Tottenham-Hotspur
Squad Total,,,25.5,4,44,360.0,4.0,8.0,7.0,15.0,8.0,0.0,0.0,7.0,0.0,4.8,4.8,3.8,8.6,74.0,138.0,136.0,2.0,1.75,3.75,2.0,3.75,1.21,0.95,2.16,1.21,2.16,,Tottenham-Hotspur
Opponent Total,,,26.4,4,44,360.0,4.0,1.0,1.0,2.0,1.0,0.0,0.0,5.0,1.0,4.6,4.6,4.0,8.6,50.0,115.0,114.0,0.25,0.25,0.5,0.25,0.5,1.15,1.01,2.16,1.15,2.16,,Tottenham-Hotspur
Đorđe Petrović,rs SRB,GK,25-343,4,4,360.0,4.0,0.0,0.0,0.0,0.0,0.0,0.0,1.0,0.0,0.0,0.0,0.0,0.0,0.0,0.0,0.0,0.0,0.0,0.0,0.0,0.0,0.0,0.0,0.0,0.0,0.0,Matches,Bournemouth
Antoine Semenyo,gh GHA,"FW,MF",25-252,4,4,360.0,4.0,3.0,2.0,5.0,2.0,1.0,1.0,1.0,0.0,2.7,1.9,0.4,2.3,12.0,15.0,22.0,0.75,0.5,1.25,0.5,1.0,0.67,0.1,0.77,0.47,0.57,Matches,Bournemouth
Marcos Senesi,ar ARG,DF,28-129,4,4,360.0,4.0,0.0,1.0,1.0,0.0,0.0,0.0,1.0,0.0,0.1,0.1,0.2,0.3,1.0,15.0,0.0,0.0,0.25,0.25,0.0,0.25,0.03,0.05,0.08,0.03,0.08,Matches,Bournemouth
Adrien Truffert,fr FRA,DF,23-300,4,4,360.0,4.0,0.0,0.0,0.0,0.0,0.0,0.0,0.0,0.0,0.0,0.0,0.5,0.6,11.0,19.0,14.0,0.0,0.0,0.0,0.0,0.0,0.0,0.14,0.14,0.0,0.14,Matches,Bournemouth
Tyler Adams,us USA,MF,26-214,4,4,356.0,4.0,0.0,0.0,0.0,0.0,0.0,0.0,3.0,0.0,0.1,0.1,0.0,0.1,0.0,10.0,4.0,0.0,0.0,0.0,0.0,0.0,0.01,0.01,0.02,0.01,0.02,Matches,Bournemouth
Evanilson,br BRA,FW,25-345,4,4,346.0,3.8,1.0,0.0,1.0,1.0,0.0,0.0,1.0,0.0,0.9,0.9,0.5,1.4,4.0,5.0,12.0,0.26,0.0,0.26,0.26,0.26,0.24,0.13,0.37,0.24,0.37,Matches,Bournemouth
Marcus Tavernier,eng ENG,MF,26-178,4,4,332.0,3.7,1.0,0.0,1.0,1.0,0.0,0.0,0.0,0.0,0.9,0.9,0.3,1.1,11.0,16.0,22.0,0.27,0.0,0.27,0.27,0.27,0.24,0.07,0.31,0.24,0.31,Matches,Bournemouth
David Brooks,wls WAL,"MF,FW",28-070,4,4,277.0,3.1,0.0,1.0,1.0,0.0,0.0,0.0,2.0,0.0,0.8,0.8,1.4,2.2,6.0,10.0,24.0,0.0,0.32,0.32,0.0,0.32,0.25,0.45,0.7,0.25,0.7,Matches,Bournemouth
Alex Scott,eng ENG,MF,22-026,4,4,266.0,3.0,1.0,0.0,1.0,1.0,0.0,0.0,1.0,0.0,0.2,0.2,0.3,0.4,6.0,5.0,9.0,0.34,0.0,0.34,0.34,0.34,0.06,0.09,0.15,0.06,0.15,Matches,Bournemouth
Bafodé Diakité,fr FRA,DF,24-253,3,3,270.0,3.0,0.0,0.0,0.0,0.0,0.0,0.0,0.0,0.0,0.0,0.0,0.0,0.0,0.0,4.0,1.0,0.0,0.0,0.0,0.0,0.0,0.0,0.01,0.01,0.0,0.01,Matches,Bournemouth
Adam Smith,eng ENG,DF,34-140,3,3,204.0,2.3,0.0,0.0,0.0,0.0,0.0,0.0,0.0,0.0,0.0,0.0,0.3,0.3,1.0,6.0,2.0,0.0,0.0,0.0,0.0,0.0,0.0,0.12,0.12,0.0,0.12,Matches,Bournemouth
James Hill,eng ENG,DF,23-249,4,1,155.0,1.7,0.0,0.0,0.0,0.0,0.0,0.0,1.0,0.0,0.1,0.1,0.0,0.1,0.0,7.0,3.0,0.0,0.0,0.0,0.0,0.0,0.07,0.0,0.07,0.07,0.07,Matches,Bournemouth
Veljko Milosavljević,rs SRB,DF,18-080,1,1,90.0,1.0,0.0,0.0,0.0,0.0,0.0,0.0,0.0,0.0,0.0,0.0,0.1,0.1,0.0,3.0,0.0,0.0,0.0,0.0,0.0,0.0,0.0,0.06,0.06,0.0,0.06,Matches,Bournemouth
Amine Adli,ma MAR,"MF,FW",25-129,3,0,76.0,0.8,0.0,0.0,0.0,0.0,0.0,0.0,0.0,0.0,0.0,0.0,0.1,0.1,3.0,3.0,11.0,0.0,0.0,0.0,0.0,0.0,0.05,0.1,0.14,0.05,0.14,Matches,Bournemouth
Ryan Christie,sct SCO,MF,30-206,2,0,53.0,0.6,0.0,0.0,0.0,0.0,0.0,0.0,0.0,0.0,0.1,0.1,0.0,0.1,2.0,5.0,0.0,0.0,0.0,0.0,0.0,0.0,0.1,0.04,0.13,0.1,0.13,Matches,Bournemouth
Justin Kluivert,nl NED,"MF,FW",26-134,3,0,47.0,0.5,0.0,0.0,0.0,0.0,0.0,0.0,0.0,0.0,0.2,0.2,0.2,0.4,1.0,4.0,2.0,0.0,0.0,0.0,0.0,0.0,0.39,0.33,0.72,0.39,0.72,Matches,Bournemouth
Hamed Junior Traorè,ci CIV,MF,25-212,1,0,17.0,0.2,0.0,1.0,1.0,0.0,0.0,0.0,0.0,0.0,0.0,0.0,0.2,0.2,0.0,0.0,0.0,0.0,5.29,5.29,0.0,5.29,0.0,1.1,1.1,0.0,1.1,Matches,Bournemouth
Eli Junior Kroupi,fr FRA,"FW,MF",19-085,3,0,14.0,0.2,0.0,0.0,0.0,0.0,0.0,0.0,0.0,0.0,0.0,0.0,0.0,0.0,1.0,0.0,0.0,0.0,0.0,0.0,0.0,0.0,0.0,0.0,0.0,0.0,0.0,Matches,Bournemouth
Ben Winterburn,eng ENG,MF,21-012,1,0,7.0,0.1,0.0,0.0,0.0,0.0,0.0,0.0,0.0,0.0,0.0,0.0,0.0,0.0,0.0,0.0,0.0,0.0,0.0,0.0,0.0,0.0,0.0,0.0,0.0,0.0,0.0,Matches,Bournemouth
Lewis Cook,eng ENG,MF,28-225,1,0,5.0,0.1,0.0,0.0,0.0,0.0,0.0,0.0,0.0,0.0,0.0,0.0,0.0,0.0,0.0,0.0,0.0,0.0,0.0,0.0,0.0,0.0,0.0,0.0,0.0,0.0,0.0,Matches,Bournemouth
Álex Jiménez,es ESP,DF,20-131,1,0,4.0,0.0,0.0,0.0,0.0,0.0,0.0,0.0,1.0,0.0,0.0,0.0,0.0,0.0,0.0,0.0,0.0,0.0,0.0,0.0,0.0,0.0,0.0,0.0,0.0,0.0,0.0,Matches,Bournemouth
Julio Soler,ar ARG,FW,20-212,1,0,1.0,0.0,0.0,0.0,0.0,0.0,0.0,0.0,0.0,0.0,0.0,0.0,0.0,0.0,0.0,0.0,0.0,0.0,0.0,0.0,0.0,0.0,0.0,0.0,0.0,0.0,0.0,Matches,Bournemouth
Julian Araujo,mx MEX,DF,24-034,0,0,,,,,,,,,,,,,,,,,,,,,,,,,,,,Matches,Bournemouth
Philip Billing,dk DEN,MF,29-097,0,0,,,,,,,,,,,,,,,,,,,,,,,,,,,,Matches,Bournemouth
Will Dennis,eng ENG,GK,25-068,0,0,,,,,,,,,,,,,,,,,,,,,,,,,,,,Matches,Bournemouth
Ben Doak,sct SCO,"FW,MF",19-309,0,0,,,,,,,,,,,,,,,,,,,,,,,,,,,,Matches,Bournemouth
Romain Faivre,fr FRA,"FW,MF",27-064,0,0,,,,,,,,,,,,,,,,,,,,,,,,,,,,Matches,Bournemouth
Remy Rees-Dottin,eng ENG,FW,19-194,0,0,,,,,,,,,,,,,,,,,,,,,,,,,,,,Matches,Bournemouth
Squad Total,,,26.1,4,44,360.0,4.0,6.0,5.0,11.0,5.0,1.0,1.0,12.0,0.0,6.0,5.2,4.5,9.6,59.0,127.0,126.0,1.5,1.25,2.75,1.25,2.5,1.49,1.11,2.6,1.29,2.41,,Bournemouth
Opponent Total,,,27.1,4,44,360.0,4.0,5.0,4.0,9.0,5.0,0.0,0.0,11.0,1.0,3.5,3.5,2.9,6.4,64.0,133.0,131.0,1.25,1.0,2.25,1.25,2.25,0.86,0.73,1.59,0.86,1.59,,Bournemouth
Moisés Caicedo,ec ECU,MF,23-318,4,4,360.0,4.0,2.0,0.0,2.0,2.0,0.0,0.0,1.0,0.0,0.4,0.4,0.0,0.4,4.0,25.0,2.0,0.5,0.0,0.5,0.5,0.5,0.1,0.0,0.1,0.1,0.1,Matches,Chelsea
Robert Sánchez,es ESP,GK,27-302,4,4,360.0,4.0,0.0,0.0,0.0,0.0,0.0,0.0,0.0,0.0,0.0,0.0,0.0,0.0,0.0,0.0,0.0,0.0,0.0,0.0,0.0,0.0,0.0,0.0,0.0,0.0,0.0,Matches,Chelsea
Pedro Neto,pt POR,FW,25-191,4,4,350.0,3.9,1.0,0.0,1.0,1.0,0.0,0.0,0.0,0.0,0.5,0.5,0.9,1.4,18.0,14.0,39.0,0.26,0.0,0.26,0.26,0.26,0.14,0.23,0.37,0.14,0.37,Matches,Chelsea
Enzo Fernández,ar ARG,MF,24-242,4,4,348.0,3.9,2.0,1.0,3.0,1.0,1.0,1.0,0.0,0.0,1.9,1.1,0.7,1.9,5.0,19.0,16.0,0.52,0.26,0.78,0.26,0.52,0.5,0.19,0.69,0.29,0.48,Matches,Chelsea
Trevoh Chalobah,eng ENG,DF,26-073,4,4,338.0,3.8,1.0,0.0,1.0,1.0,0.0,0.0,0.0,0.0,0.6,0.6,0.0,0.6,6.0,22.0,0.0,0.27,0.0,0.27,0.27,0.27,0.15,0.0,0.15,0.15,0.15,Matches,Chelsea
João Pedro,br BRA,"FW,MF",23-355,4,4,330.0,3.7,2.0,3.0,5.0,2.0,0.0,0.0,0.0,0.0,1.5,1.5,1.2,2.7,6.0,10.0,26.0,0.55,0.82,1.36,0.55,1.36,0.41,0.33,0.74,0.41,0.74,Matches,Chelsea
Marc Cucurella,es ESP,DF,27-056,4,3,293.0,3.3,0.0,1.0,1.0,0.0,0.0,0.0,0.0,0.0,0.2,0.2,0.8,1.0,7.0,17.0,14.0,0.0,0.31,0.31,0.0,0.31,0.05,0.24,0.29,0.05,0.29,Matches,Chelsea
Tosin Adarabioyo,eng ENG,DF,27-357,3,3,270.0,3.0,0.0,0.0,0.0,0.0,0.0,0.0,0.0,0.0,0.0,0.0,0.0,0.0,1.0,13.0,0.0,0.0,0.0,0.0,0.0,0.0,0.0,0.0,0.0,0.0,0.0,Matches,Chelsea
Estêvão Willian,br BRA,FW,18-145,3,2,180.0,2.0,0.0,1.0,1.0,0.0,0.0,0.0,1.0,0.0,1.0,1.0,0.9,1.9,7.0,3.0,19.0,0.0,0.5,0.5,0.0,0.5,0.49,0.44,0.93,0.49,0.93,Matches,Chelsea
Malo Gusto,fr FRA,DF,22-120,3,2,170.0,1.9,0.0,0.0,0.0,0.0,0.0,0.0,0.0,0.0,0.0,0.0,0.0,0.0,2.0,12.0,7.0,0.0,0.0,0.0,0.0,0.0,0.01,0.01,0.02,0.01,0.02,Matches,Chelsea
Jamie Gittens,eng ENG,FW,21-039,4,2,145.0,1.6,0.0,0.0,0.0,0.0,0.0,0.0,0.0,0.0,0.1,0.1,0.1,0.2,5.0,1.0,11.0,0.0,0.0,0.0,0.0,0.0,0.07,0.09,0.15,0.07,0.15,Matches,Chelsea
Liam Delap,eng ENG,FW,22-220,3,2,92.0,1.0,0.0,0.0,0.0,0.0,0.0,0.0,0.0,0.0,0.2,0.2,0.0,0.2,2.0,3.0,4.0,0.0,0.0,0.0,0.0,0.0,0.22,0.0,0.22,0.22,0.22,Matches,Chelsea
Reece James,eng ENG,DF,25-282,4,1,155.0,1.7,0.0,0.0,0.0,0.0,0.0,0.0,1.0,0.0,0.1,0.1,0.5,0.6,4.0,13.0,1.0,0.0,0.0,0.0,0.0,0.0,0.04,0.3,0.34,0.04,0.34,Matches,Chelsea
Cole Palmer,eng ENG,MF,23-133,2,1,125.0,1.4,1.0,0.0,1.0,1.0,0.0,0.0,0.0,0.0,0.8,0.8,0.0,0.8,9.0,10.0,14.0,0.72,0.0,0.72,0.72,0.72,0.58,0.02,0.6,0.58,0.6,Matches,Chelsea
Joshua Acheampong,eng ENG,DF,19-134,1,1,90.0,1.0,0.0,0.0,0.0,0.0,0.0,0.0,0.0,0.0,0.1,0.1,0.0,0.1,0.0,3.0,0.0,0.0,0.0,0.0,0.0,0.0,0.09,0.0,0.09,0.09,0.09,Matches,Chelsea
Wesley Fofana,fr FRA,DF,24-273,2,1,67.0,0.7,0.0,0.0,0.0,0.0,0.0,0.0,0.0,0.0,0.0,0.0,0.0,0.0,2.0,2.0,1.0,0.0,0.0,0.0,0.0,0.0,0.0,0.0,0.0,0.0,0.0,Matches,Chelsea
Jorrel Hato,nl NED,DF,19-193,2,1,67.0,0.7,0.0,0.0,0.0,0.0,0.0,0.0,2.0,0.0,0.0,0.0,0.0,0.0,0.0,2.0,1.0,0.0,0.0,0.0,0.0,0.0,0.0,0.0,0.0,0.0,0.0,Matches,Chelsea
Facundo Buonanotte,ar ARG,MF,20-267,1,1,45.0,0.5,0.0,0.0,0.0,0.0,0.0,0.0,0.0,0.0,0.0,0.0,0.3,0.3,0.0,0.0,5.0,0.0,0.0,0.0,0.0,0.0,0.0,0.51,0.51,0.0,0.51,Matches,Chelsea
Tyrique George,eng ENG,FW,19-224,2,0,112.0,1.2,0.0,0.0,0.0,0.0,0.0,0.0,1.0,0.0,0.2,0.2,0.0,0.2,1.0,3.0,7.0,0.0,0.0,0.0,0.0,0.0,0.2,0.0,0.2,0.2,0.2,Matches,Chelsea
Andrey Santos,br BRA,MF,21-136,3,0,51.0,0.6,0.0,0.0,0.0,0.0,0.0,0.0,1.0,0.0,0.3,0.3,0.1,0.4,2.0,3.0,5.0,0.0,0.0,0.0,0.0,0.0,0.54,0.1,0.65,0.54,0.65,Matches,Chelsea
Alejandro Garnacho,ar ARG,FW,21-077,1,0,12.0,0.1,0.0,0.0,0.0,0.0,0.0,0.0,0.0,0.0,0.0,0.0,0.1,0.1,3.0,0.0,2.0,0.0,0.0,0.0,0.0,0.0,0.0,0.66,0.66,0.0,0.66,Matches,Chelsea
Dario Essugo,pt POR,MF,20-186,0,0,,,,,,,,,,,,,,,,,,,,,,,,,,,,Matches,Chelsea
Filip Jørgensen,dk DEN,GK,23-153,0,0,,,,,,,,,,,,,,,,,,,,,,,,,,,,Matches,Chelsea
Gaga Slonina,us USA,GK,21-124,0,0,,,,,,,,,,,,,,,,,,,,,,,,,,,,Matches,Chelsea
Squad Total,,,24.4,4,44,360.0,4.0,9.0,6.0,15.0,8.0,1.0,1.0,7.0,0.0,7.7,6.9,5.6,12.5,84.0,175.0,174.0,2.25,1.5,3.75,2.0,3.5,1.92,1.4,3.32,1.73,3.12,,Chelsea
Opponent Total,,,27.2,4,44,360.0,4.0,3.0,3.0,6.0,3.0,0.0,0.0,8.0,0.0,3.7,3.7,3.2,6.9,43.0,94.0,92.0,0.75,0.75,1.5,0.75,1.5,0.93,0.8,1.72,0.93,1.72,,Chelsea
Kiernan Dewsbury-Hall,eng ENG,MF,27-010,4,4,360.0,4.0,1.0,1.0,2.0,1.0,0.0,0.0,3.0,0.0,0.1,0.1,1.6,1.7,6.0,24.0,14.0,0.25,0.25,0.5,0.25,0.5,0.03,0.39,0.42,0.03,0.42,Matches,Everton
James Garner,eng ENG,"DF,MF",24-187,4,4,360.0,4.0,1.0,0.0,1.0,1.0,0.0,0.0,1.0,0.0,0.2,0.2,0.7,0.8,2.0,19.0,6.0,0.25,0.0,0.25,0.25,0.25,0.04,0.17,0.21,0.04,0.21,Matches,Everton
Michael Keane,eng ENG,DF,32-248,4,4,360.0,4.0,0.0,0.0,0.0,0.0,0.0,0.0,0.0,0.0,0.5,0.5,0.1,0.7,0.0,6.0,0.0,0.0,0.0,0.0,0.0,0.0,0.14,0.03,0.17,0.14,0.17,Matches,Everton
Jake O'Brien,ie IRL,DF,24-124,4,4,360.0,4.0,0.0,0.0,0.0,0.0,0.0,0.0,0.0,0.0,0.3,0.3,0.0,0.4,3.0,10.0,16.0,0.0,0.0,0.0,0.0,0.0,0.08,0.01,0.09,0.08,0.09,Matches,Everton
Jordan Pickford,eng ENG,GK,31-193,4,4,360.0,4.0,0.0,0.0,0.0,0.0,0.0,0.0,0.0,0.0,0.0,0.0,0.0,0.0,0.0,0.0,0.0,0.0,0.0,0.0,0.0,0.0,0.0,0.0,0.0,0.0,0.0,Matches,Everton
James Tarkowski,eng ENG,DF,32-301,4,4,360.0,4.0,0.0,0.0,0.0,0.0,0.0,0.0,0.0,0.0,0.4,0.4,0.1,0.5,3.0,15.0,0.0,0.0,0.0,0.0,0.0,0.0,0.1,0.02,0.12,0.1,0.12,Matches,Everton
Idrissa Gana Gueye,sn SEN,MF,35-355,4,4,345.0,3.8,0.0,0.0,0.0,0.0,0.0,0.0,0.0,0.0,0.4,0.4,0.1,0.6,2.0,15.0,6.0,0.0,0.0,0.0,0.0,0.0,0.12,0.03,0.15,0.12,0.15,Matches,Everton
Iliman Ndiaye,sn SEN,FW,25-194,4,4,332.0,3.7,2.0,0.0,2.0,2.0,0.0,0.0,0.0,0.0,1.3,1.3,0.5,1.8,10.0,5.0,18.0,0.54,0.0,0.54,0.54,0.54,0.35,0.13,0.48,0.35,0.48,Matches,Everton
Jack Grealish,eng ENG,FW,30-006,4,3,286.0,3.2,0.0,4.0,4.0,0.0,0.0,0.0,1.0,0.0,0.4,0.4,2.0,2.4,25.0,13.0,29.0,0.0,1.26,1.26,0.0,1.26,0.13,0.62,0.74,0.13,0.74,Matches,Everton
Beto,gw GNB,FW,27-228,4,3,266.0,3.0,1.0,0.0,1.0,1.0,0.0,0.0,1.0,0.0,1.8,1.8,0.2,2.0,1.0,2.0,13.0,0.34,0.0,0.34,0.34,0.34,0.61,0.06,0.67,0.61,0.67,Matches,Everton
Tim Iroegbunam,eng ENG,MF,22-078,4,3,220.0,2.4,0.0,0.0,0.0,0.0,0.0,0.0,3.0,0.0,0.2,0.2,0.0,0.2,1.0,6.0,2.0,0.0,0.0,0.0,0.0,0.0,0.06,0.0,0.06,0.06,0.06,Matches,Everton
Carlos Alcaraz,ar ARG,"FW,MF",22-290,3,1,115.0,1.3,0.0,0.0,0.0,0.0,0.0,0.0,1.0,0.0,0.0,0.0,0.0,0.0,1.0,1.0,7.0,0.0,0.0,0.0,0.0,0.0,0.01,0.0,0.01,0.01,0.01,Matches,Everton
Thierno Barry,fr FRA,"FW,MF",22-330,4,1,99.0,1.1,0.0,0.0,0.0,0.0,0.0,0.0,0.0,0.0,0.5,0.5,0.0,0.5,2.0,1.0,5.0,0.0,0.0,0.0,0.0,0.0,0.42,0.0,0.42,0.42,0.42,Matches,Everton
Vitaliy Mykolenko,ua UKR,DF,26-110,1,1,90.0,1.0,0.0,0.0,0.0,0.0,0.0,0.0,0.0,0.0,0.0,0.0,0.0,0.0,0.0,5.0,0.0,0.0,0.0,0.0,0.0,0.0,0.0,0.0,0.0,0.0,0.0,Matches,Everton
Merlin Röhl,de GER,MF,23-073,1,0,25.0,0.3,0.0,0.0,0.0,0.0,0.0,0.0,0.0,0.0,0.0,0.0,0.1,0.1,0.0,1.0,5.0,0.0,0.0,0.0,0.0,0.0,0.1,0.26,0.36,0.1,0.36,Matches,Everton
Dwight McNeil,eng ENG,FW,25-298,1,0,20.0,0.2,0.0,0.0,0.0,0.0,0.0,0.0,0.0,0.0,0.2,0.2,0.1,0.4,0.0,0.0,2.0,0.0,0.0,0.0,0.0,0.0,1.1,0.64,1.74,1.1,1.74,Matches,Everton
Harrison Armstrong,eng ENG,FW,18-240,1,0,1.0,0.0,0.0,0.0,0.0,0.0,0.0,0.0,0.0,0.0,0.0,0.0,0.0,0.0,0.0,0.0,0.0,0.0,0.0,0.0,0.0,0.0,0.0,0.0,0.0,0.0,0.0,Matches,Everton
Séamus Coleman,ie IRL,FW,36-340,1,0,1.0,0.0,0.0,0.0,0.0,0.0,0.0,0.0,0.0,0.0,0.0,0.0,0.0,0.0,0.0,0.0,0.0,0.0,0.0,0.0,0.0,0.0,0.0,0.0,0.0,0.0,0.0,Matches,Everton
Adam Aznou,ma MAR,DF,19-106,0,0,,,,,,,,,,,,,,,,,,,,,,,,,,,,Matches,Everton
Elijah Campbell,eng ENG,DF,21-045,0,0,,,,,,,,,,,,,,,,,,,,,,,,,,,,Matches,Everton
Youssef Chermiti,pt POR,FW,21-115,0,0,,,,,,,,,,,,,,,,,,,,,,,,,,,,Matches,Everton
Tyler Dibling,eng ENG,MF,19-188,0,0,,,,,,,,,,,,,,,,,,,,,,,,,,,,Matches,Everton
Tyler Onyango,eng ENG,MF,22-196,0,0,,,,,,,,,,,,,,,,,,,,,,,,,,,,Matches,Everton
Nathan Patterson,sct SCO,DF,23-335,0,0,,,,,,,,,,,,,,,,,,,,,,,,,,,,Matches,Everton
Mark Travers,ie IRL,GK,26-121,0,0,,,,,,,,,,,,,,,,,,,,,,,,,,,,Matches,Everton
Harry Tyrer,eng ENG,GK,23-284,0,0,,,,,,,,,,,,,,,,,,,,,,,,,,,,Matches,Everton
Squad Total,,,28.4,4,44,360.0,4.0,5.0,5.0,10.0,5.0,0.0,0.0,10.0,0.0,6.3,6.3,5.4,11.6,56.0,123.0,123.0,1.25,1.25,2.5,1.25,2.5,1.57,1.34,2.91,1.57,2.91,,Everton
Opponent Total,,,26.9,4,44,360.0,4.0,3.0,2.0,5.0,2.0,1.0,2.0,6.0,0.0,5.9,4.5,3.4,7.9,53.0,142.0,141.0,0.75,0.5,1.25,0.5,1.0,1.48,0.85,2.33,1.12,1.97,,Everton
Trai Hume,nir NIR,DF,23-182,4,4,360.0,4.0,0.0,0.0,0.0,0.0,0.0,0.0,0.0,0.0,0.1,0.1,0.2,0.2,3.0,17.0,15.0,0.0,0.0,0.0,0.0,0.0,0.02,0.04,0.05,0.02,0.05,Matches,Sunderland
Reinildo Mandava,mz MOZ,DF,31-238,4,4,360.0,4.0,0.0,0.0,0.0,0.0,0.0,0.0,1.0,0.0,0.0,0.0,0.0,0.0,11.0,20.0,8.0,0.0,0.0,0.0,0.0,0.0,0.0,0.0,0.0,0.0,0.0,Matches,Sunderland
Robin Roefs,nl NED,GK,22-242,4,4,360.0,4.0,0.0,0.0,0.0,0.0,0.0,0.0,1.0,0.0,0.0,0.0,0.0,0.0,0.0,0.0,0.0,0.0,0.0,0.0,0.0,0.0,0.0,0.0,0.0,0.0,0.0,Matches,Sunderland
Granit Xhaka,ch SUI,MF,32-354,4,4,360.0,4.0,0.0,1.0,1.0,0.0,0.0,0.0,1.0,0.0,0.1,0.1,0.3,0.3,2.0,27.0,4.0,0.0,0.25,0.25,0.0,0.25,0.01,0.07,0.08,0.01,0.08,Matches,Sunderland
Noah Sadiki,cd COD,MF,20-273,4,4,353.0,3.9,0.0,0.0,0.0,0.0,0.0,0.0,0.0,0.0,0.1,0.1,0.1,0.2,8.0,10.0,14.0,0.0,0.0,0.0,0.0,0.0,0.01,0.03,0.04,0.01,0.04,Matches,Sunderland
Habib Diarra,sn SEN,MF,21-256,4,4,345.0,3.8,0.0,0.0,0.0,0.0,0.0,0.0,1.0,0.0,0.6,0.6,0.0,0.6,10.0,13.0,17.0,0.0,0.0,0.0,0.0,0.0,0.15,0.01,0.16,0.15,0.16,Matches,Sunderland
Chemsdine Talbi,ma MAR,FW,20-130,4,4,305.0,3.4,0.0,1.0,1.0,0.0,0.0,0.0,0.0,0.0,0.5,0.5,0.1,0.6,2.0,3.0,22.0,0.0,0.3,0.3,0.0,0.3,0.15,0.04,0.19,0.15,0.19,Matches,Sunderland
Omar Alderete,py PAR,DF,28-264,4,3,308.0,3.4,0.0,1.0,1.0,0.0,0.0,0.0,0.0,0.0,0.1,0.1,0.0,0.1,6.0,18.0,0.0,0.0,0.29,0.29,0.0,0.29,0.03,0.01,0.04,0.03,0.04,Matches,Sunderland
Simon Adingra,ci CIV,FW,23-258,4,3,231.0,2.6,0.0,0.0,0.0,0.0,0.0,0.0,1.0,0.0,0.1,0.1,0.5,0.6,5.0,2.0,28.0,0.0,0.0,0.0,0.0,0.0,0.05,0.2,0.25,0.05,0.25,Matches,Sunderland
Eliezer Mayenda,es ESP,FW,20-131,3,3,201.0,2.2,1.0,0.0,1.0,1.0,0.0,0.0,0.0,0.0,0.4,0.4,0.3,0.7,2.0,0.0,5.0,0.45,0.0,0.45,0.45,0.45,0.18,0.11,0.29,0.18,0.29,Matches,Sunderland
Nordi Mukiele,fr FRA,DF,27-319,2,2,180.0,2.0,0.0,0.0,0.0,0.0,0.0,0.0,0.0,0.0,0.1,0.1,0.1,0.1,2.0,8.0,1.0,0.0,0.0,0.0,0.0,0.0,0.04,0.03,0.07,0.04,0.07,Matches,Sunderland
Daniel Ballard,nir NIR,DF,25-359,2,2,98.0,1.1,1.0,0.0,1.0,1.0,0.0,0.0,0.0,0.0,0.2,0.2,0.3,0.5,0.0,1.0,0.0,0.92,0.0,0.92,0.92,0.92,0.17,0.28,0.45,0.17,0.45,Matches,Sunderland
Wilson Isidor,fr FRA,FW,25-020,4,1,158.0,1.8,2.0,0.0,2.0,2.0,0.0,0.0,0.0,0.0,0.4,0.4,0.0,0.4,1.0,3.0,7.0,1.14,0.0,1.14,1.14,1.14,0.22,0.0,0.22,0.22,0.22,Matches,Sunderland
Jenson Seelt,nl NED,DF,22-116,2,1,134.0,1.5,0.0,0.0,0.0,0.0,0.0,0.0,0.0,0.0,0.0,0.0,0.0,0.0,2.0,14.0,0.0,0.0,0.0,0.0,0.0,0.0,0.0,0.0,0.0,0.0,0.0,Matches,Sunderland
Enzo Le Fée,fr FRA,"FW,MF",25-225,3,1,133.0,1.5,1.0,0.0,1.0,0.0,1.0,1.0,0.0,0.0,0.8,0.0,0.2,0.2,2.0,3.0,14.0,0.68,0.0,0.68,0.0,0.0,0.56,0.14,0.7,0.03,0.17,Matches,Sunderland
Patrick Roberts,eng ENG,"MF,FW",28-223,1,0,28.0,0.3,0.0,0.0,0.0,0.0,0.0,0.0,0.0,0.0,0.0,0.0,0.0,0.0,1.0,1.0,4.0,0.0,0.0,0.0,0.0,0.0,0.11,0.0,0.11,0.11,0.11,Matches,Sunderland
Brian Brobbey,nl NED,FW,23-227,1,0,22.0,0.2,0.0,0.0,0.0,0.0,0.0,0.0,0.0,0.0,0.0,0.0,0.0,0.0,0.0,0.0,0.0,0.0,0.0,0.0,0.0,0.0,0.0,0.0,0.0,0.0,0.0,Matches,Sunderland
Marc Guiu,es ESP,FW,19-255,2,0,15.0,0.2,0.0,0.0,0.0,0.0,0.0,0.0,0.0,0.0,0.0,0.0,0.0,0.0,0.0,1.0,1.0,0.0,0.0,0.0,0.0,0.0,0.14,0.0,0.14,0.14,0.14,Matches,Sunderland
Lutsharel Geertruida,nl NED,MF,25-060,1,0,7.0,0.1,0.0,0.0,0.0,0.0,0.0,0.0,0.0,0.0,0.0,0.0,0.0,0.0,0.0,0.0,0.0,0.0,0.0,0.0,0.0,0.0,0.0,0.0,0.0,0.0,0.0,Matches,Sunderland
Chris Rigg,eng ENG,FW,18-090,2,0,2.0,0.0,0.0,0.0,0.0,0.0,0.0,0.0,0.0,0.0,0.0,0.0,0.0,0.0,0.0,0.0,1.0,0.0,0.0,0.0,0.0,0.0,0.0,0.0,0.0,0.0,0.0,Matches,Sunderland
Harrison Jones,eng ENG,MF,20-265,0,0,,,,,,,,,,,,,,,,,,,,,,,,,,,,Matches,Sunderland
Arthur Masuaku,cd COD,"DF,MF",31-313,0,0,,,,,,,,,,,,,,,,,,,,,,,,,,,,Matches,Sunderland
Dan Neil,eng ENG,MF,23-277,0,0,,,,,,,,,,,,,,,,,,,,,,,,,,,,Matches,Sunderland
Anthony Patterson,eng ENG,GK,25-129,0,0,,,,,,,,,,,,,,,,,,,,,,,,,,,,Matches,Sunderland
Bertrand Traoré,bf BFA,"FW,MF",30-010,0,0,,,,,,,,,,,,,,,,,,,,,,,,,,,,Matches,Sunderland
Squad Total,,,25.0,4,44,360.0,4.0,5.0,3.0,8.0,4.0,1.0,1.0,5.0,0.0,3.4,2.7,2.1,4.7,57.0,141.0,141.0,1.25,0.75,2.0,1.0,1.75,0.86,0.51,1.37,0.66,1.18,,Sunderland
Opponent Total,,,26.9,4,44,360.0,4.0,3.0,3.0,6.0,3.0,0.0,1.0,4.0,0.0,4.5,3.7,2.8,6.5,49.0,153.0,150.0,0.75,0.75,1.5,0.75,1.5,1.13,0.7,1.83,0.93,1.63,,Sunderland
Tijjani Reijnders,nl NED,MF,27-049,4,4,360.0,4.0,1.0,1.0,2.0,1.0,0.0,0.0,1.0,0.0,0.7,0.7,0.3,1.0,8.0,17.0,19.0,0.25,0.25,0.5,0.25,0.5,0.17,0.08,0.25,0.17,0.25,Matches,Manchester-City
Erling Haaland,no NOR,FW,25-057,4,4,338.0,3.8,5.0,0.0,5.0,5.0,0.0,0.0,0.0,0.0,5.7,5.7,0.9,6.6,7.0,4.0,11.0,1.33,0.0,1.33,1.33,1.33,1.53,0.23,1.76,1.53,1.76,Matches,Manchester-City
Rúben Dias,pt POR,DF,28-125,4,3,276.0,3.1,0.0,0.0,0.0,0.0,0.0,0.0,0.0,0.0,0.0,0.0,0.0,0.0,4.0,9.0,0.0,0.0,0.0,0.0,0.0,0.0,0.0,0.0,0.0,0.0,0.0,Matches,Manchester-City
James Trafford,eng ENG,GK,22-341,3,3,270.0,3.0,0.0,0.0,0.0,0.0,0.0,0.0,0.0,0.0,0.0,0.0,0.0,0.0,0.0,0.0,0.0,0.0,0.0,0.0,0.0,0.0,0.0,0.0,0.0,0.0,0.0,Matches,Manchester-City
John Stones,eng ENG,DF,31-111,3,3,261.0,2.9,0.0,0.0,0.0,0.0,0.0,0.0,0.0,0.0,0.0,0.0,0.0,0.0,2.0,14.0,1.0,0.0,0.0,0.0,0.0,0.0,0.0,0.0,0.0,0.0,0.0,Matches,Manchester-City
Bernardo Silva,pt POR,MF,31-037,4,3,260.0,2.9,0.0,1.0,1.0,0.0,0.0,0.0,0.0,0.0,0.1,0.1,1.6,1.7,7.0,10.0,18.0,0.0,0.35,0.35,0.0,0.35,0.02,0.57,0.58,0.02,0.58,Matches,Manchester-City
Oscar Bobb,no NOR,"FW,MF",22-066,4,3,258.0,2.9,0.0,1.0,1.0,0.0,0.0,0.0,0.0,0.0,0.3,0.3,0.4,0.7,10.0,10.0,33.0,0.0,0.35,0.35,0.0,0.35,0.1,0.13,0.23,0.1,0.23,Matches,Manchester-City
Rayan Aït-Nouri,dz ALG,DF,24-102,3,3,202.0,2.2,0.0,0.0,0.0,0.0,0.0,0.0,1.0,0.0,0.0,0.0,0.2,0.2,6.0,7.0,8.0,0.0,0.0,0.0,0.0,0.0,0.02,0.09,0.11,0.02,0.11,Matches,Manchester-City
Jeremy Doku,be BEL,"MF,FW",23-112,4,2,197.0,2.2,0.0,2.0,2.0,0.0,0.0,0.0,0.0,0.0,0.0,0.0,1.7,1.7,18.0,3.0,22.0,0.0,0.91,0.91,0.0,0.91,0.0,0.77,0.77,0.0,0.77,Matches,Manchester-City
Abdukodir Khusanov,uz UZB,DF,21-199,3,2,183.0,2.0,0.0,0.0,0.0,0.0,0.0,0.0,1.0,0.0,0.0,0.0,0.0,0.0,2.0,4.0,2.0,0.0,0.0,0.0,0.0,0.0,0.0,0.0,0.0,0.0,0.0,Matches,Manchester-City
Rodri,es ESP,MF,29-086,3,2,181.0,2.0,0.0,0.0,0.0,0.0,0.0,0.0,0.0,0.0,0.1,0.1,0.1,0.2,4.0,17.0,3.0,0.0,0.0,0.0,0.0,0.0,0.04,0.04,0.08,0.04,0.08,Matches,Manchester-City
Nicolás González,es ESP,MF,23-256,3,2,179.0,2.0,0.0,0.0,0.0,0.0,0.0,0.0,1.0,0.0,0.1,0.1,0.0,0.1,3.0,16.0,4.0,0.0,0.0,0.0,0.0,0.0,0.03,0.0,0.03,0.03,0.03,Matches,Manchester-City
Rico Lewis,eng ENG,DF,20-299,3,2,161.0,1.8,0.0,1.0,1.0,0.0,0.0,0.0,0.0,0.0,0.0,0.0,1.0,1.0,2.0,16.0,9.0,0.0,0.56,0.56,0.0,0.56,0.01,0.56,0.58,0.01,0.58,Matches,Manchester-City
Omar Marmoush,eg EGY,"FW,MF",26-221,3,2,149.0,1.7,0.0,1.0,1.0,0.0,0.0,0.0,0.0,0.0,0.8,0.8,1.0,1.8,7.0,5.0,14.0,0.0,0.6,0.6,0.0,0.6,0.5,0.58,1.08,0.5,1.08,Matches,Manchester-City
Nico O’Reilly,eng ENG,"DF,MF",20-179,3,1,134.0,1.5,0.0,0.0,0.0,0.0,0.0,0.0,1.0,0.0,0.1,0.1,0.0,0.1,3.0,4.0,4.0,0.0,0.0,0.0,0.0,0.0,0.05,0.0,0.05,0.05,0.05,Matches,Manchester-City
Matheus Nunes,pt POR,DF,27-020,2,1,109.0,1.2,0.0,0.0,0.0,0.0,0.0,0.0,0.0,0.0,0.0,0.0,0.0,0.0,3.0,6.0,4.0,0.0,0.0,0.0,0.0,0.0,0.0,0.0,0.0,0.0,0.0,Matches,Manchester-City
Phil Foden,eng ENG,MF,25-111,2,1,106.0,1.2,1.0,0.0,1.0,1.0,0.0,0.0,0.0,0.0,0.5,0.5,0.1,0.5,3.0,9.0,3.0,0.85,0.0,0.85,0.85,0.85,0.38,0.06,0.44,0.38,0.44,Matches,Manchester-City
Gianluigi Donnarumma,it ITA,GK,26-203,1,1,90.0,1.0,0.0,0.0,0.0,0.0,0.0,0.0,0.0,0.0,0.0,0.0,0.0,0.0,0.0,0.0,0.0,0.0,0.0,0.0,0.0,0.0,0.0,0.0,0.0,0.0,0.0,Matches,Manchester-City
Joško Gvardiol,hr CRO,DF,23-236,1,1,90.0,1.0,0.0,0.0,0.0,0.0,0.0,0.0,0.0,0.0,0.0,0.0,0.0,0.0,0.0,2.0,0.0,0.0,0.0,0.0,0.0,0.0,0.0,0.0,0.0,0.0,0.0,Matches,Manchester-City
Rayan Cherki,fr FRA,"MF,FW",22-030,2,1,71.0,0.8,1.0,0.0,1.0,1.0,0.0,0.0,0.0,0.0,0.1,0.1,0.5,0.5,3.0,6.0,3.0,1.27,0.0,1.27,1.27,1.27,0.07,0.6,0.67,0.07,0.67,Matches,Manchester-City
Nathan Aké,nl NED,DF,30-210,2,0,71.0,0.8,0.0,0.0,0.0,0.0,0.0,0.0,0.0,0.0,0.1,0.1,0.0,0.1,0.0,2.0,0.0,0.0,0.0,0.0,0.0,0.0,0.18,0.0,0.18,0.18,0.18,Matches,Manchester-City
Sávio,br BRA,MF,21-159,1,0,14.0,0.2,0.0,0.0,0.0,0.0,0.0,0.0,0.0,0.0,0.0,0.0,0.0,0.0,0.0,0.0,1.0,0.0,0.0,0.0,0.0,0.0,0.14,0.0,0.14,0.14,0.14,Matches,Manchester-City
Manuel Akanji,ch SUI,"DF,MF",30-059,0,0,,,,,,,,,,,,,,,,,,,,,,,,,,,,Matches,Manchester-City
Ederson,br BRA,GK,32-030,0,0,,,,,,,,,,,,,,,,,,,,,,,,,,,,Matches,Manchester-City
İlkay Gündoğan,de GER,MF,34-327,0,0,,,,,,,,,,,,,,,,,,,,,,,,,,,,Matches,Manchester-City
Stephen Mfuni,eng ENG,DF,17-216,0,0,,,,,,,,,,,,,,,,,,,,,,,,,,,,Matches,Manchester-City
Divine Mukasa,eng ENG,MF,18-025,0,0,,,,,,,,,,,,,,,,,,,,,,,,,,,,Matches,Manchester-City
Stefan Ortega,de GER,GK,32-314,0,0,,,,,,,,,,,,,,,,,,,,,,,,,,,,Matches,Manchester-City
Squad Total,,,25.6,4,44,360.0,4.0,8.0,7.0,15.0,8.0,0.0,0.0,5.0,0.0,8.4,8.4,7.6,16.1,92.0,161.0,159.0,2.0,1.75,3.75,2.0,3.75,2.11,1.91,4.02,2.11,4.02,,Manchester-City
Opponent Total,,,26.4,4,44,360.0,4.0,4.0,2.0,6.0,3.0,1.0,1.0,7.0,0.0,5.1,4.3,3.3,7.7,65.0,116.0,116.0,1.0,0.5,1.5,0.75,1.25,1.28,0.83,2.11,1.09,1.92,,Manchester-City
Marc Guéhi,eng ENG,DF,25-065,4,4,360.0,4.0,1.0,0.0,1.0,1.0,0.0,0.0,0.0,0.0,0.2,0.2,0.0,0.2,1.0,13.0,1.0,0.25,0.0,0.25,0.25,0.25,0.05,0.01,0.06,0.05,0.06,Matches,Crystal-Palace
Dean Henderson,eng ENG,GK,28-188,4,4,360.0,4.0,0.0,0.0,0.0,0.0,0.0,0.0,0.0,0.0,0.0,0.0,0.0,0.0,0.0,0.0,0.0,0.0,0.0,0.0,0.0,0.0,0.0,0.0,0.0,0.0,0.0,Matches,Crystal-Palace
Maxence Lacroix,fr FRA,DF,25-163,4,4,360.0,4.0,0.0,1.0,1.0,0.0,0.0,0.0,1.0,0.0,0.1,0.1,0.5,0.6,0.0,6.0,1.0,0.0,0.25,0.25,0.0,0.25,0.03,0.13,0.15,0.03,0.15,Matches,Crystal-Palace
Tyrick Mitchell,eng ENG,"DF,MF",26-015,4,4,360.0,4.0,0.0,0.0,0.0,0.0,0.0,0.0,1.0,0.0,0.0,0.0,0.2,0.2,13.0,6.0,28.0,0.0,0.0,0.0,0.0,0.0,0.0,0.05,0.05,0.0,0.05,Matches,Crystal-Palace
Daniel Muñoz,co COL,"DF,MF",29-113,4,4,360.0,4.0,0.0,1.0,1.0,0.0,0.0,0.0,2.0,0.0,0.2,0.2,1.5,1.6,6.0,8.0,19.0,0.0,0.25,0.25,0.0,0.25,0.04,0.37,0.41,0.04,0.41,Matches,Crystal-Palace
Chris Richards,us USA,DF,25-172,4,4,360.0,4.0,0.0,0.0,0.0,0.0,0.0,0.0,0.0,0.0,0.3,0.3,0.0,0.3,0.0,7.0,0.0,0.0,0.0,0.0,0.0,0.0,0.07,0.0,0.07,0.07,0.07,Matches,Crystal-Palace
Jean-Philippe Mateta,fr FRA,FW,28-080,4,4,351.0,3.9,1.0,0.0,1.0,0.0,1.0,1.0,2.0,0.0,1.8,1.0,0.0,1.0,2.0,4.0,13.0,0.26,0.0,0.26,0.0,0.0,0.47,0.0,0.47,0.27,0.27,Matches,Crystal-Palace
Will Hughes,eng ENG,MF,30-152,4,4,319.0,3.5,0.0,0.0,0.0,0.0,0.0,0.0,3.0,0.0,0.2,0.2,0.5,0.6,1.0,22.0,3.0,0.0,0.0,0.0,0.0,0.0,0.04,0.13,0.18,0.04,0.18,Matches,Crystal-Palace
Ismaila Sarr,sn SEN,"MF,FW",27-203,3,3,270.0,3.0,2.0,0.0,2.0,2.0,0.0,0.0,1.0,0.0,2.0,2.0,0.0,2.0,4.0,8.0,12.0,0.67,0.0,0.67,0.67,0.67,0.66,0.02,0.68,0.66,0.68,Matches,Crystal-Palace
Adam Wharton,eng ENG,MF,21-222,3,3,226.0,2.5,0.0,0.0,0.0,0.0,0.0,0.0,0.0,0.0,0.0,0.0,0.4,0.4,2.0,10.0,0.0,0.0,0.0,0.0,0.0,0.0,0.0,0.16,0.16,0.0,0.16,Matches,Crystal-Palace
Daichi Kamada,jp JPN,MF,29-042,2,2,175.0,1.9,0.0,0.0,0.0,0.0,0.0,0.0,0.0,0.0,0.1,0.1,0.6,0.7,2.0,10.0,7.0,0.0,0.0,0.0,0.0,0.0,0.03,0.3,0.34,0.03,0.34,Matches,Crystal-Palace
Jefferson Lerma,co COL,MF,30-326,4,1,133.0,1.5,0.0,0.0,0.0,0.0,0.0,0.0,0.0,0.0,0.4,0.4,0.0,0.4,1.0,8.0,2.0,0.0,0.0,0.0,0.0,0.0,0.26,0.0,0.26,0.26,0.26,Matches,Crystal-Palace
Yeremi Pino,es ESP,MF,22-331,2,1,103.0,1.1,0.0,0.0,0.0,0.0,0.0,0.0,0.0,0.0,0.8,0.8,0.4,1.1,3.0,8.0,11.0,0.0,0.0,0.0,0.0,0.0,0.66,0.31,0.97,0.66,0.97,Matches,Crystal-Palace
Justin Devenny,nir NIR,"FW,MF",21-340,4,1,100.0,1.1,0.0,0.0,0.0,0.0,0.0,0.0,0.0,0.0,0.0,0.0,0.1,0.2,5.0,1.0,8.0,0.0,0.0,0.0,0.0,0.0,0.04,0.11,0.15,0.04,0.15,Matches,Crystal-Palace
Eberechi Eze,eng ENG,MF,27-079,1,1,83.0,0.9,0.0,0.0,0.0,0.0,0.0,0.0,0.0,0.0,0.2,0.2,0.0,0.2,0.0,1.0,2.0,0.0,0.0,0.0,0.0,0.0,0.26,0.0,0.26,0.26,0.26,Matches,Crystal-Palace
Romain Esse,eng ENG,FW,20-126,1,0,25.0,0.3,0.0,0.0,0.0,0.0,0.0,0.0,0.0,0.0,0.0,0.0,0.0,0.0,0.0,2.0,3.0,0.0,0.0,0.0,0.0,0.0,0.0,0.0,0.0,0.0,0.0,Matches,Crystal-Palace
Christantus Uche,ng NGA,MF,22-120,1,0,7.0,0.1,0.0,0.0,0.0,0.0,0.0,0.0,0.0,0.0,0.0,0.0,0.0,0.0,1.0,0.0,2.0,0.0,0.0,0.0,0.0,0.0,0.12,0.0,0.12,0.12,0.12,Matches,Crystal-Palace
Nathaniel Clyne,eng ENG,DF,34-164,1,0,5.0,0.1,0.0,0.0,0.0,0.0,0.0,0.0,0.0,0.0,0.0,0.0,0.0,0.0,0.0,0.0,0.0,0.0,0.0,0.0,0.0,0.0,0.0,0.0,0.0,0.0,0.0,Matches,Crystal-Palace
Odsonne Édouard,fr FRA,FW,27-243,1,0,3.0,0.0,0.0,0.0,0.0,0.0,0.0,0.0,0.0,0.0,0.0,0.0,0.0,0.0,0.0,0.0,0.0,0.0,0.0,0.0,0.0,0.0,0.0,0.0,0.0,0.0,0.0,Matches,Crystal-Palace
Walter Benítez,ar ARG,GK,32-240,0,0,,,,,,,,,,,,,,,,,,,,,,,,,,,,Matches,Crystal-Palace
Jaydee Canvot,fr FRA,MF,19-049,0,0,,,,,,,,,,,,,,,,,,,,,,,,,,,,Matches,Crystal-Palace
Rio Cardines,tt TRI,MF,19-077,0,0,,,,,,,,,,,,,,,,,,,,,,,,,,,,Matches,Crystal-Palace
Remi Matthews,eng ENG,GK,31-218,0,0,,,,,,,,,,,,,,,,,,,,,,,,,,,,Matches,Crystal-Palace
Jesurun Rak Sakyi,eng ENG,"FW,MF",22-346,0,0,,,,,,,,,,,,,,,,,,,,,,,,,,,,Matches,Crystal-Palace
Kaden Rodney,eng ENG,"DF,MF",20-344,0,0,,,,,,,,,,,,,,,,,,,,,,,,,,,,Matches,Crystal-Palace
Borna Sosa,hr CRO,"DF,MF",27-238,0,0,,,,,,,,,,,,,,,,,,,,,,,,,,,,Matches,Crystal-Palace
Squad Total,,,26.9,4,44,360.0,4.0,4.0,2.0,6.0,3.0,1.0,1.0,10.0,0.0,6.2,5.4,4.2,9.6,41.0,114.0,112.0,1.0,0.5,1.5,0.75,1.25,1.54,1.06,2.59,1.34,2.4,,Crystal-Palace
Opponent Total,,,26.2,4,44,360.0,4.0,1.0,1.0,2.0,1.0,0.0,0.0,8.0,0.0,4.0,4.0,2.9,6.9,53.0,185.0,184.0,0.25,0.25,0.5,0.25,0.5,1.0,0.74,1.73,1.0,1.73,,Crystal-Palace
Dan Burn,eng ENG,DF,33-130,4,4,360.0,4.0,0.0,0.0,0.0,0.0,0.0,0.0,1.0,0.0,0.1,0.1,0.0,0.1,0.0,11.0,1.0,0.0,0.0,0.0,0.0,0.0,0.01,0.01,0.02,0.01,0.02,Matches,Newcastle-United
Bruno Guimarães,br BRA,MF,27-304,4,4,360.0,4.0,1.0,0.0,1.0,1.0,0.0,0.0,2.0,0.0,0.2,0.2,0.1,0.3,3.0,26.0,11.0,0.25,0.0,0.25,0.25,0.25,0.06,0.02,0.08,0.06,0.08,Matches,Newcastle-United
Valentino Livramento,eng ENG,DF,22-308,4,4,360.0,4.0,0.0,1.0,1.0,0.0,0.0,0.0,0.0,0.0,0.0,0.0,0.2,0.2,9.0,19.0,25.0,0.0,0.25,0.25,0.0,0.25,0.0,0.05,0.05,0.0,0.05,Matches,Newcastle-United
Nick Pope,eng ENG,GK,33-150,4,4,360.0,4.0,0.0,0.0,0.0,0.0,0.0,0.0,1.0,0.0,0.0,0.0,0.0,0.0,0.0,0.0,0.0,0.0,0.0,0.0,0.0,0.0,0.0,0.0,0.0,0.0,0.0,Matches,Newcastle-United
Fabian Schär,ch SUI,DF,33-270,4,4,350.0,3.9,0.0,0.0,0.0,0.0,0.0,0.0,0.0,0.0,0.1,0.1,0.1,0.2,3.0,13.0,1.0,0.0,0.0,0.0,0.0,0.0,0.02,0.03,0.05,0.02,0.05,Matches,Newcastle-United
Sandro Tonali,it ITA,MF,25-131,4,4,335.0,3.7,0.0,0.0,0.0,0.0,0.0,0.0,0.0,0.0,0.2,0.2,0.6,0.8,10.0,27.0,8.0,0.0,0.0,0.0,0.0,0.0,0.06,0.16,0.22,0.06,0.22,Matches,Newcastle-United
Kieran Trippier,eng ENG,DF,34-362,4,4,315.0,3.5,0.0,0.0,0.0,0.0,0.0,0.0,0.0,0.0,0.0,0.0,0.3,0.3,4.0,30.0,16.0,0.0,0.0,0.0,0.0,0.0,0.0,0.09,0.09,0.0,0.09,Matches,Newcastle-United
Harvey Barnes,eng ENG,FW,27-281,4,3,266.0,3.0,0.0,0.0,0.0,0.0,0.0,0.0,0.0,0.0,0.4,0.4,0.7,1.0,13.0,14.0,27.0,0.0,0.0,0.0,0.0,0.0,0.13,0.23,0.35,0.13,0.35,Matches,Newcastle-United
Joelinton,br BRA,MF,29-033,3,3,221.0,2.5,0.0,0.0,0.0,0.0,0.0,0.0,1.0,0.0,0.0,0.0,0.7,0.7,5.0,12.0,8.0,0.0,0.0,0.0,0.0,0.0,0.02,0.28,0.3,0.02,0.3,Matches,Newcastle-United
Anthony Elanga,se SWE,FW,23-142,4,2,207.0,2.3,0.0,0.0,0.0,0.0,0.0,0.0,0.0,0.0,0.6,0.6,0.3,0.9,9.0,2.0,21.0,0.0,0.0,0.0,0.0,0.0,0.25,0.13,0.38,0.25,0.38,Matches,Newcastle-United
Jacob Murphy,eng ENG,FW,30-204,3,2,163.0,1.8,0.0,1.0,1.0,0.0,0.0,0.0,0.0,0.0,0.9,0.9,0.2,1.1,5.0,5.0,30.0,0.0,0.55,0.55,0.0,0.55,0.5,0.08,0.58,0.5,0.58,Matches,Newcastle-United
Anthony Gordon,eng ENG,FW,24-204,2,2,134.0,1.5,0.0,0.0,0.0,0.0,0.0,0.0,0.0,1.0,1.1,1.1,0.1,1.2,4.0,3.0,5.0,0.0,0.0,0.0,0.0,0.0,0.72,0.06,0.78,0.72,0.78,Matches,Newcastle-United
William Osula,dk DEN,FW,22-043,4,1,132.0,1.5,1.0,0.0,1.0,1.0,0.0,0.0,0.0,0.0,0.4,0.4,0.1,0.5,1.0,1.0,10.0,0.68,0.0,0.68,0.68,0.68,0.27,0.05,0.33,0.27,0.33,Matches,Newcastle-United
Sven Botman,nl NED,DF,25-247,2,1,68.0,0.8,0.0,0.0,0.0,0.0,0.0,0.0,0.0,0.0,0.0,0.0,0.0,0.0,0.0,2.0,0.0,0.0,0.0,0.0,0.0,0.0,0.0,0.0,0.0,0.0,0.0,Matches,Newcastle-United
Nick Woltemade,de GER,FW,23-214,1,1,64.0,0.7,1.0,0.0,1.0,1.0,0.0,0.0,0.0,0.0,0.3,0.3,0.0,0.3,0.0,0.0,3.0,1.41,0.0,1.41,1.41,1.41,0.39,0.04,0.43,0.39,0.43,Matches,Newcastle-United
Jacob Ramsey,eng ENG,MF,24-111,2,1,60.0,0.7,0.0,0.0,0.0,0.0,0.0,0.0,0.0,0.0,0.0,0.0,0.3,0.3,3.0,5.0,4.0,0.0,0.0,0.0,0.0,0.0,0.04,0.42,0.46,0.04,0.46,Matches,Newcastle-United
Lewis Miley,eng ENG,MF,19-138,3,0,78.0,0.9,0.0,0.0,0.0,0.0,0.0,0.0,0.0,0.0,0.0,0.0,0.0,0.1,1.0,3.0,3.0,0.0,0.0,0.0,0.0,0.0,0.02,0.04,0.06,0.02,0.06,Matches,Newcastle-United
Lewis Hall,eng ENG,DF,21-008,2,0,45.0,0.5,0.0,0.0,0.0,0.0,0.0,0.0,0.0,0.0,0.0,0.0,0.0,0.0,0.0,4.0,2.0,0.0,0.0,0.0,0.0,0.0,0.07,0.0,0.07,0.07,0.07,Matches,Newcastle-United
Joe Willock,eng ENG,MF,26-027,1,0,26.0,0.3,0.0,0.0,0.0,0.0,0.0,0.0,0.0,0.0,0.1,0.1,0.0,0.1,0.0,1.0,1.0,0.0,0.0,0.0,0.0,0.0,0.32,0.0,0.32,0.32,0.32,Matches,Newcastle-United
Malick Thiaw,de GER,DF,24-039,1,0,10.0,0.1,0.0,0.0,0.0,0.0,0.0,0.0,0.0,0.0,0.0,0.0,0.0,0.0,0.0,1.0,0.0,0.0,0.0,0.0,0.0,0.0,0.0,0.0,0.0,0.0,0.0,Matches,Newcastle-United
Emil Krafth,se SWE,DF,31-045,0,0,,,,,,,,,,,,,,,,,,,,,,,,,,,,Matches,Newcastle-United
Jamaal Lascelles,eng ENG,DF,31-309,0,0,,,,,,,,,,,,,,,,,,,,,,,,,,,,Matches,Newcastle-United
Aaron Ramsdale,eng ENG,GK,27-125,0,0,,,,,,,,,,,,,,,,,,,,,,,,,,,,Matches,Newcastle-United
Park Seungsoo,kr KOR,MF,18-183,0,0,,,,,,,,,,,,,,,,,,,,,,,,,,,,Matches,Newcastle-United
Squad Total,,,28.5,4,44,360.0,4.0,3.0,2.0,5.0,3.0,0.0,0.0,5.0,1.0,4.4,4.4,3.7,8.1,70.0,179.0,176.0,0.75,0.5,1.25,0.75,1.25,1.1,0.92,2.01,1.1,2.01,,Newcastle-United
Opponent Total,,,27.1,4,44,360.0,4.0,3.0,3.0,6.0,3.0,0.0,0.0,9.0,1.0,2.1,2.1,1.8,3.9,52.0,123.0,121.0,0.75,0.75,1.5,0.75,1.5,0.52,0.46,0.98,0.52,0.98,,Newcastle-United
Joachim Andersen,dk DEN,DF,29-108,4,4,360.0,4.0,0.0,0.0,0.0,0.0,0.0,0.0,0.0,0.0,0.2,0.2,0.7,0.9,5.0,22.0,1.0,0.0,0.0,0.0,0.0,0.0,0.05,0.17,0.22,0.05,0.22,Matches,Fulham
Calvin Bassey,ng NGA,DF,25-259,4,4,360.0,4.0,0.0,0.0,0.0,0.0,0.0,0.0,1.0,0.0,0.2,0.2,0.0,0.2,7.0,14.0,2.0,0.0,0.0,0.0,0.0,0.0,0.04,0.0,0.04,0.04,0.04,Matches,Fulham
Bernd Leno,de GER,GK,33-196,4,4,360.0,4.0,0.0,0.0,0.0,0.0,0.0,0.0,0.0,0.0,0.0,0.0,0.0,0.0,0.0,0.0,0.0,0.0,0.0,0.0,0.0,0.0,0.0,0.0,0.0,0.0,0.0,Matches,Fulham
Saša Lukić,rs SRB,MF,29-034,4,4,360.0,4.0,0.0,0.0,0.0,0.0,0.0,0.0,2.0,0.0,0.5,0.5,0.6,1.1,7.0,9.0,13.0,0.0,0.0,0.0,0.0,0.0,0.13,0.15,0.27,0.13,0.27,Matches,Fulham
Kenny Tete,nl NED,DF,29-342,4,4,360.0,4.0,0.0,0.0,0.0,0.0,0.0,0.0,0.0,0.0,0.1,0.1,0.1,0.2,6.0,18.0,6.0,0.0,0.0,0.0,0.0,0.0,0.02,0.03,0.05,0.02,0.05,Matches,Fulham
Sander Berge,no NOR,MF,27-214,4,4,328.0,3.6,0.0,0.0,0.0,0.0,0.0,0.0,1.0,0.0,0.4,0.4,0.2,0.7,2.0,17.0,2.0,0.0,0.0,0.0,0.0,0.0,0.11,0.07,0.18,0.11,0.18,Matches,Fulham
Alex Iwobi,ng NGA,FW,29-136,4,4,313.0,3.5,0.0,1.0,1.0,0.0,0.0,0.0,1.0,0.0,0.1,0.1,1.0,1.2,19.0,24.0,21.0,0.0,0.29,0.29,0.0,0.29,0.03,0.3,0.33,0.03,0.33,Matches,Fulham
Joshua King,eng ENG,MF,18-256,4,4,271.0,3.0,0.0,0.0,0.0,0.0,0.0,0.0,0.0,0.0,0.4,0.4,0.1,0.5,7.0,15.0,18.0,0.0,0.0,0.0,0.0,0.0,0.13,0.03,0.16,0.13,0.16,Matches,Fulham
Rodrigo Muniz,br BRA,FW,24-135,4,3,237.0,2.6,1.0,0.0,1.0,1.0,0.0,0.0,1.0,0.0,0.8,0.8,0.1,0.9,0.0,2.0,5.0,0.38,0.0,0.38,0.38,0.38,0.31,0.02,0.33,0.31,0.33,Matches,Fulham
Ryan Sessegnon,eng ENG,DF,25-121,3,3,217.0,2.4,0.0,0.0,0.0,0.0,0.0,0.0,0.0,0.0,0.0,0.0,0.7,0.7,6.0,8.0,17.0,0.0,0.0,0.0,0.0,0.0,0.0,0.28,0.28,0.0,0.28,Matches,Fulham
Harry Wilson,wls WAL,FW,28-178,4,2,209.0,2.3,0.0,0.0,0.0,0.0,0.0,0.0,0.0,0.0,0.2,0.2,0.0,0.2,4.0,2.0,18.0,0.0,0.0,0.0,0.0,0.0,0.09,0.0,0.09,0.09,0.09,Matches,Fulham
Timothy Castagne,be BEL,"FW,DF",29-285,3,2,127.0,1.4,0.0,0.0,0.0,0.0,0.0,0.0,0.0,0.0,0.4,0.4,0.1,0.5,1.0,3.0,10.0,0.0,0.0,0.0,0.0,0.0,0.27,0.06,0.33,0.27,0.33,Matches,Fulham
Raúl Jiménez,mx MEX,FW,34-134,4,1,123.0,1.4,0.0,0.0,0.0,0.0,0.0,0.0,0.0,0.0,0.4,0.4,0.0,0.4,0.0,2.0,5.0,0.0,0.0,0.0,0.0,0.0,0.29,0.0,0.29,0.29,0.29,Matches,Fulham
Jorge Cuenca,es ESP,DF,25-303,1,1,83.0,0.9,0.0,0.0,0.0,0.0,0.0,0.0,0.0,0.0,0.0,0.0,0.0,0.0,0.0,2.0,0.0,0.0,0.0,0.0,0.0,0.0,0.0,0.0,0.0,0.0,0.0,Matches,Fulham
Emile Smith Rowe,eng ENG,"MF,FW",25-050,4,0,89.0,1.0,1.0,0.0,1.0,1.0,0.0,0.0,0.0,0.0,0.8,0.8,0.0,0.8,1.0,4.0,8.0,1.01,0.0,1.01,1.01,1.01,0.8,0.03,0.83,0.8,0.83,Matches,Fulham
Adama Traoré,es ESP,FW,29-234,3,0,63.0,0.7,0.0,0.0,0.0,0.0,0.0,0.0,0.0,0.0,0.0,0.0,0.1,0.1,5.0,0.0,7.0,0.0,0.0,0.0,0.0,0.0,0.06,0.1,0.16,0.06,0.16,Matches,Fulham
Antonee Robinson,us USA,DF,28-039,2,0,53.0,0.6,0.0,0.0,0.0,0.0,0.0,0.0,0.0,0.0,0.0,0.0,0.0,0.0,3.0,4.0,6.0,0.0,0.0,0.0,0.0,0.0,0.0,0.05,0.05,0.0,0.05,Matches,Fulham
Tom Cairney,sct SCO,MF,34-239,2,0,32.0,0.4,0.0,0.0,0.0,0.0,0.0,0.0,1.0,0.0,0.0,0.0,0.0,0.0,0.0,0.0,1.0,0.0,0.0,0.0,0.0,0.0,0.0,0.0,0.0,0.0,0.0,Matches,Fulham
Kevin,br BRA,FW,22-255,1,0,15.0,0.2,0.0,0.0,0.0,0.0,0.0,0.0,0.0,0.0,0.0,0.0,0.0,0.1,3.0,0.0,3.0,0.0,0.0,0.0,0.0,0.0,0.11,0.27,0.38,0.11,0.38,Matches,Fulham
Issa Diop,fr FRA,DF,28-250,0,0,,,,,,,,,,,,,,,,,,,,,,,,,,,,Matches,Fulham
Benjamin Lecomte,fr FRA,GK,34-143,0,0,,,,,,,,,,,,,,,,,,,,,,,,,,,,Matches,Fulham
Andreas Pereira,br BRA,MF,29-258,0,0,,,,,,,,,,,,,,,,,,,,,,,,,,,,Matches,Fulham
Harrison Reed,eng ENG,MF,30-232,0,0,,,,,,,,,,,,,,,,,,,,,,,,,,,,Matches,Fulham
Squad Total,,,28.0,4,44,360.0,4.0,2.0,1.0,3.0,2.0,0.0,0.0,7.0,0.0,4.4,4.4,3.7,8.1,76.0,146.0,143.0,0.5,0.25,0.75,0.5,0.75,1.09,0.93,2.01,1.09,2.01,,Fulham
Opponent Total,,,25.8,4,44,360.0,4.0,3.0,1.0,4.0,1.0,2.0,3.0,8.0,0.0,6.0,3.6,3.2,6.8,62.0,134.0,133.0,0.75,0.25,1.0,0.25,0.5,1.5,0.8,2.3,0.91,1.71,,Fulham
Nathan Collins,ie IRL,DF,24-139,4,4,360.0,4.0,0.0,0.0,0.0,0.0,0.0,0.0,1.0,0.0,0.0,0.0,0.1,0.1,2.0,6.0,0.0,0.0,0.0,0.0,0.0,0.0,0.0,0.02,0.03,0.0,0.03,Matches,Brentford
Sepp van den Berg,nl NED,DF,23-270,4,4,360.0,4.0,0.0,0.0,0.0,0.0,0.0,0.0,0.0,0.0,0.2,0.2,0.0,0.2,2.0,10.0,3.0,0.0,0.0,0.0,0.0,0.0,0.05,0.0,0.05,0.05,0.05,Matches,Brentford
Caoimhín Kelleher,ie IRL,GK,26-297,4,4,360.0,4.0,0.0,0.0,0.0,0.0,0.0,0.0,1.0,0.0,0.0,0.0,0.0,0.0,0.0,1.0,0.0,0.0,0.0,0.0,0.0,0.0,0.0,0.0,0.0,0.0,0.0,Matches,Brentford
Yehor Yarmoliuk,ua UKR,MF,21-199,4,4,348.0,3.9,0.0,0.0,0.0,0.0,0.0,0.0,1.0,0.0,0.1,0.1,0.1,0.2,4.0,10.0,2.0,0.0,0.0,0.0,0.0,0.0,0.03,0.02,0.05,0.03,0.05,Matches,Brentford
Michael Kayode,it ITA,DF,21-068,4,4,346.0,3.8,0.0,0.0,0.0,0.0,0.0,0.0,0.0,0.0,0.0,0.0,0.2,0.2,4.0,7.0,12.0,0.0,0.0,0.0,0.0,0.0,0.0,0.05,0.05,0.0,0.05,Matches,Brentford
Thiago,br BRA,FW,24-082,4,4,341.0,3.8,2.0,0.0,2.0,1.0,1.0,1.0,2.0,0.0,1.2,0.5,1.1,1.5,4.0,3.0,9.0,0.53,0.0,0.53,0.26,0.26,0.33,0.28,0.61,0.12,0.4,Matches,Brentford
Keane Lewis-Potter,eng ENG,"DF,FW",24-206,4,4,318.0,3.5,0.0,0.0,0.0,0.0,0.0,0.0,0.0,0.0,0.1,0.1,0.0,0.2,4.0,3.0,9.0,0.0,0.0,0.0,0.0,0.0,0.03,0.01,0.05,0.03,0.05,Matches,Brentford
Kevin Schade,de GER,FW,23-293,4,3,302.0,3.4,1.0,0.0,1.0,1.0,0.0,1.0,0.0,0.0,1.6,0.9,0.1,0.9,6.0,1.0,7.0,0.3,0.0,0.3,0.3,0.3,0.49,0.02,0.51,0.26,0.27,Matches,Brentford
Jordan Henderson,eng ENG,MF,35-091,4,3,250.0,2.8,0.0,1.0,1.0,0.0,0.0,0.0,0.0,0.0,0.0,0.0,0.2,0.2,3.0,12.0,0.0,0.0,0.36,0.36,0.0,0.36,0.01,0.08,0.09,0.01,0.09,Matches,Brentford
Dango Ouattara,bf BFA,FW,23-217,3,2,191.0,2.1,1.0,0.0,1.0,1.0,0.0,0.0,0.0,0.0,0.9,0.9,0.0,0.9,5.0,0.0,9.0,0.47,0.0,0.47,0.47,0.47,0.4,0.0,0.4,0.4,0.4,Matches,Brentford
Mikkel Damsgaard,dk DEN,MF,25-075,2,2,180.0,2.0,0.0,0.0,0.0,0.0,0.0,0.0,0.0,0.0,0.1,0.1,0.4,0.5,6.0,8.0,6.0,0.0,0.0,0.0,0.0,0.0,0.03,0.21,0.24,0.03,0.24,Matches,Brentford
Mathias Jensen,dk DEN,MF,29-258,3,2,152.0,1.7,0.0,0.0,0.0,0.0,0.0,0.0,0.0,0.0,0.1,0.1,0.2,0.3,0.0,9.0,1.0,0.0,0.0,0.0,0.0,0.0,0.08,0.11,0.19,0.08,0.19,Matches,Brentford
Rico Henry,eng ENG,DF,28-070,4,1,132.0,1.5,0.0,0.0,0.0,0.0,0.0,0.0,1.0,0.0,0.1,0.1,0.1,0.3,9.0,1.0,10.0,0.0,0.0,0.0,0.0,0.0,0.09,0.09,0.18,0.09,0.18,Matches,Brentford
Fabio Carvalho,pt POR,"FW,MF",23-017,3,1,92.0,1.0,1.0,0.0,1.0,1.0,0.0,0.0,0.0,0.0,0.7,0.7,0.0,0.7,2.0,2.0,5.0,0.98,0.0,0.98,0.98,0.98,0.68,0.0,0.68,0.68,0.68,Matches,Brentford
Ethan Pinnock,jm JAM,DF,32-110,1,1,82.0,0.9,0.0,0.0,0.0,0.0,0.0,0.0,1.0,0.0,0.0,0.0,0.0,0.0,0.0,1.0,2.0,0.0,0.0,0.0,0.0,0.0,0.0,0.0,0.0,0.0,0.0,Matches,Brentford
Antoni Milambo,nl NED,MF,20-166,1,1,45.0,0.5,0.0,0.0,0.0,0.0,0.0,0.0,0.0,0.0,0.0,0.0,0.0,0.0,1.0,3.0,1.0,0.0,0.0,0.0,0.0,0.0,0.0,0.0,0.0,0.0,0.0,Matches,Brentford
Frank Onyeka,ng NGA,MF,27-258,3,0,64.0,0.7,0.0,1.0,1.0,0.0,0.0,0.0,0.0,0.0,0.0,0.0,0.1,0.1,2.0,1.0,1.0,0.0,1.41,1.41,0.0,1.41,0.0,0.17,0.17,0.0,0.17,Matches,Brentford
Aaron Hickey,sct SCO,"DF,FW",23-098,3,0,23.0,0.3,0.0,0.0,0.0,0.0,0.0,0.0,1.0,0.0,0.0,0.0,0.0,0.0,0.0,0.0,1.0,0.0,0.0,0.0,0.0,0.0,0.0,0.0,0.0,0.0,0.0,Matches,Brentford
Kristoffer Ajer,no NOR,DF,27-152,2,0,14.0,0.2,0.0,1.0,1.0,0.0,0.0,0.0,0.0,0.0,0.0,0.0,0.7,0.7,0.0,1.0,0.0,0.0,6.43,6.43,0.0,6.43,0.26,4.31,4.57,0.26,4.57,Matches,Brentford
Benjamin Arthur,eng ENG,DF,19-342,0,0,,,,,,,,,,,,,,,,,,,,,,,,,,,,Matches,Brentford
Vitaly Janelt,de GER,MF,27-129,0,0,,,,,,,,,,,,,,,,,,,,,,,,,,,,Matches,Brentford
Reiss Nelson,eng ENG,"FW,MF",25-280,0,0,,,,,,,,,,,,,,,,,,,,,,,,,,,,Matches,Brentford
Myles Peart-Harris,eng ENG,MF,22-363,0,0,,,,,,,,,,,,,,,,,,,,,,,,,,,,Matches,Brentford
Mads Roerslev,dk DEN,"DF,MF",26-084,0,0,,,,,,,,,,,,,,,,,,,,,,,,,,,,Matches,Brentford
Hákon Valdimarsson,is ISL,GK,23-338,0,0,,,,,,,,,,,,,,,,,,,,,,,,,,,,Matches,Brentford
Squad Total,,,25.1,4,44,360.0,4.0,5.0,3.0,8.0,4.0,1.0,2.0,8.0,0.0,5.2,3.7,3.3,7.0,54.0,79.0,78.0,1.25,0.75,2.0,1.0,1.75,1.3,0.82,2.12,0.92,1.74,,Brentford
Opponent Total,,,26.4,4,44,360.0,4.0,7.0,4.0,11.0,6.0,1.0,1.0,8.0,0.0,5.8,5.0,4.3,9.3,88.0,176.0,174.0,1.75,1.0,2.75,1.5,2.5,1.44,1.08,2.53,1.25,2.33,,Brentford
Lewis Dunk,eng ENG,DF,33-299,4,4,360.0,4.0,0.0,0.0,0.0,0.0,0.0,0.0,1.0,0.0,0.2,0.2,0.0,0.2,0.0,8.0,1.0,0.0,0.0,0.0,0.0,0.0,0.05,0.01,0.05,0.05,0.05,Matches,Brighton-and-Hove-Albion
Jan Paul van Hecke,nl NED,DF,25-100,4,4,360.0,4.0,0.0,0.0,0.0,0.0,0.0,0.0,1.0,0.0,0.3,0.3,0.0,0.3,3.0,20.0,1.0,0.0,0.0,0.0,0.0,0.0,0.08,0.0,0.08,0.08,0.08,Matches,Brighton-and-Hove-Albion
Bart Verbruggen,nl NED,GK,23-029,4,4,360.0,4.0,0.0,0.0,0.0,0.0,0.0,0.0,0.0,0.0,0.0,0.0,0.1,0.1,0.0,0.0,0.0,0.0,0.0,0.0,0.0,0.0,0.0,0.04,0.04,0.0,0.04,Matches,Brighton-and-Hove-Albion
Kaoru Mitoma,jp JPN,FW,28-119,4,4,352.0,3.9,1.0,1.0,2.0,1.0,0.0,0.0,1.0,0.0,0.7,0.7,1.0,1.7,10.0,8.0,25.0,0.26,0.26,0.51,0.26,0.51,0.17,0.25,0.42,0.17,0.42,Matches,Brighton-and-Hove-Albion
Yankuba Minteh,gm GAM,FW,21-056,4,4,337.0,3.7,0.0,1.0,1.0,0.0,0.0,0.0,0.0,0.0,0.5,0.5,1.3,1.8,21.0,4.0,29.0,0.0,0.27,0.27,0.0,0.27,0.13,0.35,0.49,0.13,0.49,Matches,Brighton-and-Hove-Albion
Maxim De Cuyper,be BEL,DF,24-268,4,4,269.0,3.0,0.0,0.0,0.0,0.0,0.0,0.0,1.0,0.0,0.0,0.0,0.1,0.1,1.0,10.0,8.0,0.0,0.0,0.0,0.0,0.0,0.0,0.02,0.02,0.0,0.02,Matches,Brighton-and-Hove-Albion
Danny Welbeck,eng ENG,FW,34-294,4,3,238.0,2.6,0.0,0.0,0.0,0.0,0.0,1.0,0.0,0.0,1.7,0.9,0.1,0.9,0.0,1.0,2.0,0.0,0.0,0.0,0.0,0.0,0.63,0.02,0.65,0.33,0.35,Matches,Brighton-and-Hove-Albion
Carlos Baleba,cm CMR,MF,21-256,4,3,198.0,2.2,0.0,0.0,0.0,0.0,0.0,0.0,1.0,0.0,0.0,0.0,0.0,0.1,1.0,4.0,1.0,0.0,0.0,0.0,0.0,0.0,0.02,0.02,0.04,0.02,0.04,Matches,Brighton-and-Hove-Albion
Yasin Ayari,se SWE,MF,21-345,4,2,274.0,3.0,0.0,0.0,0.0,0.0,0.0,0.0,0.0,0.0,0.2,0.2,0.1,0.2,1.0,17.0,4.0,0.0,0.0,0.0,0.0,0.0,0.05,0.02,0.07,0.05,0.07,Matches,Brighton-and-Hove-Albion
Joël Veltman,nl NED,DF,33-244,2,2,180.0,2.0,0.0,0.0,0.0,0.0,0.0,0.0,1.0,0.0,0.0,0.0,0.0,0.0,5.0,9.0,1.0,0.0,0.0,0.0,0.0,0.0,0.0,0.02,0.02,0.0,0.02,Matches,Brighton-and-Hove-Albion
Matt O'Riley,dk DEN,MF,24-299,2,2,177.0,2.0,1.0,0.0,1.0,0.0,1.0,1.0,0.0,0.0,1.2,0.4,0.2,0.6,0.0,5.0,11.0,0.51,0.0,0.51,0.0,0.0,0.61,0.1,0.72,0.21,0.32,Matches,Brighton-and-Hove-Albion
Mats Wieffer,nl NED,DF,25-304,2,2,174.0,1.9,0.0,0.0,0.0,0.0,0.0,0.0,1.0,0.0,0.0,0.0,0.0,0.0,2.0,11.0,6.0,0.0,0.0,0.0,0.0,0.0,0.01,0.0,0.01,0.01,0.01,Matches,Brighton-and-Hove-Albion
Georginio Rutter,fr FRA,"FW,MF",23-149,3,2,164.0,1.8,0.0,0.0,0.0,0.0,0.0,0.0,1.0,0.0,0.1,0.1,0.1,0.2,5.0,6.0,11.0,0.0,0.0,0.0,0.0,0.0,0.07,0.04,0.12,0.07,0.12,Matches,Brighton-and-Hove-Albion
Jack Hinshelwood,eng ENG,MF,20-158,3,2,107.0,1.2,0.0,0.0,0.0,0.0,0.0,0.0,0.0,0.0,0.0,0.0,0.0,0.0,2.0,2.0,1.0,0.0,0.0,0.0,0.0,0.0,0.0,0.0,0.0,0.0,0.0,Matches,Brighton-and-Hove-Albion
Diego Gómez,py PAR,MF,22-173,3,1,106.0,1.2,0.0,0.0,0.0,0.0,0.0,0.0,1.0,0.0,0.0,0.0,0.3,0.3,0.0,4.0,1.0,0.0,0.0,0.0,0.0,0.0,0.02,0.26,0.29,0.02,0.29,Matches,Brighton-and-Hove-Albion
James Milner,eng ENG,MF,39-255,3,1,98.0,1.1,1.0,0.0,1.0,0.0,1.0,1.0,1.0,0.0,0.8,0.0,0.0,0.0,2.0,2.0,1.0,0.92,0.0,0.92,0.0,0.0,0.72,0.0,0.72,0.0,0.0,Matches,Brighton-and-Hove-Albion
Ferdi Kadioglu,tr TUR,"DF,FW",25-344,3,0,113.0,1.3,0.0,0.0,0.0,0.0,0.0,0.0,2.0,0.0,0.0,0.0,0.0,0.0,2.0,3.0,4.0,0.0,0.0,0.0,0.0,0.0,0.0,0.0,0.0,0.0,0.0,Matches,Brighton-and-Hove-Albion
Brajan Gruda,de GER,"MF,FW",21-108,4,0,68.0,0.8,1.0,0.0,1.0,1.0,0.0,0.0,0.0,0.0,1.2,1.2,0.1,1.3,5.0,2.0,7.0,1.32,0.0,1.32,1.32,1.32,1.53,0.17,1.69,1.53,1.69,Matches,Brighton-and-Hove-Albion
Stefanos Tzimas,gr GRE,FW,19-253,1,0,24.0,0.3,0.0,0.0,0.0,0.0,0.0,0.0,0.0,0.0,0.0,0.0,0.0,0.0,0.0,0.0,1.0,0.0,0.0,0.0,0.0,0.0,0.0,0.0,0.0,0.0,0.0,Matches,Brighton-and-Hove-Albion
Diego Coppola,it ITA,DF,21-262,1,0,1.0,0.0,0.0,0.0,0.0,0.0,0.0,0.0,0.0,0.0,0.0,0.0,0.0,0.0,0.0,0.0,0.0,0.0,0.0,0.0,0.0,0.0,0.0,0.0,0.0,0.0,0.0,Matches,Brighton-and-Hove-Albion
Olivier Boscagli,fr FRA,DF,27-302,0,0,,,,,,,,,,,,,,,,,,,,,,,,,,,,Matches,Brighton-and-Hove-Albion
Jason Steele,eng ENG,GK,35-029,0,0,,,,,,,,,,,,,,,,,,,,,,,,,,,,Matches,Brighton-and-Hove-Albion
Tom Watson,eng ENG,MF,19-161,0,0,,,,,,,,,,,,,,,,,,,,,,,,,,,,Matches,Brighton-and-Hove-Albion
Squad Total,,,26.3,4,44,360.0,4.0,4.0,2.0,6.0,2.0,2.0,3.0,12.0,0.0,6.7,4.4,3.5,7.9,60.0,116.0,115.0,1.0,0.5,1.5,0.5,1.0,1.67,0.86,2.54,1.1,1.97,,Brighton-and-Hove-Albion
Opponent Total,,,26.9,4,44,360.0,4.0,6.0,4.0,10.0,5.0,1.0,1.0,13.0,0.0,5.6,4.8,3.9,8.7,71.0,127.0,127.0,1.5,1.0,2.5,1.25,2.25,1.39,0.98,2.38,1.2,2.18,,Brighton-and-Hove-Albion
Altay Bayındır,tr TUR,GK,27-155,4,4,360.0,4.0,0.0,0.0,0.0,0.0,0.0,0.0,0.0,0.0,0.0,0.0,0.2,0.2,0.0,0.0,0.0,0.0,0.0,0.0,0.0,0.0,0.0,0.06,0.06,0.0,0.06,Matches,Manchester-United
Bruno Fernandes,pt POR,MF,31-008,4,4,360.0,4.0,1.0,0.0,1.0,0.0,1.0,2.0,1.0,0.0,1.9,0.4,1.2,1.6,9.0,40.0,10.0,0.25,0.0,0.25,0.0,0.0,0.48,0.31,0.79,0.09,0.4,Matches,Manchester-United
Matthijs de Ligt,nl NED,DF,26-035,4,4,360.0,4.0,0.0,0.0,0.0,0.0,0.0,0.0,0.0,0.0,0.3,0.3,0.2,0.5,1.0,9.0,3.0,0.0,0.0,0.0,0.0,0.0,0.08,0.05,0.13,0.08,0.13,Matches,Manchester-United
Bryan Mbeumo,cm CMR,MF,26-040,4,4,360.0,4.0,1.0,0.0,1.0,1.0,0.0,0.0,0.0,0.0,1.7,1.7,1.3,3.1,17.0,11.0,40.0,0.25,0.0,0.25,0.25,0.25,0.44,0.33,0.77,0.44,0.77,Matches,Manchester-United
Luke Shaw,eng ENG,DF,30-066,4,4,345.0,3.8,0.0,0.0,0.0,0.0,0.0,0.0,0.0,0.0,0.0,0.0,0.1,0.1,6.0,23.0,6.0,0.0,0.0,0.0,0.0,0.0,0.0,0.02,0.02,0.0,0.02,Matches,Manchester-United
Leny Yoro,fr FRA,DF,19-307,4,4,321.0,3.6,0.0,0.0,0.0,0.0,0.0,0.0,0.0,0.0,0.3,0.3,0.0,0.3,4.0,12.0,2.0,0.0,0.0,0.0,0.0,0.0,0.07,0.0,0.08,0.07,0.08,Matches,Manchester-United
Patrick Dorgu,dk DEN,DF,20-325,3,3,270.0,3.0,0.0,0.0,0.0,0.0,0.0,0.0,1.0,0.0,0.2,0.2,0.1,0.4,10.0,5.0,30.0,0.0,0.0,0.0,0.0,0.0,0.08,0.05,0.13,0.08,0.13,Matches,Manchester-United
Amad Diallo,ci CIV,"DF,MF",23-067,4,3,267.0,3.0,0.0,0.0,0.0,0.0,0.0,0.0,0.0,0.0,0.9,0.9,0.7,1.6,19.0,13.0,25.0,0.0,0.0,0.0,0.0,0.0,0.29,0.24,0.53,0.29,0.53,Matches,Manchester-United
Matheus Cunha,br BRA,"FW,MF",26-112,3,3,210.0,2.3,0.0,0.0,0.0,0.0,0.0,0.0,0.0,0.0,0.8,0.8,0.2,1.0,8.0,8.0,7.0,0.0,0.0,0.0,0.0,0.0,0.35,0.07,0.42,0.35,0.42,Matches,Manchester-United
Casemiro,br BRA,MF,33-205,4,3,198.0,2.2,0.0,0.0,0.0,0.0,0.0,0.0,1.0,0.0,0.6,0.6,0.1,0.7,0.0,11.0,4.0,0.0,0.0,0.0,0.0,0.0,0.28,0.04,0.32,0.28,0.32,Matches,Manchester-United
Mason Mount,eng ENG,MF,26-249,3,3,177.0,2.0,0.0,0.0,0.0,0.0,0.0,0.0,0.0,0.0,0.2,0.2,0.4,0.6,3.0,12.0,7.0,0.0,0.0,0.0,0.0,0.0,0.09,0.19,0.29,0.09,0.29,Matches,Manchester-United
Diogo Dalot,pt POR,DF,26-182,3,2,183.0,2.0,0.0,1.0,1.0,0.0,0.0,0.0,0.0,0.0,0.0,0.0,0.8,0.8,10.0,6.0,19.0,0.0,0.49,0.49,0.0,0.49,0.01,0.37,0.38,0.01,0.38,Matches,Manchester-United
Benjamin Šeško,si SVN,FW,22-108,4,1,162.0,1.8,0.0,0.0,0.0,0.0,0.0,0.0,0.0,0.0,0.4,0.4,0.1,0.5,1.0,1.0,10.0,0.0,0.0,0.0,0.0,0.0,0.23,0.03,0.26,0.23,0.26,Matches,Manchester-United
Manuel Ugarte,uy URU,MF,24-158,3,1,127.0,1.4,0.0,0.0,0.0,0.0,0.0,0.0,0.0,0.0,0.0,0.0,0.0,0.1,3.0,12.0,2.0,0.0,0.0,0.0,0.0,0.0,0.03,0.02,0.06,0.03,0.06,Matches,Manchester-United
Noussair Mazraoui,ma MAR,DF,27-306,2,1,67.0,0.7,0.0,0.0,0.0,0.0,0.0,0.0,0.0,0.0,0.0,0.0,0.0,0.0,4.0,9.0,7.0,0.0,0.0,0.0,0.0,0.0,0.0,0.0,0.0,0.0,0.0,Matches,Manchester-United
Kobbie Mainoo,eng ENG,MF,20-150,2,0,74.0,0.8,0.0,0.0,0.0,0.0,0.0,0.0,0.0,0.0,0.1,0.1,0.1,0.2,3.0,4.0,2.0,0.0,0.0,0.0,0.0,0.0,0.08,0.17,0.25,0.08,0.25,Matches,Manchester-United
Joshua Zirkzee,nl NED,"FW,MF",24-117,2,0,71.0,0.8,0.0,0.0,0.0,0.0,0.0,0.0,0.0,0.0,0.6,0.6,0.0,0.7,0.0,3.0,4.0,0.0,0.0,0.0,0.0,0.0,0.82,0.06,0.88,0.82,0.88,Matches,Manchester-United
Harry Maguire,eng ENG,DF,32-195,3,0,44.0,0.5,0.0,0.0,0.0,0.0,0.0,0.0,0.0,0.0,0.1,0.1,0.0,0.1,0.0,1.0,2.0,0.0,0.0,0.0,0.0,0.0,0.2,0.0,0.2,0.2,0.2,Matches,Manchester-United
Ayden Heaven,eng ENG,DF,18-359,1,0,4.0,0.0,0.0,0.0,0.0,0.0,0.0,0.0,0.0,0.0,0.0,0.0,0.0,0.0,0.0,0.0,0.0,0.0,0.0,0.0,0.0,0.0,0.0,0.0,0.0,0.0,0.0,Matches,Manchester-United
Tyler Fredricson,eng ENG,DF,20-205,0,0,,,,,,,,,,,,,,,,,,,,,,,,,,,,Matches,Manchester-United
Tom Heaton,eng ENG,GK,39-154,0,0,,,,,,,,,,,,,,,,,,,,,,,,,,,,Matches,Manchester-United
Senne Lammens,be BEL,GK,23-071,0,0,,,,,,,,,,,,,,,,,,,,,,,,,,,,Matches,Manchester-United
Diego León,py PAR,DF,18-166,0,0,,,,,,,,,,,,,,,,,,,,,,,,,,,,Matches,Manchester-United
André Onana,cm CMR,GK,29-167,0,0,,,,,,,,,,,,,,,,,,,,,,,,,,,,Matches,Manchester-United
Squad Total,,,26.1,4,44,360.0,4.0,2.0,1.0,3.0,1.0,1.0,2.0,3.0,0.0,7.9,6.3,5.3,11.6,98.0,180.0,180.0,0.5,0.25,0.75,0.25,0.5,1.98,1.33,3.31,1.58,2.91,,Manchester-United
Opponent Total,,,26.7,4,44,360.0,4.0,7.0,5.0,12.0,7.0,0.0,0.0,10.0,0.0,6.9,6.9,5.0,11.9,58.0,110.0,107.0,1.75,1.25,3.0,1.75,3.0,1.73,1.25,2.98,1.73,2.98,,Manchester-United
Elliot Anderson,eng ENG,MF,22-314,4,4,360.0,4.0,0.0,1.0,1.0,0.0,0.0,0.0,0.0,0.0,0.4,0.4,1.1,1.5,7.0,36.0,10.0,0.0,0.25,0.25,0.0,0.25,0.1,0.27,0.36,0.1,0.36,Matches,Nottingham-Forest
Nikola Milenković,rs SRB,DF,27-339,4,4,360.0,4.0,0.0,0.0,0.0,0.0,0.0,0.0,0.0,0.0,0.1,0.1,0.0,0.1,1.0,3.0,0.0,0.0,0.0,0.0,0.0,0.0,0.01,0.0,0.01,0.01,0.01,Matches,Nottingham-Forest
Matz Sels,be BEL,GK,33-202,4,4,360.0,4.0,0.0,0.0,0.0,0.0,0.0,0.0,1.0,0.0,0.0,0.0,0.0,0.0,0.0,0.0,0.0,0.0,0.0,0.0,0.0,0.0,0.0,0.0,0.0,0.0,0.0,Matches,Nottingham-Forest
Neco Williams,wls WAL,DF,24-156,4,4,360.0,4.0,0.0,0.0,0.0,0.0,0.0,0.0,2.0,0.0,0.0,0.0,0.3,0.4,11.0,19.0,22.0,0.0,0.0,0.0,0.0,0.0,0.01,0.08,0.09,0.01,0.09,Matches,Nottingham-Forest
Ibrahim Sangaré,ci CIV,MF,27-288,4,4,337.0,3.7,0.0,0.0,0.0,0.0,0.0,0.0,0.0,0.0,0.0,0.0,0.0,0.0,3.0,21.0,1.0,0.0,0.0,0.0,0.0,0.0,0.01,0.0,0.01,0.01,0.01,Matches,Nottingham-Forest
Morgan Gibbs-White,eng ENG,MF,25-232,4,4,326.0,3.6,0.0,1.0,1.0,0.0,0.0,0.0,0.0,0.0,0.7,0.7,0.3,1.0,7.0,25.0,34.0,0.0,0.28,0.28,0.0,0.28,0.19,0.08,0.27,0.19,0.27,Matches,Nottingham-Forest
Callum Hudson-Odoi,eng ENG,FW,24-313,4,4,308.0,3.4,1.0,0.0,1.0,1.0,0.0,0.0,0.0,0.0,0.4,0.4,0.6,0.9,14.0,10.0,36.0,0.29,0.0,0.29,0.29,0.29,0.11,0.16,0.27,0.11,0.27,Matches,Nottingham-Forest
Murillo,br BRA,DF,23-074,4,4,306.0,3.4,0.0,0.0,0.0,0.0,0.0,0.0,1.0,0.0,0.0,0.0,0.0,0.0,2.0,26.0,0.0,0.0,0.0,0.0,0.0,0.0,0.0,0.0,0.0,0.0,0.0,Matches,Nottingham-Forest
Chris Wood,nz NZL,FW,33-283,4,4,296.0,3.3,2.0,0.0,2.0,2.0,0.0,0.0,0.0,0.0,1.6,1.6,0.2,1.7,0.0,5.0,7.0,0.61,0.0,0.61,0.61,0.61,0.48,0.05,0.53,0.48,0.53,Matches,Nottingham-Forest
Dan Ndoye,ch SUI,FW,24-326,4,4,295.0,3.3,1.0,1.0,2.0,1.0,0.0,0.0,0.0,0.0,0.1,0.1,0.4,0.5,18.0,6.0,30.0,0.31,0.31,0.61,0.31,0.61,0.03,0.13,0.16,0.03,0.16,Matches,Nottingham-Forest
Ola Aina,ng NGA,DF,28-343,3,3,270.0,3.0,0.0,0.0,0.0,0.0,0.0,0.0,1.0,0.0,0.0,0.0,0.1,0.2,5.0,11.0,8.0,0.0,0.0,0.0,0.0,0.0,0.01,0.05,0.06,0.01,0.06,Matches,Nottingham-Forest
Morato,br BRA,DF,24-078,1,1,90.0,1.0,0.0,0.0,0.0,0.0,0.0,0.0,0.0,0.0,0.0,0.0,0.0,0.0,0.0,1.0,0.0,0.0,0.0,0.0,0.0,0.0,0.0,0.0,0.0,0.0,0.0,Matches,Nottingham-Forest
James Mcatee,eng ENG,"MF,FW",22-333,3,0,70.0,0.8,0.0,0.0,0.0,0.0,0.0,0.0,0.0,0.0,0.0,0.0,0.4,0.4,2.0,5.0,4.0,0.0,0.0,0.0,0.0,0.0,0.0,0.46,0.46,0.0,0.46,Matches,Nottingham-Forest
Nicolò Savona,it ITA,DF,22-181,1,0,54.0,0.6,0.0,0.0,0.0,0.0,0.0,0.0,0.0,0.0,0.0,0.0,0.0,0.0,0.0,0.0,2.0,0.0,0.0,0.0,0.0,0.0,0.0,0.03,0.03,0.0,0.03,Matches,Nottingham-Forest
Arnaud Kalimuendo,fr FRA,FW,23-239,3,0,53.0,0.6,0.0,0.0,0.0,0.0,0.0,0.0,0.0,0.0,0.1,0.1,0.0,0.1,4.0,1.0,6.0,0.0,0.0,0.0,0.0,0.0,0.19,0.02,0.21,0.19,0.21,Matches,Nottingham-Forest
Igor Jesus,br BRA,FW,24-203,3,0,33.0,0.4,0.0,0.0,0.0,0.0,0.0,0.0,0.0,0.0,0.1,0.1,0.0,0.1,0.0,0.0,1.0,0.0,0.0,0.0,0.0,0.0,0.19,0.0,0.19,0.19,0.19,Matches,Nottingham-Forest
Dilane Bakwa,fr FRA,FW,23-021,1,0,31.0,0.3,0.0,0.0,0.0,0.0,0.0,0.0,0.0,0.0,0.0,0.0,0.0,0.0,0.0,0.0,2.0,0.0,0.0,0.0,0.0,0.0,0.0,0.0,0.0,0.0,0.0,Matches,Nottingham-Forest
Ryan Yates,eng ENG,MF,27-299,3,0,28.0,0.3,0.0,0.0,0.0,0.0,0.0,0.0,0.0,0.0,0.0,0.0,0.0,0.0,0.0,2.0,0.0,0.0,0.0,0.0,0.0,0.0,0.0,0.0,0.0,0.0,0.0,Matches,Nottingham-Forest
Jota Silva,pt POR,FW,26-046,1,0,12.0,0.1,0.0,0.0,0.0,0.0,0.0,0.0,0.0,0.0,0.0,0.0,0.0,0.0,0.0,0.0,1.0,0.0,0.0,0.0,0.0,0.0,0.0,0.0,0.0,0.0,0.0,Matches,Nottingham-Forest
Omari Hutchinson,eng ENG,"FW,MF",21-321,2,0,11.0,0.1,0.0,0.0,0.0,0.0,0.0,0.0,0.0,0.0,0.2,0.2,0.0,0.2,1.0,0.0,5.0,0.0,0.0,0.0,0.0,0.0,1.65,0.0,1.65,1.65,1.65,Matches,Nottingham-Forest
Zach Abbott,eng ENG,DF,19-126,0,0,,,,,,,,,,,,,,,,,,,,,,,,,,,,Matches,Nottingham-Forest
Taiwo Awoniyi,ng NGA,FW,28-035,0,0,,,,,,,,,,,,,,,,,,,,,,,,,,,,Matches,Nottingham-Forest
Willy Boly,ci CIV,DF,34-225,0,0,,,,,,,,,,,,,,,,,,,,,,,,,,,,Matches,Nottingham-Forest
Jair Cunha,br BRA,DF,20-193,0,0,,,,,,,,,,,,,,,,,,,,,,,,,,,,Matches,Nottingham-Forest
Angus Gunn,sct SCO,GK,29-237,0,0,,,,,,,,,,,,,,,,,,,,,,,,,,,,Matches,Nottingham-Forest
John,br BRA,GK,29-215,0,0,,,,,,,,,,,,,,,,,,,,,,,,,,,,Matches,Nottingham-Forest
Douglas Luiz,br BRA,MF,27-130,0,0,,,,,,,,,,,,,,,,,,,,,,,,,,,,Matches,Nottingham-Forest
Squad Total,,,26.7,4,44,360.0,4.0,4.0,3.0,7.0,4.0,0.0,0.0,5.0,0.0,3.7,3.7,3.3,7.0,75.0,171.0,169.0,1.0,0.75,1.75,1.0,1.75,0.92,0.83,1.75,0.92,1.75,,Nottingham-Forest
Opponent Total,,,26.0,4,44,360.0,4.0,8.0,5.0,13.0,6.0,2.0,2.0,6.0,0.0,6.7,5.2,4.7,9.9,75.0,129.0,127.0,2.0,1.25,3.25,1.5,2.75,1.69,1.17,2.85,1.31,2.47,,Nottingham-Forest
Joe Rodon,wls WAL,DF,27-329,4,4,360.0,4.0,0.0,0.0,0.0,0.0,0.0,0.0,0.0,0.0,0.0,0.0,0.0,0.0,2.0,12.0,0.0,0.0,0.0,0.0,0.0,0.0,0.0,0.0,0.0,0.0,0.0,Matches,Leeds-United
Anton Stach,de GER,MF,26-305,4,4,360.0,4.0,0.0,0.0,0.0,0.0,0.0,0.0,1.0,0.0,0.5,0.5,0.8,1.3,8.0,23.0,9.0,0.0,0.0,0.0,0.0,0.0,0.13,0.2,0.33,0.13,0.33,Matches,Leeds-United
Pascal Struijk,nl NED,DF,26-036,4,4,360.0,4.0,0.0,0.0,0.0,0.0,0.0,0.0,0.0,0.0,0.2,0.2,0.0,0.2,0.0,11.0,0.0,0.0,0.0,0.0,0.0,0.0,0.05,0.01,0.06,0.05,0.06,Matches,Leeds-United
Jayden Bogle,eng ENG,DF,25-051,4,4,352.0,3.9,0.0,0.0,0.0,0.0,0.0,0.0,1.0,0.0,0.2,0.2,0.1,0.2,16.0,10.0,14.0,0.0,0.0,0.0,0.0,0.0,0.04,0.01,0.06,0.04,0.06,Matches,Leeds-United
Gabriel Gudmundsson,se SWE,DF,26-140,4,4,349.0,3.9,0.0,0.0,0.0,0.0,0.0,0.0,1.0,0.0,0.2,0.2,0.3,0.5,9.0,12.0,14.0,0.0,0.0,0.0,0.0,0.0,0.04,0.08,0.12,0.04,0.12,Matches,Leeds-United
Lucas Perri,br BRA,GK,27-280,3,3,270.0,3.0,0.0,0.0,0.0,0.0,0.0,0.0,0.0,0.0,0.0,0.0,0.0,0.0,0.0,0.0,0.0,0.0,0.0,0.0,0.0,0.0,0.0,0.0,0.0,0.0,0.0,Matches,Leeds-United
Daniel James,wls WAL,FW,27-310,4,3,213.0,2.4,0.0,0.0,0.0,0.0,0.0,0.0,0.0,0.0,0.4,0.4,0.3,0.7,8.0,5.0,17.0,0.0,0.0,0.0,0.0,0.0,0.18,0.12,0.3,0.18,0.3,Matches,Leeds-United
Wilfried Gnonto,it ITA,FW,21-315,4,3,192.0,2.1,0.0,0.0,0.0,0.0,0.0,0.0,1.0,0.0,0.2,0.2,0.1,0.3,4.0,4.0,14.0,0.0,0.0,0.0,0.0,0.0,0.08,0.04,0.12,0.08,0.12,Matches,Leeds-United
Sean Longstaff,eng ENG,MF,27-321,4,2,214.0,2.4,0.0,0.0,0.0,0.0,0.0,0.0,0.0,0.0,0.0,0.0,0.0,0.1,0.0,4.0,0.0,0.0,0.0,0.0,0.0,0.0,0.02,0.02,0.04,0.02,0.04,Matches,Leeds-United
Ilia Gruev,bg BUL,MF,25-133,3,2,193.0,2.1,0.0,0.0,0.0,0.0,0.0,0.0,0.0,0.0,0.0,0.0,0.0,0.0,0.0,6.0,0.0,0.0,0.0,0.0,0.0,0.0,0.0,0.0,0.0,0.0,0.0,Matches,Leeds-United
Ethan Ampadu,wls WAL,MF,25-002,2,2,167.0,1.9,0.0,0.0,0.0,0.0,0.0,0.0,0.0,0.0,0.0,0.0,0.0,0.0,1.0,5.0,3.0,0.0,0.0,0.0,0.0,0.0,0.0,0.0,0.0,0.0,0.0,Matches,Leeds-United
Ao Tanaka,jp JPN,MF,27-006,2,2,146.0,1.6,0.0,0.0,0.0,0.0,0.0,0.0,0.0,0.0,0.1,0.1,0.1,0.2,1.0,6.0,2.0,0.0,0.0,0.0,0.0,0.0,0.06,0.07,0.13,0.06,0.13,Matches,Leeds-United
Joël Piroe,nl NED,FW,26-045,2,2,134.0,1.5,0.0,0.0,0.0,0.0,0.0,0.0,0.0,0.0,0.3,0.3,0.0,0.3,0.0,1.0,3.0,0.0,0.0,0.0,0.0,0.0,0.22,0.0,0.22,0.22,0.22,Matches,Leeds-United
Brenden Aaronson,us USA,FW,24-329,4,1,156.0,1.7,0.0,0.0,0.0,0.0,0.0,0.0,0.0,0.0,0.1,0.1,0.5,0.7,2.0,2.0,9.0,0.0,0.0,0.0,0.0,0.0,0.08,0.31,0.39,0.08,0.39,Matches,Leeds-United
Lukas Nmecha,de GER,FW,26-276,4,1,137.0,1.5,1.0,0.0,1.0,0.0,1.0,1.0,0.0,0.0,0.9,0.2,0.0,0.2,1.0,1.0,7.0,0.66,0.0,0.66,0.0,0.0,0.59,0.0,0.59,0.12,0.12,Matches,Leeds-United
Noah Okafor,ch SUI,FW,25-115,2,1,92.0,1.0,0.0,0.0,0.0,0.0,0.0,0.0,1.0,0.0,0.2,0.2,0.0,0.2,3.0,4.0,6.0,0.0,0.0,0.0,0.0,0.0,0.17,0.02,0.19,0.17,0.19,Matches,Leeds-United
Karl Darlow,wls WAL,GK,34-343,1,1,90.0,1.0,0.0,0.0,0.0,0.0,0.0,0.0,0.0,0.0,0.0,0.0,0.0,0.0,0.0,0.0,0.0,0.0,0.0,0.0,0.0,0.0,0.0,0.0,0.0,0.0,0.0,Matches,Leeds-United
Dominic Calvert-Lewin,eng ENG,FW,28-184,2,1,89.0,1.0,0.0,0.0,0.0,0.0,0.0,0.0,0.0,0.0,0.4,0.4,0.0,0.4,1.0,1.0,3.0,0.0,0.0,0.0,0.0,0.0,0.38,0.04,0.42,0.38,0.42,Matches,Leeds-United
Jack Harrison,eng ENG,FW,28-300,3,0,67.0,0.7,0.0,0.0,0.0,0.0,0.0,0.0,0.0,0.0,0.0,0.0,0.0,0.0,4.0,2.0,7.0,0.0,0.0,0.0,0.0,0.0,0.0,0.0,0.0,0.0,0.0,Matches,Leeds-United
James Justin,eng ENG,DF,27-205,1,0,11.0,0.1,0.0,0.0,0.0,0.0,0.0,0.0,0.0,0.0,0.0,0.0,0.0,0.0,0.0,0.0,0.0,0.0,0.0,0.0,0.0,0.0,0.0,0.0,0.0,0.0,0.0,Matches,Leeds-United
Sam Byram,eng ENG,DF,32-000,1,0,8.0,0.1,0.0,0.0,0.0,0.0,0.0,0.0,0.0,0.0,0.0,0.0,0.0,0.0,0.0,0.0,0.0,0.0,0.0,0.0,0.0,0.0,0.0,0.0,0.0,0.0,0.0,Matches,Leeds-United
Jaka Bijol,si SVN,"DF,MF",26-223,0,0,,,,,,,,,,,,,,,,,,,,,,,,,,,,Matches,Leeds-United
Sebastiaan Bornauw,be BEL,DF,26-178,0,0,,,,,,,,,,,,,,,,,,,,,,,,,,,,Matches,Leeds-United
Illan Meslier,fr FRA,GK,25-198,0,0,,,,,,,,,,,,,,,,,,,,,,,,,,,,Matches,Leeds-United
Largie Ramazani,be BEL,"FW,MF",24-201,0,0,,,,,,,,,,,,,,,,,,,,,,,,,,,,Matches,Leeds-United
Squad Total,,,26.6,4,44,360.0,4.0,1.0,0.0,1.0,0.0,1.0,1.0,5.0,0.0,3.7,2.9,2.3,5.2,60.0,109.0,108.0,0.25,0.0,0.25,0.0,0.0,0.91,0.57,1.48,0.74,1.31,,Leeds-United
Opponent Total,,,27.2,4,44,360.0,4.0,5.0,4.0,9.0,4.0,1.0,1.0,4.0,0.0,4.8,4.0,2.7,6.7,74.0,164.0,161.0,1.25,1.0,2.25,1.0,2.0,1.2,0.68,1.88,1.0,1.68,,Leeds-United
Martin Dúbravka,sk SVK,GK,36-244,4,4,360.0,4.0,0.0,0.0,0.0,0.0,0.0,0.0,0.0,0.0,0.0,0.0,0.0,0.0,0.0,0.0,0.0,0.0,0.0,0.0,0.0,0.0,0.0,0.0,0.0,0.0,0.0,Matches,Burnley
Quilindschy Hartman,nl NED,DF,23-306,4,4,360.0,4.0,0.0,0.0,0.0,0.0,0.0,0.0,0.0,0.0,0.1,0.1,0.1,0.2,1.0,9.0,8.0,0.0,0.0,0.0,0.0,0.0,0.02,0.02,0.04,0.02,0.04,Matches,Burnley
Kyle Walker,eng ENG,DF,35-111,4,4,360.0,4.0,0.0,0.0,0.0,0.0,0.0,0.0,1.0,0.0,0.0,0.0,0.0,0.0,3.0,7.0,2.0,0.0,0.0,0.0,0.0,0.0,0.0,0.0,0.0,0.0,0.0,Matches,Burnley
Jaidon Anthony,eng ENG,"MF,FW",25-289,4,4,352.0,3.9,2.0,1.0,3.0,2.0,0.0,0.0,1.0,0.0,1.7,1.7,0.2,1.9,6.0,8.0,17.0,0.51,0.26,0.77,0.51,0.77,0.43,0.04,0.47,0.43,0.47,Matches,Burnley
Hjalmar Ekdal,se SWE,DF,26-330,4,4,352.0,3.9,0.0,0.0,0.0,0.0,0.0,0.0,0.0,0.0,0.0,0.0,0.0,0.0,1.0,5.0,0.0,0.0,0.0,0.0,0.0,0.0,0.01,0.01,0.01,0.01,0.01,Matches,Burnley
Maxime Estève,fr FRA,DF,23-113,4,4,352.0,3.9,0.0,0.0,0.0,0.0,0.0,0.0,0.0,0.0,0.0,0.0,0.0,0.0,1.0,11.0,0.0,0.0,0.0,0.0,0.0,0.0,0.01,0.0,0.01,0.01,0.01,Matches,Burnley
Lyle Foster,za RSA,FW,25-013,4,4,333.0,3.7,1.0,0.0,1.0,1.0,0.0,0.0,1.0,0.0,0.7,0.7,0.4,1.1,3.0,3.0,19.0,0.27,0.0,0.27,0.27,0.27,0.2,0.1,0.3,0.2,0.3,Matches,Burnley
Josh Cullen,ie IRL,MF,29-162,4,4,332.0,3.7,1.0,1.0,2.0,1.0,0.0,0.0,0.0,0.0,0.1,0.1,0.7,0.8,2.0,17.0,2.0,0.27,0.27,0.54,0.27,0.54,0.02,0.2,0.22,0.02,0.22,Matches,Burnley
Lesley Ugochukwu,fr FRA,MF,21-174,4,3,254.0,2.8,0.0,0.0,0.0,0.0,0.0,0.0,2.0,1.0,0.1,0.1,0.0,0.1,0.0,6.0,4.0,0.0,0.0,0.0,0.0,0.0,0.03,0.01,0.03,0.03,0.03,Matches,Burnley
Hannibal Mejbri,tn TUN,MF,22-238,4,3,236.0,2.6,0.0,0.0,0.0,0.0,0.0,0.0,0.0,0.0,0.2,0.2,0.2,0.4,4.0,5.0,8.0,0.0,0.0,0.0,0.0,0.0,0.06,0.07,0.13,0.06,0.13,Matches,Burnley
Josh Laurent,eng ENG,"MF,DF",30-133,4,2,189.0,2.1,0.0,0.0,0.0,0.0,0.0,0.0,1.0,0.0,0.1,0.1,0.2,0.3,2.0,5.0,7.0,0.0,0.0,0.0,0.0,0.0,0.05,0.08,0.14,0.05,0.14,Matches,Burnley
Jacob Bruun Larsen,dk DEN,"FW,MF",26-362,3,2,177.0,2.0,0.0,1.0,1.0,0.0,0.0,0.0,0.0,0.0,0.1,0.1,0.6,0.7,1.0,4.0,13.0,0.0,0.51,0.51,0.0,0.51,0.03,0.31,0.34,0.03,0.34,Matches,Burnley
Loum Tchaouna,fr FRA,MF,22-008,4,1,113.0,1.3,0.0,0.0,0.0,0.0,0.0,0.0,1.0,0.0,0.2,0.2,0.1,0.3,3.0,4.0,3.0,0.0,0.0,0.0,0.0,0.0,0.17,0.09,0.25,0.17,0.25,Matches,Burnley
Oliver Sonne,pe PER,"DF,FW",24-310,3,1,104.0,1.2,0.0,0.0,0.0,0.0,0.0,0.0,0.0,0.0,0.0,0.0,0.0,0.1,0.0,4.0,3.0,0.0,0.0,0.0,0.0,0.0,0.03,0.03,0.06,0.03,0.06,Matches,Burnley
Florentino Luís,pt POR,MF,26-028,1,0,28.0,0.3,0.0,0.0,0.0,0.0,0.0,0.0,0.0,0.0,0.0,0.0,0.0,0.0,0.0,1.0,0.0,0.0,0.0,0.0,0.0,0.0,0.0,0.0,0.0,0.0,0.0,Matches,Burnley
Zian Flemming,nl NED,FW,27-046,2,0,22.0,0.2,0.0,0.0,0.0,0.0,0.0,0.0,0.0,0.0,0.0,0.0,0.1,0.1,1.0,0.0,2.0,0.0,0.0,0.0,0.0,0.0,0.0,0.32,0.32,0.0,0.32,Matches,Burnley
Joe Worrall,eng ENG,DF,28-249,3,0,21.0,0.2,0.0,0.0,0.0,0.0,0.0,0.0,0.0,0.0,0.0,0.0,0.0,0.0,0.0,0.0,0.0,0.0,0.0,0.0,0.0,0.0,0.0,0.0,0.0,0.0,0.0,Matches,Burnley
Marcus Edwards,eng ENG,FW,26-287,1,0,6.0,0.1,0.0,0.0,0.0,0.0,0.0,0.0,0.0,0.0,0.0,0.0,0.0,0.0,0.0,0.0,0.0,0.0,0.0,0.0,0.0,0.0,0.0,0.0,0.0,0.0,0.0,Matches,Burnley
Armando Broja,al ALB,FW,24-006,1,0,2.0,0.0,0.0,0.0,0.0,0.0,0.0,0.0,0.0,0.0,0.0,0.0,0.0,0.0,0.0,0.0,0.0,0.0,0.0,0.0,0.0,0.0,0.0,0.0,0.0,0.0,0.0,Matches,Burnley
Bashir Humphreys,eng ENG,DF,22-185,0,0,,,,,,,,,,,,,,,,,,,,,,,,,,,,Matches,Burnley
Lucas,br BRA,DF,24-176,0,0,,,,,,,,,,,,,,,,,,,,,,,,,,,,Matches,Burnley
Aaron Ramsey,eng ENG,MF,22-238,0,0,,,,,,,,,,,,,,,,,,,,,,,,,,,,Matches,Burnley
Max Weiß,de GER,GK,21-093,0,0,,,,,,,,,,,,,,,,,,,,,,,,,,,,Matches,Burnley
Squad Total,,,27.3,4,44,360.0,4.0,4.0,3.0,7.0,4.0,0.0,0.0,7.0,1.0,3.2,3.2,2.5,5.8,28.0,89.0,88.0,1.0,0.75,1.75,1.0,1.75,0.81,0.63,1.44,0.81,1.44,,Burnley
Opponent Total,,,25.9,4,44,360.0,4.0,6.0,4.0,10.0,4.0,2.0,2.0,4.0,0.0,9.2,7.7,6.5,14.2,122.0,209.0,207.0,1.5,1.0,2.5,1.0,2.0,2.3,1.64,3.94,1.92,3.56,,Burnley
Jarrod Bowen,eng ENG,FW,28-270,4,4,360.0,4.0,1.0,0.0,1.0,1.0,0.0,0.0,0.0,0.0,0.5,0.5,0.8,1.3,14.0,8.0,32.0,0.25,0.0,0.25,0.25,0.25,0.12,0.21,0.33,0.12,0.33,Matches,West-Ham-United
El Hadji Malick Diouf,sn SEN,DF,20-262,4,4,360.0,4.0,0.0,2.0,2.0,0.0,0.0,0.0,0.0,0.0,0.2,0.2,0.5,0.7,6.0,7.0,19.0,0.0,0.5,0.5,0.0,0.5,0.04,0.13,0.18,0.04,0.18,Matches,West-Ham-United
Mads Hermansen,dk DEN,GK,25-067,4,4,360.0,4.0,0.0,0.0,0.0,0.0,0.0,0.0,0.0,0.0,0.0,0.0,0.0,0.0,0.0,0.0,0.0,0.0,0.0,0.0,0.0,0.0,0.0,0.0,0.0,0.0,0.0,Matches,West-Ham-United
Max Kilman,eng ENG,DF,28-116,4,4,360.0,4.0,0.0,0.0,0.0,0.0,0.0,0.0,1.0,0.0,0.4,0.4,0.0,0.4,0.0,10.0,1.0,0.0,0.0,0.0,0.0,0.0,0.1,0.01,0.11,0.1,0.11,Matches,West-Ham-United
Lucas Paquetá,br BRA,"MF,FW",28-020,4,4,337.0,3.7,2.0,0.0,2.0,1.0,1.0,1.0,0.0,0.0,1.4,0.6,0.1,0.8,2.0,26.0,13.0,0.53,0.0,0.53,0.27,0.27,0.38,0.03,0.41,0.17,0.2,Matches,West-Ham-United
James Ward-Prowse,eng ENG,MF,30-319,4,4,323.0,3.6,0.0,0.0,0.0,0.0,0.0,0.0,0.0,0.0,0.1,0.1,0.7,0.8,1.0,11.0,6.0,0.0,0.0,0.0,0.0,0.0,0.03,0.2,0.23,0.03,0.23,Matches,West-Ham-United
Tomáš Souček,cz CZE,MF,30-201,4,3,232.0,2.6,0.0,0.0,0.0,0.0,0.0,0.0,0.0,1.0,0.2,0.2,0.0,0.2,1.0,4.0,2.0,0.0,0.0,0.0,0.0,0.0,0.07,0.0,0.07,0.07,0.07,Matches,West-Ham-United
Niclas Füllkrug,de GER,FW,32-219,3,3,198.0,2.2,0.0,0.0,0.0,0.0,0.0,0.0,0.0,0.0,0.3,0.3,0.2,0.5,0.0,2.0,6.0,0.0,0.0,0.0,0.0,0.0,0.13,0.08,0.21,0.13,0.21,Matches,West-Ham-United
Kyle Walker-Peters,eng ENG,DF,28-156,3,2,201.0,2.2,0.0,0.0,0.0,0.0,0.0,0.0,0.0,0.0,0.0,0.0,0.0,0.1,4.0,5.0,7.0,0.0,0.0,0.0,0.0,0.0,0.02,0.01,0.03,0.02,0.03,Matches,West-Ham-United
Nayef Aguerd,ma MAR,DF,29-170,2,2,180.0,2.0,0.0,0.0,0.0,0.0,0.0,0.0,0.0,0.0,0.1,0.1,0.0,0.1,2.0,9.0,0.0,0.0,0.0,0.0,0.0,0.0,0.05,0.0,0.05,0.05,0.05,Matches,West-Ham-United
Konstantinos Mavropanos,gr GRE,DF,27-279,2,2,180.0,2.0,0.0,0.0,0.0,0.0,0.0,0.0,0.0,0.0,0.1,0.1,0.0,0.1,1.0,7.0,0.0,0.0,0.0,0.0,0.0,0.0,0.03,0.0,0.03,0.03,0.03,Matches,West-Ham-United
Aaron Wan-Bissaka,cd COD,DF,27-294,2,2,180.0,2.0,0.0,0.0,0.0,0.0,0.0,0.0,0.0,0.0,0.0,0.0,0.1,0.1,5.0,6.0,14.0,0.0,0.0,0.0,0.0,0.0,0.0,0.06,0.06,0.0,0.06,Matches,West-Ham-United
Mateus Fernandes,pt POR,"FW,MF",21-068,2,2,141.0,1.6,0.0,0.0,0.0,0.0,0.0,0.0,0.0,0.0,0.0,0.0,0.5,0.5,3.0,7.0,2.0,0.0,0.0,0.0,0.0,0.0,0.0,0.34,0.34,0.0,0.34,Matches,West-Ham-United
Jean-Clair Todibo,fr FRA,DF,25-260,2,2,126.0,1.4,0.0,0.0,0.0,0.0,0.0,0.0,0.0,0.0,0.0,0.0,0.0,0.0,2.0,7.0,1.0,0.0,0.0,0.0,0.0,0.0,0.0,0.0,0.0,0.0,0.0,Matches,West-Ham-United
Guido Rodríguez,ar ARG,MF,31-157,1,1,70.0,0.8,0.0,0.0,0.0,0.0,0.0,0.0,0.0,0.0,0.0,0.0,0.0,0.0,0.0,4.0,3.0,0.0,0.0,0.0,0.0,0.0,0.03,0.0,0.03,0.03,0.03,Matches,West-Ham-United
Crysencio Summerville,nl NED,FW,23-321,2,1,69.0,0.8,0.0,1.0,1.0,0.0,0.0,0.0,0.0,0.0,0.0,0.0,0.1,0.1,2.0,3.0,6.0,0.0,1.3,1.3,0.0,1.3,0.0,0.09,0.09,0.0,0.09,Matches,West-Ham-United
Callum Wilson,eng ENG,FW,33-201,4,0,115.0,1.3,1.0,0.0,1.0,1.0,0.0,0.0,0.0,0.0,1.1,1.1,0.0,1.1,1.0,1.0,5.0,0.78,0.0,0.78,0.78,0.78,0.85,0.03,0.89,0.85,0.89,Matches,West-Ham-United
Freddie Potts,eng ENG,MF,22-004,1,0,45.0,0.5,0.0,0.0,0.0,0.0,0.0,0.0,0.0,0.0,0.0,0.0,0.0,0.0,0.0,0.0,0.0,0.0,0.0,0.0,0.0,0.0,0.0,0.0,0.0,0.0,0.0,Matches,West-Ham-United
Luis Guilherme,br BRA,FW,19-219,1,0,30.0,0.3,0.0,0.0,0.0,0.0,0.0,0.0,0.0,0.0,0.0,0.0,0.0,0.0,0.0,0.0,1.0,0.0,0.0,0.0,0.0,0.0,0.0,0.0,0.0,0.0,0.0,Matches,West-Ham-United
Soungoutou Magassa,fr FRA,MF,21-343,1,0,30.0,0.3,0.0,0.0,0.0,0.0,0.0,0.0,0.0,0.0,0.0,0.0,0.0,0.0,0.0,0.0,1.0,0.0,0.0,0.0,0.0,0.0,0.0,0.0,0.0,0.0,0.0,Matches,West-Ham-United
Andy Irving,sct SCO,MF,25-126,3,0,26.0,0.3,0.0,0.0,0.0,0.0,0.0,0.0,0.0,0.0,0.0,0.0,0.0,0.0,0.0,4.0,0.0,0.0,0.0,0.0,0.0,0.0,0.0,0.16,0.16,0.0,0.16,Matches,West-Ham-United
Edson Álvarez,mx MEX,"DF,MF",27-327,0,0,,,,,,,,,,,,,,,,,,,,,,,,,,,,Matches,West-Ham-United
Alphonse Areola,fr FRA,GK,32-201,0,0,,,,,,,,,,,,,,,,,,,,,,,,,,,,Matches,West-Ham-United
Łukasz Fabiański,pl POL,GK,40-151,0,0,,,,,,,,,,,,,,,,,,,,,,,,,,,,Matches,West-Ham-United
Igor,br BRA,DF,27-221,0,0,,,,,,,,,,,,,,,,,,,,,,,,,,,,Matches,West-Ham-United
Callum Marshall,nir NIR,FW,20-292,0,0,,,,,,,,,,,,,,,,,,,,,,,,,,,,Matches,West-Ham-United
Oliver Scarles,eng ENG,MF,19-278,0,0,,,,,,,,,,,,,,,,,,,,,,,,,,,,Matches,West-Ham-United
Squad Total,,,27.5,4,44,360.0,4.0,4.0,3.0,7.0,3.0,1.0,1.0,1.0,1.0,4.3,3.5,3.2,6.8,44.0,121.0,119.0,1.0,0.75,1.75,0.75,1.5,1.08,0.8,1.89,0.89,1.69,,West-Ham-United
Opponent Total,,,25.2,4,44,360.0,4.0,11.0,9.0,20.0,11.0,0.0,0.0,2.0,0.0,5.5,5.5,4.6,10.1,78.0,155.0,153.0,2.75,2.25,5.0,2.75,5.0,1.36,1.16,2.52,1.36,2.52,,West-Ham-United
Tyrone Mings,eng ENG,DF,32-187,4,4,360.0,4.0,0.0,0.0,0.0,0.0,0.0,0.0,0.0,0.0,0.3,0.3,0.1,0.3,1.0,22.0,1.0,0.0,0.0,0.0,0.0,0.0,0.07,0.02,0.09,0.07,0.09,Matches,Aston-Villa
Morgan Rogers,eng ENG,"FW,MF",23-052,4,4,360.0,4.0,0.0,0.0,0.0,0.0,0.0,0.0,0.0,0.0,0.2,0.2,0.3,0.5,6.0,13.0,23.0,0.0,0.0,0.0,0.0,0.0,0.06,0.07,0.13,0.06,0.13,Matches,Aston-Villa
Ollie Watkins,eng ENG,FW,29-260,4,4,352.0,3.9,0.0,0.0,0.0,0.0,0.0,0.0,0.0,0.0,1.1,1.1,0.4,1.5,8.0,5.0,22.0,0.0,0.0,0.0,0.0,0.0,0.28,0.09,0.37,0.28,0.37,Matches,Aston-Villa
Matty Cash,pl POL,DF,28-040,4,4,343.0,3.8,0.0,0.0,0.0,0.0,0.0,0.0,2.0,0.0,0.0,0.0,0.4,0.4,3.0,12.0,18.0,0.0,0.0,0.0,0.0,0.0,0.0,0.11,0.11,0.0,0.11,Matches,Aston-Villa
John McGinn,sct SCO,"FW,MF",30-333,4,4,319.0,3.5,0.0,0.0,0.0,0.0,0.0,0.0,0.0,0.0,0.0,0.0,0.7,0.7,4.0,15.0,14.0,0.0,0.0,0.0,0.0,0.0,0.01,0.2,0.21,0.01,0.21,Matches,Aston-Villa
Youri Tielemans,be BEL,MF,28-132,4,4,315.0,3.5,0.0,0.0,0.0,0.0,0.0,0.0,0.0,0.0,0.1,0.1,0.2,0.3,8.0,21.0,10.0,0.0,0.0,0.0,0.0,0.0,0.04,0.05,0.09,0.04,0.09,Matches,Aston-Villa
Lucas Digne,fr FRA,DF,32-058,4,3,251.0,2.8,0.0,0.0,0.0,0.0,0.0,0.0,1.0,0.0,0.1,0.1,0.0,0.1,2.0,4.0,26.0,0.0,0.0,0.0,0.0,0.0,0.03,0.0,0.03,0.03,0.03,Matches,Aston-Villa
Ezri Konsa,eng ENG,DF,27-328,3,3,245.0,2.7,0.0,0.0,0.0,0.0,0.0,0.0,0.0,1.0,0.0,0.0,0.0,0.0,1.0,10.0,1.0,0.0,0.0,0.0,0.0,0.0,0.0,0.01,0.01,0.0,0.01,Matches,Aston-Villa
Marco Bizot,nl NED,GK,34-190,2,2,180.0,2.0,0.0,0.0,0.0,0.0,0.0,0.0,1.0,0.0,0.0,0.0,0.0,0.0,0.0,1.0,0.0,0.0,0.0,0.0,0.0,0.0,0.0,0.0,0.0,0.0,0.0,Matches,Aston-Villa
Emiliano Martínez,ar ARG,GK,33-014,2,2,180.0,2.0,0.0,0.0,0.0,0.0,0.0,0.0,0.0,0.0,0.0,0.0,0.0,0.0,0.0,0.0,0.0,0.0,0.0,0.0,0.0,0.0,0.0,0.0,0.0,0.0,0.0,Matches,Aston-Villa
Amadou Onana,be BEL,MF,24-031,2,2,153.0,1.7,0.0,0.0,0.0,0.0,0.0,0.0,1.0,0.0,0.2,0.2,0.0,0.2,2.0,8.0,1.0,0.0,0.0,0.0,0.0,0.0,0.13,0.0,0.13,0.13,0.13,Matches,Aston-Villa
Boubacar Kamara,fr FRA,"MF,DF",25-297,2,2,105.0,1.2,0.0,0.0,0.0,0.0,0.0,0.0,1.0,0.0,0.1,0.1,0.0,0.1,1.0,14.0,0.0,0.0,0.0,0.0,0.0,0.0,0.05,0.0,0.05,0.05,0.05,Matches,Aston-Villa
Emi Buendía,ar ARG,"MF,FW",28-265,3,1,174.0,1.9,0.0,0.0,0.0,0.0,0.0,0.0,1.0,0.0,0.3,0.3,0.3,0.6,7.0,13.0,10.0,0.0,0.0,0.0,0.0,0.0,0.16,0.16,0.33,0.16,0.33,Matches,Aston-Villa
Donyell Malen,nl NED,"FW,MF",26-250,4,1,124.0,1.4,0.0,0.0,0.0,0.0,0.0,0.0,0.0,0.0,0.2,0.2,0.0,0.2,2.0,2.0,11.0,0.0,0.0,0.0,0.0,0.0,0.15,0.0,0.15,0.15,0.15,Matches,Aston-Villa
Ian Maatsen,nl NED,DF,23-190,2,1,114.0,1.3,0.0,0.0,0.0,0.0,0.0,0.0,0.0,0.0,0.1,0.1,0.2,0.3,2.0,7.0,11.0,0.0,0.0,0.0,0.0,0.0,0.12,0.14,0.26,0.12,0.26,Matches,Aston-Villa
Pau Torres,es ESP,DF,28-243,2,1,107.0,1.2,0.0,0.0,0.0,0.0,0.0,0.0,0.0,0.0,0.1,0.1,0.0,0.1,5.0,9.0,1.0,0.0,0.0,0.0,0.0,0.0,0.06,0.0,0.06,0.06,0.06,Matches,Aston-Villa
Evann Guessand,ci CIV,"FW,MF",24-077,3,1,106.0,1.2,0.0,0.0,0.0,0.0,0.0,0.0,0.0,0.0,0.1,0.1,0.0,0.1,3.0,3.0,5.0,0.0,0.0,0.0,0.0,0.0,0.06,0.0,0.06,0.06,0.06,Matches,Aston-Villa
Lamare Bogarde,nl NED,MF,21-254,3,1,102.0,1.1,0.0,0.0,0.0,0.0,0.0,0.0,1.0,0.0,0.0,0.0,0.0,0.0,2.0,1.0,0.0,0.0,0.0,0.0,0.0,0.0,0.0,0.0,0.0,0.0,0.0,Matches,Aston-Villa
Harvey Elliott,eng ENG,"MF,FW",22-165,1,0,20.0,0.2,0.0,0.0,0.0,0.0,0.0,0.0,0.0,0.0,0.0,0.0,0.0,0.0,0.0,2.0,3.0,0.0,0.0,0.0,0.0,0.0,0.0,0.0,0.0,0.0,0.0,Matches,Aston-Villa
Bradley Paul Burrowes,eng ENG,DF,17-196,1,0,17.0,0.2,0.0,0.0,0.0,0.0,0.0,0.0,0.0,0.0,0.0,0.0,0.0,0.0,1.0,0.0,4.0,0.0,0.0,0.0,0.0,0.0,0.0,0.0,0.0,0.0,0.0,Matches,Aston-Villa
Victor Lindelöf,se SWE,MF,31-061,1,0,8.0,0.1,0.0,0.0,0.0,0.0,0.0,0.0,0.0,0.0,0.0,0.0,0.0,0.0,0.0,2.0,0.0,0.0,0.0,0.0,0.0,0.0,0.0,0.0,0.0,0.0,0.0,Matches,Aston-Villa
Samuel Iling-Junior,eng ENG,DF,21-347,0,0,,,,,,,,,,,,,,,,,,,,,,,,,,,,Matches,Aston-Villa
Jamaldeen Jimoh,eng ENG,MF,18-349,0,0,,,,,,,,,,,,,,,,,,,,,,,,,,,,Matches,Aston-Villa
Travis Patterson,eng ENG,DF,19-345,0,0,,,,,,,,,,,,,,,,,,,,,,,,,,,,Matches,Aston-Villa
Sam Proctor,eng ENG,GK,18-269,0,0,,,,,,,,,,,,,,,,,,,,,,,,,,,,Matches,Aston-Villa
Triston Rowe,eng ENG,DF,19-121,0,0,,,,,,,,,,,,,,,,,,,,,,,,,,,,Matches,Aston-Villa
Jadon Sancho,eng ENG,"FW,MF",25-175,0,0,,,,,,,,,,,,,,,,,,,,,,,,,,,,Matches,Aston-Villa
James Wright,eng ENG,GK,20-288,0,0,,,,,,,,,,,,,,,,,,,,,,,,,,,,Matches,Aston-Villa
Squad Total,,,28.5,4,44,360.0,4.0,0.0,0.0,0.0,0.0,0.0,0.0,8.0,1.0,2.9,2.9,2.5,5.4,58.0,164.0,161.0,0.0,0.0,0.0,0.0,0.0,0.73,0.62,1.35,0.73,1.35,,Aston-Villa
Opponent Total,,,27.3,4,44,360.0,4.0,4.0,1.0,5.0,3.0,1.0,1.0,8.0,0.0,7.3,6.5,5.7,12.2,73.0,130.0,129.0,1.0,0.25,1.25,0.75,1.0,1.82,1.43,3.25,1.62,3.06,,Aston-Villa
Emmanuel Agbadou,ci CIV,DF,28-091,4,4,360.0,4.0,0.0,0.0,0.0,0.0,0.0,0.0,0.0,0.0,0.2,0.2,0.0,0.3,1.0,11.0,1.0,0.0,0.0,0.0,0.0,0.0,0.06,0.01,0.07,0.06,0.07,Matches,Wolverhampton-Wanderers
João Gomes,br BRA,MF,24-216,4,4,360.0,4.0,0.0,0.0,0.0,0.0,0.0,0.0,2.0,0.0,0.0,0.0,0.1,0.2,2.0,21.0,4.0,0.0,0.0,0.0,0.0,0.0,0.0,0.04,0.04,0.0,0.04,Matches,Wolverhampton-Wanderers
Toti Gomes,pt POR,DF,26-243,4,4,318.0,3.5,0.0,0.0,0.0,0.0,0.0,0.0,1.0,1.0,0.0,0.0,0.0,0.1,3.0,6.0,1.0,0.0,0.0,0.0,0.0,0.0,0.01,0.01,0.02,0.01,0.02,Matches,Wolverhampton-Wanderers
Marshall Munetsi,zw ZIM,FW,29-086,4,3,295.0,3.3,0.0,1.0,1.0,0.0,0.0,0.0,1.0,0.0,0.1,0.1,0.4,0.6,2.0,6.0,7.0,0.0,0.31,0.31,0.0,0.31,0.04,0.13,0.18,0.04,0.18,Matches,Wolverhampton-Wanderers
José Sá,pt POR,GK,32-242,3,3,270.0,3.0,0.0,0.0,0.0,0.0,0.0,0.0,0.0,0.0,0.0,0.0,0.1,0.1,0.0,0.0,0.0,0.0,0.0,0.0,0.0,0.0,0.0,0.02,0.02,0.0,0.02,Matches,Wolverhampton-Wanderers
André,br BRA,MF,24-062,4,3,244.0,2.7,0.0,0.0,0.0,0.0,0.0,0.0,1.0,0.0,0.0,0.0,0.0,0.0,1.0,10.0,2.0,0.0,0.0,0.0,0.0,0.0,0.0,0.0,0.0,0.0,0.0,Matches,Wolverhampton-Wanderers
Hugo Bueno,es ESP,"MF,DF",22-363,4,2,229.0,2.5,0.0,0.0,0.0,0.0,0.0,0.0,1.0,0.0,0.1,0.1,0.3,0.4,11.0,4.0,15.0,0.0,0.0,0.0,0.0,0.0,0.02,0.12,0.14,0.02,0.14,Matches,Wolverhampton-Wanderers
Matt Doherty,ie IRL,DF,33-243,2,2,180.0,2.0,0.0,0.0,0.0,0.0,0.0,0.0,2.0,0.0,0.0,0.0,0.0,0.0,0.0,5.0,0.0,0.0,0.0,0.0,0.0,0.0,0.0,0.0,0.0,0.0,0.0,Matches,Wolverhampton-Wanderers
Hwang Hee-chan,kr KOR,FW,29-233,4,2,173.0,1.9,1.0,0.0,1.0,1.0,0.0,0.0,0.0,0.0,0.6,0.6,0.0,0.6,1.0,0.0,5.0,0.52,0.0,0.52,0.52,0.52,0.29,0.02,0.31,0.29,0.31,Matches,Wolverhampton-Wanderers
Jean-Ricner Bellegarde,ht HAI,"FW,MF",27-081,4,2,169.0,1.9,0.0,0.0,0.0,0.0,0.0,0.0,0.0,0.0,0.1,0.1,0.1,0.3,4.0,13.0,3.0,0.0,0.0,0.0,0.0,0.0,0.07,0.07,0.14,0.07,0.14,Matches,Wolverhampton-Wanderers
Jhon Arias,co COL,FW,27-360,4,2,161.0,1.8,0.0,0.0,0.0,0.0,0.0,0.0,0.0,0.0,0.2,0.2,0.1,0.3,3.0,6.0,4.0,0.0,0.0,0.0,0.0,0.0,0.12,0.03,0.15,0.12,0.15,Matches,Wolverhampton-Wanderers
Jørgen Strand Larsen,no NOR,FW,25-222,2,2,158.0,1.8,0.0,0.0,0.0,0.0,0.0,0.0,0.0,0.0,0.5,0.5,0.0,0.5,0.0,1.0,9.0,0.0,0.0,0.0,0.0,0.0,0.28,0.0,0.28,0.28,0.28,Matches,Wolverhampton-Wanderers
David Møller Wolfe,no NOR,MF,23-146,3,2,131.0,1.5,0.0,1.0,1.0,0.0,0.0,0.0,0.0,0.0,0.0,0.0,0.3,0.3,3.0,2.0,7.0,0.0,0.69,0.69,0.0,0.69,0.0,0.18,0.18,0.0,0.18,Matches,Wolverhampton-Wanderers
Ki-Jana Hoever,nl NED,MF,23-241,2,2,106.0,1.2,0.0,0.0,0.0,0.0,0.0,0.0,0.0,0.0,0.0,0.0,0.2,0.2,1.0,2.0,9.0,0.0,0.0,0.0,0.0,0.0,0.0,0.21,0.21,0.0,0.21,Matches,Wolverhampton-Wanderers
Jackson Tchatchoua,cm CMR,"MF,DF",24-002,3,1,133.0,1.5,0.0,0.0,0.0,0.0,0.0,0.0,0.0,0.0,0.0,0.0,0.0,0.0,0.0,1.0,14.0,0.0,0.0,0.0,0.0,0.0,0.0,0.01,0.01,0.0,0.01,Matches,Wolverhampton-Wanderers
Santiago Bueno,uy URU,DF,26-311,2,1,125.0,1.4,0.0,0.0,0.0,0.0,0.0,0.0,0.0,0.0,0.0,0.0,0.0,0.0,0.0,4.0,1.0,0.0,0.0,0.0,0.0,0.0,0.0,0.02,0.02,0.0,0.02,Matches,Wolverhampton-Wanderers
Rodrigo Gomes,pt POR,"DF,MF",22-071,3,1,121.0,1.3,1.0,0.0,1.0,1.0,0.0,0.0,0.0,0.0,0.6,0.6,0.0,0.6,2.0,1.0,10.0,0.74,0.0,0.74,0.74,0.74,0.47,0.0,0.47,0.47,0.47,Matches,Wolverhampton-Wanderers
Sam Johnstone,eng ENG,GK,32-175,1,1,90.0,1.0,0.0,0.0,0.0,0.0,0.0,0.0,0.0,0.0,0.0,0.0,0.0,0.0,0.0,0.0,0.0,0.0,0.0,0.0,0.0,0.0,0.0,0.0,0.0,0.0,0.0,Matches,Wolverhampton-Wanderers
Ladislav Krejčí,cz CZE,"MF,DF",26-149,1,1,90.0,1.0,0.0,0.0,0.0,0.0,0.0,0.0,1.0,0.0,0.0,0.0,0.1,0.1,0.0,2.0,0.0,0.0,0.0,0.0,0.0,0.0,0.0,0.06,0.06,0.0,0.06,Matches,Wolverhampton-Wanderers
Tolu Arokodare,ng NGA,FW,24-297,1,1,65.0,0.7,0.0,0.0,0.0,0.0,0.0,0.0,0.0,0.0,0.0,0.0,0.0,0.0,1.0,0.0,3.0,0.0,0.0,0.0,0.0,0.0,0.0,0.0,0.0,0.0,0.0,Matches,Wolverhampton-Wanderers
Yerson Mosquera,co COL,DF,24-137,1,1,65.0,0.7,0.0,0.0,0.0,0.0,0.0,0.0,0.0,0.0,0.0,0.0,0.0,0.0,1.0,0.0,0.0,0.0,0.0,0.0,0.0,0.0,0.0,0.0,0.0,0.0,0.0,Matches,Wolverhampton-Wanderers
Fer López,es ESP,"MF,FW",21-115,3,0,60.0,0.7,0.0,0.0,0.0,0.0,0.0,0.0,0.0,0.0,0.1,0.1,0.0,0.2,4.0,8.0,4.0,0.0,0.0,0.0,0.0,0.0,0.17,0.06,0.23,0.17,0.23,Matches,Wolverhampton-Wanderers
Sasa Kalajdzic,at AUT,FW,28-071,1,0,15.0,0.2,0.0,0.0,0.0,0.0,0.0,0.0,0.0,0.0,0.0,0.0,0.0,0.0,0.0,0.0,2.0,0.0,0.0,0.0,0.0,0.0,0.0,0.0,0.0,0.0,0.0,Matches,Wolverhampton-Wanderers
Daniel Bentley,eng ENG,GK,32-065,0,0,,,,,,,,,,,,,,,,,,,,,,,,,,,,Matches,Wolverhampton-Wanderers
Squad Total,,,26.9,4,44,360.0,4.0,2.0,2.0,4.0,2.0,0.0,0.0,9.0,1.0,2.6,2.6,1.9,4.5,40.0,103.0,101.0,0.5,0.5,1.0,0.5,1.0,0.66,0.47,1.13,0.66,1.13,,Wolverhampton-Wanderers
Opponent Total,,,27.4,4,44,360.0,4.0,9.0,8.0,17.0,9.0,0.0,0.0,6.0,0.0,7.1,7.1,6.6,13.8,62.0,179.0,178.0,2.25,2.0,4.25,2.25,4.25,1.79,1.65,3.44,1.79,3.44,,Wolverhampton-Wanderers
