name,nation,pos,age,mp,starts,min,gls,gls,ast,ast,pk,crdy,crdr,xg,xg,xag,xag,team
Alisson,br BRA,GK,32-350,4,4,360.0,0.0,0.0,0.0,0.0,0.0,0.0,0.0,0.0,0.0,0.0,0.0,Liverpool
Dominik Szoboszlai,hu HUN,"DF,MF",24-327,4,4,360.0,1.0,0.25,0.0,0.0,0.0,0.0,0.0,0.4,0.09,0.2,0.05,Liverpool
Virgil van Dijk,nl NED,DF,34-071,4,4,360.0,0.0,0.0,0.0,0.0,0.0,0.0,0.0,0.2,0.04,0.0,0.01,Liverpool
Cody Gakpo,nl NED,"FW,MF",26-133,4,4,359.0,1.0,0.25,2.0,0.5,0.0,0.0,0.0,0.5,0.13,1.4,0.34,Liverpool
Mohamed Salah,eg EGY,"FW,MF",33-094,4,4,359.0,2.0,0.5,1.0,0.25,1.0,0.0,0.0,1.1,0.28,0.5,0.14,Liverpool
Ibrahima Konaté,fr FRA,DF,26-115,4,4,344.0,0.0,0.0,0.0,0.0,0.0,1.0,0.0,0.5,0.13,0.2,0.05,Liverpool
Florian Wirtz,de GER,MF,22-137,4,4,334.0,0.0,0.0,0.0,0.0,0.0,0.0,0.0,0.5,0.15,0.6,0.16,Liverpool
Hugo Ekitike,fr FRA,FW,23-089,4,4,299.0,2.0,0.6,1.0,0.3,0.0,0.0,0.0,1.5,0.44,0.3,0.08,Liverpool
Milos Kerkez,hu HUN,DF,21-314,4,4,276.0,0.0,0.0,0.0,0.0,0.0,2.0,0.0,0.2,0.05,0.0,0.01,Liverpool
Ryan Gravenberch,nl NED,MF,23-124,3,3,270.0,1.0,0.33,0.0,0.0,0.0,2.0,0.0,0.2,0.06,0.3,0.09,Liverpool
Alexis Mac Allister,ar ARG,MF,26-267,3,3,176.0,0.0,0.0,1.0,0.51,0.0,0.0,0.0,0.1,0.04,0.7,0.37,Liverpool
Curtis Jones,eng ENG,MF,24-230,3,1,138.0,0.0,0.0,0.0,0.0,0.0,0.0,0.0,0.0,0.0,0.1,0.06,Liverpool
Jeremie Frimpong,nl NED,DF,24-281,2,1,63.0,0.0,0.0,0.0,0.0,0.0,0.0,0.0,0.1,0.11,0.0,0.0,Liverpool
Andrew Robertson,sct SCO,DF,31-190,2,0,84.0,0.0,0.0,0.0,0.0,0.0,0.0,0.0,0.1,0.11,0.3,0.35,Liverpool
Conor Bradley,nir NIR,DF,22-070,2,0,56.0,0.0,0.0,0.0,0.0,0.0,2.0,0.0,0.0,0.04,0.0,0.0,Liverpool
Federico Chiesa,it ITA,FW,27-327,4,0,51.0,1.0,1.76,0.0,0.0,0.0,0.0,0.0,0.4,0.74,0.0,0.0,Liverpool
Wataru Endo,jp JPN,"MF,DF",32-220,3,0,34.0,0.0,0.0,1.0,2.65,0.0,1.0,0.0,0.0,0.0,0.1,0.29,Liverpool
Joe Gomez,eng ENG,DF,28-117,2,0,31.0,0.0,0.0,0.0,0.0,0.0,0.0,0.0,0.0,0.0,0.0,0.0,Liverpool
Rio Ngumoha,eng ENG,"MF,FW",17-019,2,0,5.0,1.0,18.0,0.0,0.0,0.0,0.0,0.0,0.4,6.4,0.1,1.27,Liverpool
Harvey Elliott,eng ENG,"MF,FW",22-166,1,0,1.0,0.0,0.0,0.0,0.0,0.0,0.0,0.0,0.0,0.0,0.0,0.0,Liverpool
Giovanni Leoni,it ITA,DF,18-270,0,0,,,,,,,,,,,,,Liverpool
Giorgi Mamardashvili,ge GEO,GK,24-353,0,0,,,,,,,,,,,,,Liverpool
Trey Nyoni,eng ENG,MF,18-079,0,0,,,,,,,,,,,,,Liverpool
Gabriel Magalhães,br BRA,DF,27-272,4,4,360.0,0.0,0.0,0.0,0.0,0.0,0.0,0.0,0.3,0.07,0.0,0.0,Arsenal
David Raya,es ESP,GK,30-002,4,4,360.0,0.0,0.0,0.0,0.0,0.0,1.0,0.0,0.0,0.0,0.1,0.01,Arsenal
Martín Zubimendi,es ESP,MF,26-227,4,4,360.0,2.0,0.5,0.0,0.0,0.0,1.0,0.0,0.2,0.05,0.0,0.01,Arsenal
Viktor Gyökeres,se SWE,FW,27-105,4,4,306.0,3.0,0.88,0.0,0.0,1.0,1.0,0.0,2.1,0.62,0.1,0.04,Arsenal
Riccardo Calafiori,it ITA,DF,23-121,4,4,291.0,1.0,0.31,2.0,0.62,0.0,2.0,0.0,1.4,0.44,0.5,0.15,Arsenal
Declan Rice,eng ENG,MF,26-246,4,3,285.0,0.0,0.0,1.0,0.32,0.0,0.0,0.0,0.1,0.05,0.5,0.16,Arsenal
Jurriën Timber,nl NED,DF,24-092,4,3,263.0,2.0,0.68,1.0,0.34,0.0,1.0,0.0,1.1,0.38,0.2,0.06,Arsenal
Noni Madueke,eng ENG,FW,23-191,4,3,259.0,0.0,0.0,0.0,0.0,0.0,0.0,0.0,0.1,0.05,0.8,0.29,Arsenal
William Saliba,fr FRA,DF,24-177,3,3,184.0,0.0,0.0,0.0,0.0,0.0,0.0,0.0,0.0,0.0,0.0,0.0,Arsenal
Martin Ødegaard,no NOR,MF,26-274,4,3,165.0,0.0,0.0,0.0,0.0,0.0,0.0,0.0,0.1,0.08,0.1,0.08,Arsenal
Mikel Merino,es ESP,"MF,FW",29-087,3,2,167.0,0.0,0.0,0.0,0.0,0.0,0.0,0.0,0.1,0.07,0.1,0.03,Arsenal
Bukayo Saka,eng ENG,FW,24-012,2,2,142.0,1.0,0.63,0.0,0.0,0.0,0.0,0.0,0.3,0.16,0.1,0.07,Arsenal
Gabriel Martinelli,br BRA,FW,24-091,3,2,141.0,0.0,0.0,0.0,0.0,0.0,0.0,0.0,0.0,0.01,0.0,0.02,Arsenal
Cristhian Mosquera,es ESP,DF,21-082,3,1,203.0,0.0,0.0,0.0,0.0,0.0,0.0,0.0,0.0,0.0,0.0,0.0,Arsenal
Eberechi Eze,eng ENG,FW,27-080,2,1,99.0,0.0,0.0,1.0,0.91,0.0,0.0,0.0,0.1,0.05,0.5,0.42,Arsenal
Ben White,eng ENG,DF,27-344,1,1,70.0,0.0,0.0,0.0,0.0,0.0,0.0,0.0,0.0,0.02,0.0,0.06,Arsenal
Ethan Nwaneri,eng ENG,MF,18-180,2,0,126.0,0.0,0.0,0.0,0.0,0.0,0.0,0.0,0.2,0.12,0.0,0.03,Arsenal
Myles Lewis-Skelly,eng ENG,DF,18-356,3,0,69.0,0.0,0.0,0.0,0.0,0.0,1.0,0.0,0.0,0.0,0.0,0.0,Arsenal
Leandro Trossard,be BEL,FW,30-287,2,0,50.0,0.0,0.0,1.0,1.8,0.0,0.0,0.0,0.1,0.13,0.1,0.23,Arsenal
Kai Havertz,de GER,FW,26-098,1,0,31.0,0.0,0.0,0.0,0.0,0.0,0.0,0.0,0.0,0.0,0.0,0.0,Arsenal
Max Dowman,eng ENG,FW,15-260,2,0,29.0,0.0,0.0,0.0,0.0,0.0,0.0,0.0,0.1,0.43,0.0,0.0,Arsenal
Andre Annous,eng ENG,FW,17-264,0,0,,,,,,,,,,,,,Arsenal
Kepa Arrizabalaga,es ESP,GK,30-349,0,0,,,,,,,,,,,,,Arsenal
Piero Hincapié,ec ECU,DF,23-251,0,0,,,,,,,,,,,,,Arsenal
Jakub Kiwior,pl POL,"DF,MF",25-214,0,0,,,,,,,,,,,,,Arsenal
Cristian Romero,ar ARG,DF,27-143,4,4,360.0,0.0,0.0,1.0,0.25,0.0,1.0,0.0,0.1,0.02,0.2,0.04,Tottenham-Hotspur
Guglielmo Vicario,it ITA,GK,28-345,4,4,360.0,0.0,0.0,0.0,0.0,0.0,0.0,0.0,0.0,0.0,0.0,0.0,Tottenham-Hotspur
Mohammed Kudus,gh GHA,"FW,MF",25-046,4,4,349.0,0.0,0.0,2.0,0.52,0.0,0.0,0.0,0.5,0.14,1.1,0.29,Tottenham-Hotspur
Micky van de Ven,nl NED,DF,24-151,4,4,349.0,1.0,0.26,0.0,0.0,0.0,1.0,0.0,0.7,0.17,0.1,0.02,Tottenham-Hotspur
Pape Matar Sarr,sn SEN,MF,23-003,4,4,345.0,1.0,0.26,1.0,0.26,0.0,0.0,0.0,0.3,0.08,0.4,0.12,Tottenham-Hotspur
Pedro Porro,es ESP,DF,26-004,4,4,340.0,0.0,0.0,0.0,0.0,0.0,1.0,0.0,0.1,0.03,0.6,0.15,Tottenham-Hotspur
Djed Spence,eng ENG,DF,25-039,4,4,340.0,0.0,0.0,0.0,0.0,0.0,2.0,0.0,0.2,0.05,0.0,0.01,Tottenham-Hotspur
Richarlison,br BRA,FW,28-130,4,3,257.0,2.0,0.7,1.0,0.35,0.0,1.0,0.0,0.8,0.3,0.7,0.25,Tottenham-Hotspur
João Palhinha,pt POR,MF,30-070,4,3,243.0,1.0,0.37,0.0,0.0,0.0,0.0,0.0,0.4,0.13,0.0,0.0,Tottenham-Hotspur
Brennan Johnson,wls WAL,FW,24-117,4,3,220.0,2.0,0.82,0.0,0.0,0.0,1.0,0.0,0.9,0.37,0.2,0.07,Tottenham-Hotspur
Rodrigo Bentancur,uy URU,MF,28-084,3,2,200.0,0.0,0.0,0.0,0.0,0.0,0.0,0.0,0.0,0.0,0.0,0.01,Tottenham-Hotspur
Lucas Bergvall,se SWE,MF,19-227,4,2,200.0,1.0,0.45,1.0,0.45,0.0,0.0,0.0,0.3,0.13,0.3,0.11,Tottenham-Hotspur
Mathys Tel,fr FRA,FW,20-143,3,1,99.0,0.0,0.0,0.0,0.0,0.0,0.0,0.0,0.1,0.06,0.0,0.0,Tottenham-Hotspur
Archie Gray,eng ENG,MF,19-189,1,1,70.0,0.0,0.0,0.0,0.0,0.0,0.0,0.0,0.0,0.0,0.0,0.0,Tottenham-Hotspur
Xavi Simons,nl NED,FW,22-149,1,1,70.0,0.0,0.0,1.0,1.29,0.0,0.0,0.0,0.0,0.04,0.1,0.16,Tottenham-Hotspur
Wilson Odobert,fr FRA,"FW,MF",20-293,4,0,73.0,0.0,0.0,0.0,0.0,0.0,0.0,0.0,0.3,0.37,0.1,0.16,Tottenham-Hotspur
Destiny Udogie,it ITA,DF,22-293,2,0,40.0,0.0,0.0,0.0,0.0,0.0,0.0,0.0,0.0,0.05,0.0,0.07,Tottenham-Hotspur
Dominic Solanke,eng ENG,FW,28-003,2,0,33.0,0.0,0.0,0.0,0.0,0.0,0.0,0.0,0.2,0.57,0.0,0.0,Tottenham-Hotspur
Kevin Danso,at AUT,DF,26-363,2,0,12.0,0.0,0.0,0.0,0.0,0.0,0.0,0.0,0.0,0.0,0.0,0.0,Tottenham-Hotspur
Ben Davies,wls WAL,"DF,MF",32-146,0,0,,,,,,,,,,,,,Tottenham-Hotspur
Antonín Kinský,cz CZE,GK,22-188,0,0,,,,,,,,,,,,,Tottenham-Hotspur
Randal Kolo Muani,fr FRA,"FW,MF",26-286,0,0,,,,,,,,,,,,,Tottenham-Hotspur
Manor Solomon,il ISR,"FW,MF",26-055,0,0,,,,,,,,,,,,,Tottenham-Hotspur
Luka Vušković,hr CRO,DF,18-205,0,0,,,,,,,,,,,,,Tottenham-Hotspur
Đorđe Petrović,rs SRB,GK,25-344,4,4,360.0,0.0,0.0,0.0,0.0,0.0,1.0,0.0,0.0,0.0,0.0,0.0,Bournemouth
Antoine Semenyo,gh GHA,"FW,MF",25-253,4,4,360.0,3.0,0.75,2.0,0.5,1.0,1.0,0.0,2.7,0.67,0.4,0.1,Bournemouth
Marcos Senesi,ar ARG,DF,28-130,4,4,360.0,0.0,0.0,1.0,0.25,0.0,1.0,0.0,0.1,0.03,0.2,0.05,Bournemouth
Adrien Truffert,fr FRA,DF,23-301,4,4,360.0,0.0,0.0,0.0,0.0,0.0,0.0,0.0,0.0,0.0,0.5,0.14,Bournemouth
Tyler Adams,us USA,MF,26-215,4,4,356.0,0.0,0.0,0.0,0.0,0.0,3.0,0.0,0.1,0.01,0.0,0.01,Bournemouth
Evanilson,br BRA,FW,25-346,4,4,346.0,1.0,0.26,0.0,0.0,0.0,1.0,0.0,0.9,0.24,0.5,0.13,Bournemouth
Marcus Tavernier,eng ENG,MF,26-179,4,4,333.0,1.0,0.27,0.0,0.0,0.0,0.0,0.0,0.9,0.24,0.3,0.07,Bournemouth
David Brooks,wls WAL,"MF,FW",28-071,4,4,277.0,0.0,0.0,1.0,0.32,0.0,2.0,0.0,0.8,0.25,1.4,0.45,Bournemouth
Alex Scott,eng ENG,MF,22-027,4,4,266.0,1.0,0.34,0.0,0.0,0.0,1.0,0.0,0.2,0.06,0.3,0.09,Bournemouth
Bafodé Diakité,fr FRA,DF,24-254,3,3,270.0,0.0,0.0,0.0,0.0,0.0,0.0,0.0,0.0,0.0,0.0,0.01,Bournemouth
Adam Smith,eng ENG,DF,34-141,3,3,204.0,0.0,0.0,0.0,0.0,0.0,0.0,0.0,0.0,0.0,0.3,0.12,Bournemouth
James Hill,eng ENG,DF,23-250,4,1,155.0,0.0,0.0,0.0,0.0,0.0,1.0,0.0,0.1,0.07,0.0,0.0,Bournemouth
Veljko Milosavljević,rs SRB,DF,18-081,1,1,90.0,0.0,0.0,0.0,0.0,0.0,0.0,0.0,0.0,0.0,0.1,0.06,Bournemouth
Amine Adli,ma MAR,"MF,FW",25-130,3,0,76.0,0.0,0.0,0.0,0.0,0.0,0.0,0.0,0.0,0.05,0.1,0.1,Bournemouth
Ryan Christie,sct SCO,MF,30-207,2,0,53.0,0.0,0.0,0.0,0.0,0.0,0.0,0.0,0.1,0.1,0.0,0.04,Bournemouth
Justin Kluivert,nl NED,"MF,FW",26-135,3,0,47.0,0.0,0.0,0.0,0.0,0.0,0.0,0.0,0.2,0.39,0.2,0.33,Bournemouth
Hamed Junior Traorè,ci CIV,MF,25-213,1,0,17.0,0.0,0.0,1.0,5.29,0.0,0.0,0.0,0.0,0.0,0.2,1.1,Bournemouth
Eli Junior Kroupi,fr FRA,"FW,MF",19-086,3,0,14.0,0.0,0.0,0.0,0.0,0.0,0.0,0.0,0.0,0.0,0.0,0.0,Bournemouth
Ben Winterburn,eng ENG,MF,21-013,1,0,7.0,0.0,0.0,0.0,0.0,0.0,0.0,0.0,0.0,0.0,0.0,0.0,Bournemouth
Lewis Cook,eng ENG,MF,28-226,1,0,4.0,0.0,0.0,0.0,0.0,0.0,0.0,0.0,0.0,0.0,0.0,0.0,Bournemouth
Álex Jiménez,es ESP,DF,20-132,1,0,4.0,0.0,0.0,0.0,0.0,0.0,1.0,0.0,0.0,0.0,0.0,0.0,Bournemouth
Julio Soler,ar ARG,FW,20-213,1,0,1.0,0.0,0.0,0.0,0.0,0.0,0.0,0.0,0.0,0.0,0.0,0.0,Bournemouth
Julian Araujo,mx MEX,DF,24-035,0,0,,,,,,,,,,,,,Bournemouth
Philip Billing,dk DEN,MF,29-098,0,0,,,,,,,,,,,,,Bournemouth
Will Dennis,eng ENG,GK,25-069,0,0,,,,,,,,,,,,,Bournemouth
Ben Doak,sct SCO,"FW,MF",19-310,0,0,,,,,,,,,,,,,Bournemouth
Romain Faivre,fr FRA,"FW,MF",27-065,0,0,,,,,,,,,,,,,Bournemouth
Remy Rees-Dottin,eng ENG,FW,19-195,0,0,,,,,,,,,,,,,Bournemouth
Moisés Caicedo,ec ECU,MF,23-319,4,4,360.0,2.0,0.5,0.0,0.0,0.0,1.0,0.0,0.4,0.1,0.0,0.0,Chelsea
Robert Sánchez,es ESP,GK,27-303,4,4,360.0,0.0,0.0,0.0,0.0,0.0,0.0,0.0,0.0,0.0,0.0,0.0,Chelsea
Pedro Neto,pt POR,FW,25-192,4,4,350.0,1.0,0.26,0.0,0.0,0.0,0.0,0.0,0.5,0.14,0.9,0.23,Chelsea
Enzo Fernández,ar ARG,MF,24-243,4,4,348.0,2.0,0.52,1.0,0.26,1.0,0.0,0.0,1.9,0.5,0.7,0.19,Chelsea
Trevoh Chalobah,eng ENG,DF,26-074,4,4,338.0,1.0,0.27,0.0,0.0,0.0,0.0,0.0,0.6,0.15,0.0,0.0,Chelsea
João Pedro,br BRA,"FW,MF",23-356,4,4,330.0,2.0,0.55,3.0,0.82,0.0,0.0,0.0,1.5,0.41,1.2,0.33,Chelsea
Marc Cucurella,es ESP,DF,27-057,4,3,293.0,0.0,0.0,1.0,0.31,0.0,0.0,0.0,0.2,0.05,0.8,0.24,Chelsea
Tosin Adarabioyo,eng ENG,DF,27-358,3,3,270.0,0.0,0.0,0.0,0.0,0.0,0.0,0.0,0.0,0.0,0.0,0.0,Chelsea
Estêvão Willian,br BRA,FW,18-146,3,2,180.0,0.0,0.0,1.0,0.5,0.0,1.0,0.0,1.0,0.49,0.9,0.44,Chelsea
Malo Gusto,fr FRA,DF,22-121,3,2,170.0,0.0,0.0,0.0,0.0,0.0,0.0,0.0,0.0,0.01,0.0,0.01,Chelsea
Jamie Gittens,eng ENG,FW,21-040,4,2,145.0,0.0,0.0,0.0,0.0,0.0,0.0,0.0,0.1,0.07,0.1,0.09,Chelsea
Liam Delap,eng ENG,FW,22-221,3,2,92.0,0.0,0.0,0.0,0.0,0.0,0.0,0.0,0.2,0.22,0.0,0.0,Chelsea
Reece James,eng ENG,DF,25-283,4,1,155.0,0.0,0.0,0.0,0.0,0.0,1.0,0.0,0.1,0.04,0.5,0.3,Chelsea
Cole Palmer,eng ENG,MF,23-134,2,1,125.0,1.0,0.72,0.0,0.0,0.0,0.0,0.0,0.8,0.58,0.0,0.02,Chelsea
Joshua Acheampong,eng ENG,DF,19-135,1,1,90.0,0.0,0.0,0.0,0.0,0.0,0.0,0.0,0.1,0.09,0.0,0.0,Chelsea
Wesley Fofana,fr FRA,DF,24-274,2,1,67.0,0.0,0.0,0.0,0.0,0.0,0.0,0.0,0.0,0.0,0.0,0.0,Chelsea
Jorrel Hato,nl NED,DF,19-194,2,1,67.0,0.0,0.0,0.0,0.0,0.0,2.0,0.0,0.0,0.0,0.0,0.0,Chelsea
Facundo Buonanotte,ar ARG,MF,20-268,1,1,45.0,0.0,0.0,0.0,0.0,0.0,0.0,0.0,0.0,0.0,0.3,0.51,Chelsea
Tyrique George,eng ENG,FW,19-225,2,0,112.0,0.0,0.0,0.0,0.0,0.0,1.0,0.0,0.2,0.2,0.0,0.0,Chelsea
Andrey Santos,br BRA,MF,21-137,3,0,51.0,0.0,0.0,0.0,0.0,0.0,1.0,0.0,0.3,0.54,0.1,0.1,Chelsea
Alejandro Garnacho,ar ARG,FW,21-078,1,0,12.0,0.0,0.0,0.0,0.0,0.0,0.0,0.0,0.0,0.0,0.1,0.66,Chelsea
Dario Essugo,pt POR,MF,20-187,0,0,,,,,,,,,,,,,Chelsea
Filip Jørgensen,dk DEN,GK,23-154,0,0,,,,,,,,,,,,,Chelsea
Gaga Slonina,us USA,GK,21-125,0,0,,,,,,,,,,,,,Chelsea
Kiernan Dewsbury-Hall,eng ENG,MF,27-011,4,4,360.0,1.0,0.25,1.0,0.25,0.0,3.0,0.0,0.1,0.03,1.6,0.39,Everton
James Garner,eng ENG,"DF,MF",24-188,4,4,360.0,1.0,0.25,0.0,0.0,0.0,1.0,0.0,0.2,0.04,0.7,0.17,Everton
Michael Keane,eng ENG,DF,32-249,4,4,360.0,0.0,0.0,0.0,0.0,0.0,0.0,0.0,0.5,0.14,0.1,0.03,Everton
Jake O'Brien,ie IRL,DF,24-125,4,4,360.0,0.0,0.0,0.0,0.0,0.0,0.0,0.0,0.3,0.08,0.0,0.01,Everton
Jordan Pickford,eng ENG,GK,31-194,4,4,360.0,0.0,0.0,0.0,0.0,0.0,0.0,0.0,0.0,0.0,0.0,0.0,Everton
James Tarkowski,eng ENG,DF,32-302,4,4,360.0,0.0,0.0,0.0,0.0,0.0,0.0,0.0,0.4,0.1,0.1,0.02,Everton
Idrissa Gana Gueye,sn SEN,MF,35-356,4,4,345.0,0.0,0.0,0.0,0.0,0.0,0.0,0.0,0.4,0.12,0.1,0.03,Everton
Iliman Ndiaye,sn SEN,FW,25-195,4,4,332.0,2.0,0.54,0.0,0.0,0.0,0.0,0.0,1.3,0.35,0.5,0.13,Everton
Jack Grealish,eng ENG,FW,30-007,4,3,286.0,0.0,0.0,4.0,1.26,0.0,1.0,0.0,0.4,0.13,2.0,0.62,Everton
Beto,gw GNB,FW,27-229,4,3,266.0,1.0,0.34,0.0,0.0,0.0,1.0,0.0,1.8,0.61,0.2,0.06,Everton
Tim Iroegbunam,eng ENG,MF,22-079,4,3,220.0,0.0,0.0,0.0,0.0,0.0,3.0,0.0,0.2,0.06,0.0,0.0,Everton
Carlos Alcaraz,ar ARG,"FW,MF",22-291,3,1,115.0,0.0,0.0,0.0,0.0,0.0,1.0,0.0,0.0,0.01,0.0,0.0,Everton
Thierno Barry,fr FRA,"FW,MF",22-331,4,1,99.0,0.0,0.0,0.0,0.0,0.0,0.0,0.0,0.5,0.42,0.0,0.0,Everton
Vitaliy Mykolenko,ua UKR,DF,26-111,1,1,90.0,0.0,0.0,0.0,0.0,0.0,0.0,0.0,0.0,0.0,0.0,0.0,Everton
Merlin Röhl,de GER,MF,23-074,1,0,25.0,0.0,0.0,0.0,0.0,0.0,0.0,0.0,0.0,0.1,0.1,0.26,Everton
Dwight McNeil,eng ENG,FW,25-299,1,0,20.0,0.0,0.0,0.0,0.0,0.0,0.0,0.0,0.2,1.1,0.1,0.64,Everton
Harrison Armstrong,eng ENG,FW,18-241,1,0,1.0,0.0,0.0,0.0,0.0,0.0,0.0,0.0,0.0,0.0,0.0,0.0,Everton
Séamus Coleman,ie IRL,FW,36-341,1,0,1.0,0.0,0.0,0.0,0.0,0.0,0.0,0.0,0.0,0.0,0.0,0.0,Everton
Adam Aznou,ma MAR,DF,19-107,0,0,,,,,,,,,,,,,Everton
Elijah Campbell,eng ENG,DF,21-046,0,0,,,,,,,,,,,,,Everton
Youssef Chermiti,pt POR,FW,21-116,0,0,,,,,,,,,,,,,Everton
Tyler Dibling,eng ENG,MF,19-189,0,0,,,,,,,,,,,,,Everton
Tyler Onyango,eng ENG,MF,22-197,0,0,,,,,,,,,,,,,Everton
Nathan Patterson,sct SCO,DF,23-336,0,0,,,,,,,,,,,,,Everton
Mark Travers,ie IRL,GK,26-122,0,0,,,,,,,,,,,,,Everton
Harry Tyrer,eng ENG,GK,23-285,0,0,,,,,,,,,,,,,Everton
Trai Hume,nir NIR,DF,23-183,4,4,360.0,0.0,0.0,0.0,0.0,0.0,0.0,0.0,0.1,0.02,0.2,0.04,Sunderland
Reinildo Mandava,mz MOZ,DF,31-239,4,4,360.0,0.0,0.0,0.0,0.0,0.0,1.0,0.0,0.0,0.0,0.0,0.0,Sunderland
Robin Roefs,nl NED,GK,22-243,4,4,360.0,0.0,0.0,0.0,0.0,0.0,1.0,0.0,0.0,0.0,0.0,0.0,Sunderland
Granit Xhaka,ch SUI,MF,32-355,4,4,360.0,0.0,0.0,1.0,0.25,0.0,1.0,0.0,0.1,0.01,0.3,0.07,Sunderland
Noah Sadiki,cd COD,MF,20-274,4,4,353.0,0.0,0.0,0.0,0.0,0.0,0.0,0.0,0.1,0.01,0.1,0.03,Sunderland
Habib Diarra,sn SEN,MF,21-257,4,4,345.0,0.0,0.0,0.0,0.0,0.0,1.0,0.0,0.6,0.15,0.0,0.01,Sunderland
Chemsdine Talbi,ma MAR,FW,20-131,4,4,305.0,0.0,0.0,1.0,0.3,0.0,0.0,0.0,0.5,0.15,0.1,0.04,Sunderland
Omar Alderete,py PAR,DF,28-265,4,3,308.0,0.0,0.0,1.0,0.29,0.0,0.0,0.0,0.1,0.03,0.0,0.01,Sunderland
Simon Adingra,ci CIV,FW,23-259,4,3,231.0,0.0,0.0,0.0,0.0,0.0,1.0,0.0,0.1,0.05,0.5,0.2,Sunderland
Eliezer Mayenda,es ESP,FW,20-132,3,3,201.0,1.0,0.45,0.0,0.0,0.0,0.0,0.0,0.4,0.18,0.3,0.11,Sunderland
Nordi Mukiele,fr FRA,DF,27-320,2,2,180.0,0.0,0.0,0.0,0.0,0.0,0.0,0.0,0.1,0.04,0.1,0.03,Sunderland
Daniel Ballard,nir NIR,DF,25-360,2,2,98.0,1.0,0.92,0.0,0.0,0.0,0.0,0.0,0.2,0.17,0.3,0.28,Sunderland
Wilson Isidor,fr FRA,FW,25-021,4,1,158.0,2.0,1.14,0.0,0.0,0.0,0.0,0.0,0.4,0.22,0.0,0.0,Sunderland
Jenson Seelt,nl NED,DF,22-117,2,1,134.0,0.0,0.0,0.0,0.0,0.0,0.0,0.0,0.0,0.0,0.0,0.0,Sunderland
Enzo Le Fée,fr FRA,"FW,MF",25-226,3,1,133.0,1.0,0.68,0.0,0.0,1.0,0.0,0.0,0.8,0.56,0.2,0.14,Sunderland
Patrick Roberts,eng ENG,"MF,FW",28-224,1,0,28.0,0.0,0.0,0.0,0.0,0.0,0.0,0.0,0.0,0.11,0.0,0.0,Sunderland
Brian Brobbey,nl NED,FW,23-228,1,0,22.0,0.0,0.0,0.0,0.0,0.0,0.0,0.0,0.0,0.0,0.0,0.0,Sunderland
Marc Guiu,es ESP,FW,19-256,2,0,15.0,0.0,0.0,0.0,0.0,0.0,0.0,0.0,0.0,0.14,0.0,0.0,Sunderland
Lutsharel Geertruida,nl NED,MF,25-061,1,0,7.0,0.0,0.0,0.0,0.0,0.0,0.0,0.0,0.0,0.0,0.0,0.0,Sunderland
Chris Rigg,eng ENG,FW,18-091,2,0,2.0,0.0,0.0,0.0,0.0,0.0,0.0,0.0,0.0,0.0,0.0,0.0,Sunderland
Harrison Jones,eng ENG,MF,20-266,0,0,,,,,,,,,,,,,Sunderland
Arthur Masuaku,cd COD,"DF,MF",31-314,0,0,,,,,,,,,,,,,Sunderland
Dan Neil,eng ENG,MF,23-278,0,0,,,,,,,,,,,,,Sunderland
Anthony Patterson,eng ENG,GK,25-130,0,0,,,,,,,,,,,,,Sunderland
Bertrand Traoré,bf BFA,"FW,MF",30-011,0,0,,,,,,,,,,,,,Sunderland
Tijjani Reijnders,nl NED,MF,27-050,4,4,360.0,1.0,0.25,1.0,0.25,0.0,1.0,0.0,0.7,0.17,0.3,0.08,Manchester-City
Erling Haaland,no NOR,FW,25-058,4,4,338.0,5.0,1.33,0.0,0.0,0.0,0.0,0.0,5.7,1.53,0.9,0.23,Manchester-City
Rúben Dias,pt POR,DF,28-126,4,3,276.0,0.0,0.0,0.0,0.0,0.0,0.0,0.0,0.0,0.0,0.0,0.0,Manchester-City
James Trafford,eng ENG,GK,22-342,3,3,270.0,0.0,0.0,0.0,0.0,0.0,0.0,0.0,0.0,0.0,0.0,0.0,Manchester-City
John Stones,eng ENG,DF,31-112,3,3,261.0,0.0,0.0,0.0,0.0,0.0,0.0,0.0,0.0,0.0,0.0,0.0,Manchester-City
Bernardo Silva,pt POR,MF,31-038,4,3,260.0,0.0,0.0,1.0,0.35,0.0,0.0,0.0,0.1,0.02,1.6,0.57,Manchester-City
Oscar Bobb,no NOR,"FW,MF",22-067,4,3,258.0,0.0,0.0,1.0,0.35,0.0,0.0,0.0,0.3,0.1,0.4,0.13,Manchester-City
Rayan Aït-Nouri,dz ALG,DF,24-103,3,3,202.0,0.0,0.0,0.0,0.0,0.0,1.0,0.0,0.0,0.02,0.2,0.09,Manchester-City
Jeremy Doku,be BEL,"MF,FW",23-113,4,2,197.0,0.0,0.0,2.0,0.91,0.0,0.0,0.0,0.0,0.0,1.7,0.77,Manchester-City
Abdukodir Khusanov,uz UZB,DF,21-200,3,2,183.0,0.0,0.0,0.0,0.0,0.0,1.0,0.0,0.0,0.0,0.0,0.0,Manchester-City
Rodri,es ESP,MF,29-087,3,2,181.0,0.0,0.0,0.0,0.0,0.0,0.0,0.0,0.1,0.04,0.1,0.04,Manchester-City
Nicolás González,es ESP,MF,23-257,3,2,179.0,0.0,0.0,0.0,0.0,0.0,1.0,0.0,0.1,0.03,0.0,0.0,Manchester-City
Rico Lewis,eng ENG,DF,20-300,3,2,161.0,0.0,0.0,1.0,0.56,0.0,0.0,0.0,0.0,0.01,1.0,0.56,Manchester-City
Omar Marmoush,eg EGY,"FW,MF",26-222,3,2,149.0,0.0,0.0,1.0,0.6,0.0,0.0,0.0,0.8,0.5,1.0,0.58,Manchester-City
Nico O’Reilly,eng ENG,"DF,MF",20-180,3,1,134.0,0.0,0.0,0.0,0.0,0.0,1.0,0.0,0.1,0.05,0.0,0.0,Manchester-City
Matheus Nunes,pt POR,DF,27-021,2,1,109.0,0.0,0.0,0.0,0.0,0.0,0.0,0.0,0.0,0.0,0.0,0.0,Manchester-City
Phil Foden,eng ENG,MF,25-112,2,1,106.0,1.0,0.85,0.0,0.0,0.0,0.0,0.0,0.5,0.38,0.1,0.06,Manchester-City
Gianluigi Donnarumma,it ITA,GK,26-204,1,1,90.0,0.0,0.0,0.0,0.0,0.0,0.0,0.0,0.0,0.0,0.0,0.0,Manchester-City
Joško Gvardiol,hr CRO,DF,23-237,1,1,90.0,0.0,0.0,0.0,0.0,0.0,0.0,0.0,0.0,0.0,0.0,0.0,Manchester-City
Rayan Cherki,fr FRA,"MF,FW",22-031,2,1,71.0,1.0,1.27,0.0,0.0,0.0,0.0,0.0,0.1,0.07,0.5,0.6,Manchester-City
Nathan Aké,nl NED,DF,30-211,2,0,71.0,0.0,0.0,0.0,0.0,0.0,0.0,0.0,0.1,0.18,0.0,0.0,Manchester-City
Sávio,br BRA,MF,21-160,1,0,14.0,0.0,0.0,0.0,0.0,0.0,0.0,0.0,0.0,0.14,0.0,0.0,Manchester-City
Manuel Akanji,ch SUI,"DF,MF",30-060,0,0,,,,,,,,,,,,,Manchester-City
Ederson,br BRA,GK,32-031,0,0,,,,,,,,,,,,,Manchester-City
İlkay Gündoğan,de GER,MF,34-328,0,0,,,,,,,,,,,,,Manchester-City
Stephen Mfuni,eng ENG,DF,17-217,0,0,,,,,,,,,,,,,Manchester-City
Divine Mukasa,eng ENG,MF,18-026,0,0,,,,,,,,,,,,,Manchester-City
Stefan Ortega,de GER,GK,32-315,0,0,,,,,,,,,,,,,Manchester-City
Marc Guéhi,eng ENG,DF,25-066,4,4,360.0,1.0,0.25,0.0,0.0,0.0,0.0,0.0,0.2,0.05,0.0,0.01,Crystal-Palace
Dean Henderson,eng ENG,GK,28-189,4,4,360.0,0.0,0.0,0.0,0.0,0.0,0.0,0.0,0.0,0.0,0.0,0.0,Crystal-Palace
Maxence Lacroix,fr FRA,DF,25-164,4,4,360.0,0.0,0.0,1.0,0.25,0.0,1.0,0.0,0.1,0.03,0.5,0.13,Crystal-Palace
Tyrick Mitchell,eng ENG,"DF,MF",26-016,4,4,360.0,0.0,0.0,0.0,0.0,0.0,1.0,0.0,0.0,0.0,0.2,0.05,Crystal-Palace
Daniel Muñoz,co COL,"DF,MF",29-114,4,4,360.0,0.0,0.0,1.0,0.25,0.0,2.0,0.0,0.2,0.04,1.5,0.37,Crystal-Palace
Chris Richards,us USA,DF,25-173,4,4,360.0,0.0,0.0,0.0,0.0,0.0,0.0,0.0,0.3,0.07,0.0,0.0,Crystal-Palace
Jean-Philippe Mateta,fr FRA,FW,28-081,4,4,351.0,1.0,0.26,0.0,0.0,1.0,2.0,0.0,1.8,0.47,0.0,0.0,Crystal-Palace
Will Hughes,eng ENG,MF,30-153,4,4,319.0,0.0,0.0,0.0,0.0,0.0,3.0,0.0,0.2,0.04,0.5,0.13,Crystal-Palace
Ismaila Sarr,sn SEN,"MF,FW",27-204,3,3,270.0,2.0,0.67,0.0,0.0,0.0,1.0,0.0,2.0,0.66,0.0,0.02,Crystal-Palace
Adam Wharton,eng ENG,MF,21-223,3,3,226.0,0.0,0.0,0.0,0.0,0.0,0.0,0.0,0.0,0.0,0.4,0.16,Crystal-Palace
Daichi Kamada,jp JPN,MF,29-043,2,2,175.0,0.0,0.0,0.0,0.0,0.0,0.0,0.0,0.1,0.03,0.6,0.3,Crystal-Palace
Jefferson Lerma,co COL,MF,30-327,4,1,133.0,0.0,0.0,0.0,0.0,0.0,0.0,0.0,0.4,0.26,0.0,0.0,Crystal-Palace
Yeremi Pino,es ESP,MF,22-332,2,1,103.0,0.0,0.0,0.0,0.0,0.0,0.0,0.0,0.8,0.66,0.4,0.31,Crystal-Palace
Justin Devenny,nir NIR,"FW,MF",21-341,4,1,100.0,0.0,0.0,0.0,0.0,0.0,0.0,0.0,0.0,0.04,0.1,0.11,Crystal-Palace
Eberechi Eze,eng ENG,MF,27-080,1,1,83.0,0.0,0.0,0.0,0.0,0.0,0.0,0.0,0.2,0.26,0.0,0.0,Crystal-Palace
Romain Esse,eng ENG,FW,20-127,1,0,25.0,0.0,0.0,0.0,0.0,0.0,0.0,0.0,0.0,0.0,0.0,0.0,Crystal-Palace
Christantus Uche,ng NGA,MF,22-121,1,0,7.0,0.0,0.0,0.0,0.0,0.0,0.0,0.0,0.0,0.12,0.0,0.0,Crystal-Palace
Nathaniel Clyne,eng ENG,DF,34-165,1,0,5.0,0.0,0.0,0.0,0.0,0.0,0.0,0.0,0.0,0.0,0.0,0.0,Crystal-Palace
Odsonne Édouard,fr FRA,FW,27-244,1,0,3.0,0.0,0.0,0.0,0.0,0.0,0.0,0.0,0.0,0.0,0.0,0.0,Crystal-Palace
Walter Benítez,ar ARG,GK,32-241,0,0,,,,,,,,,,,,,Crystal-Palace
Jaydee Canvot,fr FRA,MF,19-050,0,0,,,,,,,,,,,,,Crystal-Palace
Rio Cardines,tt TRI,MF,19-078,0,0,,,,,,,,,,,,,Crystal-Palace
Remi Matthews,eng ENG,GK,31-219,0,0,,,,,,,,,,,,,Crystal-Palace
Jesurun Rak Sakyi,eng ENG,"FW,MF",22-347,0,0,,,,,,,,,,,,,Crystal-Palace
Kaden Rodney,eng ENG,"DF,MF",20-345,0,0,,,,,,,,,,,,,Crystal-Palace
Borna Sosa,hr CRO,"DF,MF",27-239,0,0,,,,,,,,,,,,,Crystal-Palace
Dan Burn,eng ENG,DF,33-131,4,4,360.0,0.0,0.0,0.0,0.0,0.0,1.0,0.0,0.1,0.01,0.0,0.01,Newcastle-United
Bruno Guimarães,br BRA,MF,27-305,4,4,360.0,1.0,0.25,0.0,0.0,0.0,2.0,0.0,0.2,0.06,0.1,0.02,Newcastle-United
Valentino Livramento,eng ENG,DF,22-309,4,4,360.0,0.0,0.0,1.0,0.25,0.0,0.0,0.0,0.0,0.0,0.2,0.05,Newcastle-United
Nick Pope,eng ENG,GK,33-151,4,4,360.0,0.0,0.0,0.0,0.0,0.0,1.0,0.0,0.0,0.0,0.0,0.0,Newcastle-United
Fabian Schär,ch SUI,DF,33-271,4,4,350.0,0.0,0.0,0.0,0.0,0.0,0.0,0.0,0.1,0.02,0.1,0.03,Newcastle-United
Sandro Tonali,it ITA,MF,25-132,4,4,335.0,0.0,0.0,0.0,0.0,0.0,0.0,0.0,0.2,0.06,0.6,0.16,Newcastle-United
Kieran Trippier,eng ENG,DF,34-363,4,4,315.0,0.0,0.0,0.0,0.0,0.0,0.0,0.0,0.0,0.0,0.3,0.09,Newcastle-United
Harvey Barnes,eng ENG,FW,27-282,4,3,266.0,0.0,0.0,0.0,0.0,0.0,0.0,0.0,0.4,0.13,0.7,0.23,Newcastle-United
Joelinton,br BRA,MF,29-034,3,3,221.0,0.0,0.0,0.0,0.0,0.0,1.0,0.0,0.0,0.02,0.7,0.28,Newcastle-United
Anthony Elanga,se SWE,FW,23-143,4,2,207.0,0.0,0.0,0.0,0.0,0.0,0.0,0.0,0.6,0.25,0.3,0.13,Newcastle-United
Jacob Murphy,eng ENG,FW,30-205,3,2,163.0,0.0,0.0,1.0,0.55,0.0,0.0,0.0,0.9,0.5,0.2,0.08,Newcastle-United
Anthony Gordon,eng ENG,FW,24-205,2,2,134.0,0.0,0.0,0.0,0.0,0.0,0.0,1.0,1.1,0.72,0.1,0.06,Newcastle-United
William Osula,dk DEN,FW,22-044,4,1,132.0,1.0,0.68,0.0,0.0,0.0,0.0,0.0,0.4,0.27,0.1,0.05,Newcastle-United
Sven Botman,nl NED,DF,25-248,2,1,68.0,0.0,0.0,0.0,0.0,0.0,0.0,0.0,0.0,0.0,0.0,0.0,Newcastle-United
Nick Woltemade,de GER,FW,23-215,1,1,64.0,1.0,1.41,0.0,0.0,0.0,0.0,0.0,0.3,0.39,0.0,0.04,Newcastle-United
Jacob Ramsey,eng ENG,MF,24-112,2,1,60.0,0.0,0.0,0.0,0.0,0.0,0.0,0.0,0.0,0.04,0.3,0.42,Newcastle-United
Lewis Miley,eng ENG,MF,19-139,3,0,78.0,0.0,0.0,0.0,0.0,0.0,0.0,0.0,0.0,0.02,0.0,0.04,Newcastle-United
Lewis Hall,eng ENG,DF,21-009,2,0,45.0,0.0,0.0,0.0,0.0,0.0,0.0,0.0,0.0,0.07,0.0,0.0,Newcastle-United
Joe Willock,eng ENG,MF,26-028,1,0,26.0,0.0,0.0,0.0,0.0,0.0,0.0,0.0,0.1,0.32,0.0,0.0,Newcastle-United
Malick Thiaw,de GER,DF,24-040,1,0,10.0,0.0,0.0,0.0,0.0,0.0,0.0,0.0,0.0,0.0,0.0,0.0,Newcastle-United
Emil Krafth,se SWE,DF,31-046,0,0,,,,,,,,,,,,,Newcastle-United
Jamaal Lascelles,eng ENG,DF,31-310,0,0,,,,,,,,,,,,,Newcastle-United
Aaron Ramsdale,eng ENG,GK,27-126,0,0,,,,,,,,,,,,,Newcastle-United
Park Seungsoo,kr KOR,MF,18-184,0,0,,,,,,,,,,,,,Newcastle-United
Joachim Andersen,dk DEN,DF,29-109,4,4,360.0,0.0,0.0,0.0,0.0,0.0,0.0,0.0,0.2,0.05,0.7,0.17,Fulham
Calvin Bassey,ng NGA,DF,25-260,4,4,360.0,0.0,0.0,0.0,0.0,0.0,1.0,0.0,0.2,0.04,0.0,0.0,Fulham
Bernd Leno,de GER,GK,33-197,4,4,360.0,0.0,0.0,0.0,0.0,0.0,0.0,0.0,0.0,0.0,0.0,0.0,Fulham
Saša Lukić,rs SRB,MF,29-035,4,4,360.0,0.0,0.0,0.0,0.0,0.0,2.0,0.0,0.5,0.13,0.6,0.15,Fulham
Kenny Tete,nl NED,DF,29-343,4,4,360.0,0.0,0.0,0.0,0.0,0.0,0.0,0.0,0.1,0.02,0.1,0.03,Fulham
Sander Berge,no NOR,MF,27-215,4,4,328.0,0.0,0.0,0.0,0.0,0.0,1.0,0.0,0.4,0.11,0.2,0.07,Fulham
Alex Iwobi,ng NGA,FW,29-137,4,4,313.0,0.0,0.0,1.0,0.29,0.0,1.0,0.0,0.1,0.03,1.0,0.3,Fulham
Joshua King,eng ENG,MF,18-257,4,4,271.0,0.0,0.0,0.0,0.0,0.0,0.0,0.0,0.4,0.13,0.1,0.03,Fulham
Rodrigo Muniz,br BRA,FW,24-136,4,3,237.0,1.0,0.38,0.0,0.0,0.0,1.0,0.0,0.8,0.31,0.1,0.02,Fulham
Ryan Sessegnon,eng ENG,DF,25-122,3,3,217.0,0.0,0.0,0.0,0.0,0.0,0.0,0.0,0.0,0.0,0.7,0.28,Fulham
Harry Wilson,wls WAL,FW,28-179,4,2,209.0,0.0,0.0,0.0,0.0,0.0,0.0,0.0,0.2,0.09,0.0,0.0,Fulham
Timothy Castagne,be BEL,"FW,DF",29-286,3,2,127.0,0.0,0.0,0.0,0.0,0.0,0.0,0.0,0.4,0.27,0.1,0.06,Fulham
Raúl Jiménez,mx MEX,FW,34-135,4,1,123.0,0.0,0.0,0.0,0.0,0.0,0.0,0.0,0.4,0.29,0.0,0.0,Fulham
Jorge Cuenca,es ESP,DF,25-304,1,1,83.0,0.0,0.0,0.0,0.0,0.0,0.0,0.0,0.0,0.0,0.0,0.0,Fulham
Emile Smith Rowe,eng ENG,"MF,FW",25-051,4,0,89.0,1.0,1.01,0.0,0.0,0.0,0.0,0.0,0.8,0.8,0.0,0.03,Fulham
Adama Traoré,es ESP,FW,29-235,3,0,63.0,0.0,0.0,0.0,0.0,0.0,0.0,0.0,0.0,0.06,0.1,0.1,Fulham
Antonee Robinson,us USA,DF,28-040,2,0,53.0,0.0,0.0,0.0,0.0,0.0,0.0,0.0,0.0,0.0,0.0,0.05,Fulham
Tom Cairney,sct SCO,MF,34-240,2,0,32.0,0.0,0.0,0.0,0.0,0.0,1.0,0.0,0.0,0.0,0.0,0.0,Fulham
Kevin,br BRA,FW,22-256,1,0,15.0,0.0,0.0,0.0,0.0,0.0,0.0,0.0,0.0,0.11,0.0,0.27,Fulham
Issa Diop,fr FRA,DF,28-251,0,0,,,,,,,,,,,,,Fulham
Benjamin Lecomte,fr FRA,GK,34-144,0,0,,,,,,,,,,,,,Fulham
Andreas Pereira,br BRA,MF,29-259,0,0,,,,,,,,,,,,,Fulham
Harrison Reed,eng ENG,MF,30-233,0,0,,,,,,,,,,,,,Fulham
Nathan Collins,ie IRL,DF,24-140,4,4,360.0,0.0,0.0,0.0,0.0,0.0,1.0,0.0,0.0,0.0,0.1,0.02,Brentford
Sepp van den Berg,nl NED,DF,23-271,4,4,360.0,0.0,0.0,0.0,0.0,0.0,0.0,0.0,0.2,0.05,0.0,0.0,Brentford
Caoimhín Kelleher,ie IRL,GK,26-298,4,4,360.0,0.0,0.0,0.0,0.0,0.0,1.0,0.0,0.0,0.0,0.0,0.0,Brentford
Yehor Yarmoliuk,ua UKR,MF,21-200,4,4,348.0,0.0,0.0,0.0,0.0,0.0,1.0,0.0,0.1,0.03,0.1,0.02,Brentford
Michael Kayode,it ITA,DF,21-069,4,4,346.0,0.0,0.0,0.0,0.0,0.0,0.0,0.0,0.0,0.0,0.2,0.05,Brentford
Thiago,br BRA,FW,24-083,4,4,342.0,2.0,0.53,0.0,0.0,1.0,2.0,0.0,1.2,0.33,1.1,0.28,Brentford
Keane Lewis-Potter,eng ENG,"DF,FW",24-207,4,4,318.0,0.0,0.0,0.0,0.0,0.0,0.0,0.0,0.1,0.03,0.0,0.01,Brentford
Kevin Schade,de GER,FW,23-294,4,3,302.0,1.0,0.3,0.0,0.0,0.0,0.0,0.0,1.6,0.49,0.1,0.02,Brentford
Jordan Henderson,eng ENG,MF,35-092,4,3,250.0,0.0,0.0,1.0,0.36,0.0,0.0,0.0,0.0,0.01,0.2,0.08,Brentford
Dango Ouattara,bf BFA,FW,23-218,3,2,191.0,1.0,0.47,0.0,0.0,0.0,0.0,0.0,0.9,0.4,0.0,0.0,Brentford
Mikkel Damsgaard,dk DEN,MF,25-076,2,2,180.0,0.0,0.0,0.0,0.0,0.0,0.0,0.0,0.1,0.03,0.4,0.21,Brentford
Mathias Jensen,dk DEN,MF,29-259,3,2,152.0,0.0,0.0,0.0,0.0,0.0,0.0,0.0,0.1,0.08,0.2,0.11,Brentford
Rico Henry,eng ENG,DF,28-071,4,1,131.0,0.0,0.0,0.0,0.0,0.0,1.0,0.0,0.1,0.09,0.1,0.09,Brentford
Fabio Carvalho,pt POR,"FW,MF",23-018,3,1,92.0,1.0,0.98,0.0,0.0,0.0,0.0,0.0,0.7,0.68,0.0,0.0,Brentford
Ethan Pinnock,jm JAM,DF,32-111,1,1,82.0,0.0,0.0,0.0,0.0,0.0,1.0,0.0,0.0,0.0,0.0,0.0,Brentford
Antoni Milambo,nl NED,MF,20-167,1,1,45.0,0.0,0.0,0.0,0.0,0.0,0.0,0.0,0.0,0.0,0.0,0.0,Brentford
Frank Onyeka,ng NGA,MF,27-259,3,0,64.0,0.0,0.0,1.0,1.41,0.0,0.0,0.0,0.0,0.0,0.1,0.17,Brentford
Aaron Hickey,sct SCO,"DF,FW",23-099,3,0,23.0,0.0,0.0,0.0,0.0,0.0,1.0,0.0,0.0,0.0,0.0,0.0,Brentford
Kristoffer Ajer,no NOR,DF,27-153,2,0,14.0,0.0,0.0,1.0,6.43,0.0,0.0,0.0,0.0,0.26,0.7,4.31,Brentford
Benjamin Arthur,eng ENG,DF,19-343,0,0,,,,,,,,,,,,,Brentford
Vitaly Janelt,de GER,MF,27-130,0,0,,,,,,,,,,,,,Brentford
Reiss Nelson,eng ENG,"FW,MF",25-281,0,0,,,,,,,,,,,,,Brentford
Myles Peart-Harris,eng ENG,MF,22-364,0,0,,,,,,,,,,,,,Brentford
Mads Roerslev,dk DEN,"DF,MF",26-085,0,0,,,,,,,,,,,,,Brentford
Hákon Valdimarsson,is ISL,GK,23-339,0,0,,,,,,,,,,,,,Brentford
Lewis Dunk,eng ENG,DF,33-300,4,4,360.0,0.0,0.0,0.0,0.0,0.0,1.0,0.0,0.2,0.05,0.0,0.01,Brighton-and-Hove-Albion
Jan Paul van Hecke,nl NED,DF,25-101,4,4,360.0,0.0,0.0,0.0,0.0,0.0,1.0,0.0,0.3,0.08,0.0,0.0,Brighton-and-Hove-Albion
Bart Verbruggen,nl NED,GK,23-030,4,4,360.0,0.0,0.0,0.0,0.0,0.0,0.0,0.0,0.0,0.0,0.1,0.04,Brighton-and-Hove-Albion
Kaoru Mitoma,jp JPN,FW,28-120,4,4,352.0,1.0,0.26,1.0,0.26,0.0,1.0,0.0,0.7,0.17,1.0,0.25,Brighton-and-Hove-Albion
Yankuba Minteh,gm GAM,FW,21-057,4,4,337.0,0.0,0.0,1.0,0.27,0.0,0.0,0.0,0.5,0.13,1.3,0.35,Brighton-and-Hove-Albion
Maxim De Cuyper,be BEL,DF,24-269,4,4,269.0,0.0,0.0,0.0,0.0,0.0,1.0,0.0,0.0,0.0,0.1,0.02,Brighton-and-Hove-Albion
Danny Welbeck,eng ENG,FW,34-295,4,3,238.0,0.0,0.0,0.0,0.0,0.0,0.0,0.0,1.7,0.63,0.1,0.02,Brighton-and-Hove-Albion
Carlos Baleba,cm CMR,MF,21-257,4,3,197.0,0.0,0.0,0.0,0.0,0.0,1.0,0.0,0.0,0.02,0.0,0.02,Brighton-and-Hove-Albion
Yasin Ayari,se SWE,MF,21-346,4,2,274.0,0.0,0.0,0.0,0.0,0.0,0.0,0.0,0.2,0.05,0.1,0.02,Brighton-and-Hove-Albion
Joël Veltman,nl NED,DF,33-245,2,2,180.0,0.0,0.0,0.0,0.0,0.0,1.0,0.0,0.0,0.0,0.0,0.02,Brighton-and-Hove-Albion
Matt O'Riley,dk DEN,MF,24-300,2,2,177.0,1.0,0.51,0.0,0.0,1.0,0.0,0.0,1.2,0.61,0.2,0.1,Brighton-and-Hove-Albion
Mats Wieffer,nl NED,DF,25-305,2,2,174.0,0.0,0.0,0.0,0.0,0.0,1.0,0.0,0.0,0.01,0.0,0.0,Brighton-and-Hove-Albion
Georginio Rutter,fr FRA,"FW,MF",23-150,3,2,164.0,0.0,0.0,0.0,0.0,0.0,1.0,0.0,0.1,0.07,0.1,0.04,Brighton-and-Hove-Albion
Jack Hinshelwood,eng ENG,MF,20-159,3,2,107.0,0.0,0.0,0.0,0.0,0.0,0.0,0.0,0.0,0.0,0.0,0.0,Brighton-and-Hove-Albion
Diego Gómez,py PAR,MF,22-174,3,1,106.0,0.0,0.0,0.0,0.0,0.0,1.0,0.0,0.0,0.02,0.3,0.26,Brighton-and-Hove-Albion
James Milner,eng ENG,MF,39-256,3,1,99.0,1.0,0.91,0.0,0.0,1.0,1.0,0.0,0.8,0.72,0.0,0.0,Brighton-and-Hove-Albion
Ferdi Kadioglu,tr TUR,"DF,FW",25-345,3,0,113.0,0.0,0.0,0.0,0.0,0.0,2.0,0.0,0.0,0.0,0.0,0.0,Brighton-and-Hove-Albion
Brajan Gruda,de GER,"MF,FW",21-109,4,0,68.0,1.0,1.32,0.0,0.0,0.0,0.0,0.0,1.2,1.53,0.1,0.17,Brighton-and-Hove-Albion
Stefanos Tzimas,gr GRE,FW,19-254,1,0,24.0,0.0,0.0,0.0,0.0,0.0,0.0,0.0,0.0,0.0,0.0,0.0,Brighton-and-Hove-Albion
Diego Coppola,it ITA,DF,21-263,1,0,1.0,0.0,0.0,0.0,0.0,0.0,0.0,0.0,0.0,0.0,0.0,0.0,Brighton-and-Hove-Albion
Olivier Boscagli,fr FRA,DF,27-303,0,0,,,,,,,,,,,,,Brighton-and-Hove-Albion
Jason Steele,eng ENG,GK,35-030,0,0,,,,,,,,,,,,,Brighton-and-Hove-Albion
Tom Watson,eng ENG,MF,19-162,0,0,,,,,,,,,,,,,Brighton-and-Hove-Albion
Altay Bayındır,tr TUR,GK,27-156,4,4,360.0,0.0,0.0,0.0,0.0,0.0,0.0,0.0,0.0,0.0,0.2,0.06,Manchester-United
Bruno Fernandes,pt POR,MF,31-009,4,4,360.0,1.0,0.25,0.0,0.0,1.0,1.0,0.0,1.9,0.48,1.2,0.31,Manchester-United
Matthijs de Ligt,nl NED,DF,26-036,4,4,360.0,0.0,0.0,0.0,0.0,0.0,0.0,0.0,0.3,0.08,0.2,0.05,Manchester-United
Bryan Mbeumo,cm CMR,MF,26-041,4,4,360.0,1.0,0.25,0.0,0.0,0.0,0.0,0.0,1.7,0.44,1.3,0.33,Manchester-United
Luke Shaw,eng ENG,DF,30-067,4,4,345.0,0.0,0.0,0.0,0.0,0.0,0.0,0.0,0.0,0.0,0.1,0.02,Manchester-United
Leny Yoro,fr FRA,DF,19-308,4,4,321.0,0.0,0.0,0.0,0.0,0.0,0.0,0.0,0.3,0.07,0.0,0.0,Manchester-United
Patrick Dorgu,dk DEN,DF,20-326,3,3,270.0,0.0,0.0,0.0,0.0,0.0,1.0,0.0,0.2,0.08,0.1,0.05,Manchester-United
Amad Diallo,ci CIV,"DF,MF",23-068,4,3,267.0,0.0,0.0,0.0,0.0,0.0,0.0,0.0,0.9,0.29,0.7,0.24,Manchester-United
Matheus Cunha,br BRA,"FW,MF",26-113,3,3,210.0,0.0,0.0,0.0,0.0,0.0,0.0,0.0,0.8,0.35,0.2,0.07,Manchester-United
Casemiro,br BRA,MF,33-206,4,3,198.0,0.0,0.0,0.0,0.0,0.0,1.0,0.0,0.6,0.28,0.1,0.04,Manchester-United
Mason Mount,eng ENG,MF,26-250,3,3,177.0,0.0,0.0,0.0,0.0,0.0,0.0,0.0,0.2,0.09,0.4,0.19,Manchester-United
Diogo Dalot,pt POR,DF,26-183,3,2,183.0,0.0,0.0,1.0,0.49,0.0,0.0,0.0,0.0,0.01,0.8,0.37,Manchester-United
Benjamin Šeško,si SVN,FW,22-109,4,1,162.0,0.0,0.0,0.0,0.0,0.0,0.0,0.0,0.4,0.23,0.1,0.03,Manchester-United
Manuel Ugarte,uy URU,MF,24-159,3,1,127.0,0.0,0.0,0.0,0.0,0.0,0.0,0.0,0.0,0.03,0.0,0.02,Manchester-United
Noussair Mazraoui,ma MAR,DF,27-307,2,1,67.0,0.0,0.0,0.0,0.0,0.0,0.0,0.0,0.0,0.0,0.0,0.0,Manchester-United
Kobbie Mainoo,eng ENG,MF,20-151,2,0,74.0,0.0,0.0,0.0,0.0,0.0,0.0,0.0,0.1,0.08,0.1,0.17,Manchester-United
Joshua Zirkzee,nl NED,"FW,MF",24-118,2,0,71.0,0.0,0.0,0.0,0.0,0.0,0.0,0.0,0.6,0.82,0.0,0.06,Manchester-United
Harry Maguire,eng ENG,DF,32-196,3,0,44.0,0.0,0.0,0.0,0.0,0.0,0.0,0.0,0.1,0.2,0.0,0.0,Manchester-United
Ayden Heaven,eng ENG,DF,18-360,1,0,4.0,0.0,0.0,0.0,0.0,0.0,0.0,0.0,0.0,0.0,0.0,0.0,Manchester-United
Tyler Fredricson,eng ENG,DF,20-206,0,0,,,,,,,,,,,,,Manchester-United
Tom Heaton,eng ENG,GK,39-155,0,0,,,,,,,,,,,,,Manchester-United
Senne Lammens,be BEL,GK,23-072,0,0,,,,,,,,,,,,,Manchester-United
Diego León,py PAR,DF,18-167,0,0,,,,,,,,,,,,,Manchester-United
André Onana,cm CMR,GK,29-168,0,0,,,,,,,,,,,,,Manchester-United
Elliot Anderson,eng ENG,MF,22-315,4,4,360.0,0.0,0.0,1.0,0.25,0.0,0.0,0.0,0.4,0.1,1.1,0.27,Nottingham-Forest
Nikola Milenković,rs SRB,DF,27-340,4,4,360.0,0.0,0.0,0.0,0.0,0.0,0.0,0.0,0.1,0.01,0.0,0.0,Nottingham-Forest
Matz Sels,be BEL,GK,33-203,4,4,360.0,0.0,0.0,0.0,0.0,0.0,1.0,0.0,0.0,0.0,0.0,0.0,Nottingham-Forest
Neco Williams,wls WAL,DF,24-157,4,4,360.0,0.0,0.0,0.0,0.0,0.0,2.0,0.0,0.0,0.01,0.3,0.08,Nottingham-Forest
Ibrahim Sangaré,ci CIV,MF,27-289,4,4,337.0,0.0,0.0,0.0,0.0,0.0,0.0,0.0,0.0,0.01,0.0,0.0,Nottingham-Forest
Morgan Gibbs-White,eng ENG,MF,25-233,4,4,326.0,0.0,0.0,1.0,0.28,0.0,0.0,0.0,0.7,0.19,0.3,0.08,Nottingham-Forest
Callum Hudson-Odoi,eng ENG,FW,24-314,4,4,308.0,1.0,0.29,0.0,0.0,0.0,0.0,0.0,0.4,0.11,0.6,0.16,Nottingham-Forest
Murillo,br BRA,DF,23-075,4,4,306.0,0.0,0.0,0.0,0.0,0.0,1.0,0.0,0.0,0.0,0.0,0.0,Nottingham-Forest
Chris Wood,nz NZL,FW,33-284,4,4,296.0,2.0,0.61,0.0,0.0,0.0,0.0,0.0,1.6,0.48,0.2,0.05,Nottingham-Forest
Dan Ndoye,ch SUI,FW,24-327,4,4,295.0,1.0,0.31,1.0,0.31,0.0,0.0,0.0,0.1,0.03,0.4,0.13,Nottingham-Forest
Ola Aina,ng NGA,DF,28-344,3,3,270.0,0.0,0.0,0.0,0.0,0.0,1.0,0.0,0.0,0.01,0.1,0.05,Nottingham-Forest
Morato,br BRA,DF,24-079,1,1,90.0,0.0,0.0,0.0,0.0,0.0,0.0,0.0,0.0,0.0,0.0,0.0,Nottingham-Forest
James Mcatee,eng ENG,"MF,FW",22-334,3,0,70.0,0.0,0.0,0.0,0.0,0.0,0.0,0.0,0.0,0.0,0.4,0.46,Nottingham-Forest
Nicolò Savona,it ITA,DF,22-182,1,0,54.0,0.0,0.0,0.0,0.0,0.0,0.0,0.0,0.0,0.0,0.0,0.03,Nottingham-Forest
Arnaud Kalimuendo,fr FRA,FW,23-240,3,0,53.0,0.0,0.0,0.0,0.0,0.0,0.0,0.0,0.1,0.19,0.0,0.02,Nottingham-Forest
Igor Jesus,br BRA,FW,24-204,3,0,33.0,0.0,0.0,0.0,0.0,0.0,0.0,0.0,0.1,0.19,0.0,0.0,Nottingham-Forest
Dilane Bakwa,fr FRA,FW,23-022,1,0,31.0,0.0,0.0,0.0,0.0,0.0,0.0,0.0,0.0,0.0,0.0,0.0,Nottingham-Forest
Ryan Yates,eng ENG,MF,27-300,3,0,28.0,0.0,0.0,0.0,0.0,0.0,0.0,0.0,0.0,0.0,0.0,0.0,Nottingham-Forest
Jota Silva,pt POR,FW,26-047,1,0,12.0,0.0,0.0,0.0,0.0,0.0,0.0,0.0,0.0,0.0,0.0,0.0,Nottingham-Forest
Omari Hutchinson,eng ENG,"FW,MF",21-322,2,0,11.0,0.0,0.0,0.0,0.0,0.0,0.0,0.0,0.2,1.65,0.0,0.0,Nottingham-Forest
Zach Abbott,eng ENG,DF,19-127,0,0,,,,,,,,,,,,,Nottingham-Forest
Taiwo Awoniyi,ng NGA,FW,28-036,0,0,,,,,,,,,,,,,Nottingham-Forest
Willy Boly,ci CIV,DF,34-226,0,0,,,,,,,,,,,,,Nottingham-Forest
Jair Cunha,br BRA,DF,20-194,0,0,,,,,,,,,,,,,Nottingham-Forest
Angus Gunn,sct SCO,GK,29-238,0,0,,,,,,,,,,,,,Nottingham-Forest
John,br BRA,GK,29-216,0,0,,,,,,,,,,,,,Nottingham-Forest
Douglas Luiz,br BRA,MF,27-131,0,0,,,,,,,,,,,,,Nottingham-Forest
Joe Rodon,wls WAL,DF,27-330,4,4,360.0,0.0,0.0,0.0,0.0,0.0,0.0,0.0,0.0,0.0,0.0,0.0,Leeds-United
Anton Stach,de GER,MF,26-306,4,4,360.0,0.0,0.0,0.0,0.0,0.0,1.0,0.0,0.5,0.13,0.8,0.2,Leeds-United
Pascal Struijk,nl NED,DF,26-037,4,4,360.0,0.0,0.0,0.0,0.0,0.0,0.0,0.0,0.2,0.05,0.0,0.01,Leeds-United
Jayden Bogle,eng ENG,DF,25-052,4,4,352.0,0.0,0.0,0.0,0.0,0.0,1.0,0.0,0.2,0.04,0.1,0.01,Leeds-United
Gabriel Gudmundsson,se SWE,DF,26-141,4,4,349.0,0.0,0.0,0.0,0.0,0.0,1.0,0.0,0.2,0.04,0.3,0.08,Leeds-United
Lucas Perri,br BRA,GK,27-281,3,3,270.0,0.0,0.0,0.0,0.0,0.0,0.0,0.0,0.0,0.0,0.0,0.0,Leeds-United
Daniel James,wls WAL,FW,27-311,4,3,213.0,0.0,0.0,0.0,0.0,0.0,0.0,0.0,0.4,0.18,0.3,0.12,Leeds-United
Wilfried Gnonto,it ITA,FW,21-316,4,3,192.0,0.0,0.0,0.0,0.0,0.0,1.0,0.0,0.2,0.08,0.1,0.04,Leeds-United
Sean Longstaff,eng ENG,MF,27-322,4,2,214.0,0.0,0.0,0.0,0.0,0.0,0.0,0.0,0.0,0.02,0.0,0.02,Leeds-United
Ilia Gruev,bg BUL,MF,25-134,3,2,193.0,0.0,0.0,0.0,0.0,0.0,0.0,0.0,0.0,0.0,0.0,0.0,Leeds-United
Ethan Ampadu,wls WAL,MF,25-003,2,2,167.0,0.0,0.0,0.0,0.0,0.0,0.0,0.0,0.0,0.0,0.0,0.0,Leeds-United
Ao Tanaka,jp JPN,MF,27-007,2,2,146.0,0.0,0.0,0.0,0.0,0.0,0.0,0.0,0.1,0.06,0.1,0.07,Leeds-United
Joël Piroe,nl NED,FW,26-046,2,2,134.0,0.0,0.0,0.0,0.0,0.0,0.0,0.0,0.3,0.22,0.0,0.0,Leeds-United
Brenden Aaronson,us USA,FW,24-330,4,1,156.0,0.0,0.0,0.0,0.0,0.0,0.0,0.0,0.1,0.08,0.5,0.31,Leeds-United
Lukas Nmecha,de GER,FW,26-277,4,1,137.0,1.0,0.66,0.0,0.0,1.0,0.0,0.0,0.9,0.59,0.0,0.0,Leeds-United
Noah Okafor,ch SUI,FW,25-116,2,1,93.0,0.0,0.0,0.0,0.0,0.0,1.0,0.0,0.2,0.17,0.0,0.02,Leeds-United
Karl Darlow,wls WAL,GK,34-344,1,1,90.0,0.0,0.0,0.0,0.0,0.0,0.0,0.0,0.0,0.0,0.0,0.0,Leeds-United
Dominic Calvert-Lewin,eng ENG,FW,28-185,2,1,89.0,0.0,0.0,0.0,0.0,0.0,0.0,0.0,0.4,0.38,0.0,0.04,Leeds-United
Jack Harrison,eng ENG,FW,28-301,3,0,66.0,0.0,0.0,0.0,0.0,0.0,0.0,0.0,0.0,0.0,0.0,0.0,Leeds-United
James Justin,eng ENG,DF,27-206,1,0,11.0,0.0,0.0,0.0,0.0,0.0,0.0,0.0,0.0,0.0,0.0,0.0,Leeds-United
Sam Byram,eng ENG,DF,32-001,1,0,8.0,0.0,0.0,0.0,0.0,0.0,0.0,0.0,0.0,0.0,0.0,0.0,Leeds-United
Jaka Bijol,si SVN,"DF,MF",26-224,0,0,,,,,,,,,,,,,Leeds-United
Sebastiaan Bornauw,be BEL,DF,26-179,0,0,,,,,,,,,,,,,Leeds-United
Illan Meslier,fr FRA,GK,25-199,0,0,,,,,,,,,,,,,Leeds-United
Largie Ramazani,be BEL,"FW,MF",24-202,0,0,,,,,,,,,,,,,Leeds-United
Martin Dúbravka,sk SVK,GK,36-245,4,4,360.0,0.0,0.0,0.0,0.0,0.0,0.0,0.0,0.0,0.0,0.0,0.0,Burnley
Quilindschy Hartman,nl NED,DF,23-307,4,4,360.0,0.0,0.0,0.0,0.0,0.0,0.0,0.0,0.1,0.02,0.1,0.02,Burnley
Kyle Walker,eng ENG,DF,35-112,4,4,360.0,0.0,0.0,0.0,0.0,0.0,1.0,0.0,0.0,0.0,0.0,0.0,Burnley
Jaidon Anthony,eng ENG,"MF,FW",25-290,4,4,352.0,2.0,0.51,1.0,0.26,0.0,1.0,0.0,1.7,0.43,0.2,0.04,Burnley
Hjalmar Ekdal,se SWE,DF,26-331,4,4,352.0,0.0,0.0,0.0,0.0,0.0,0.0,0.0,0.0,0.01,0.0,0.01,Burnley
Maxime Estève,fr FRA,DF,23-114,4,4,352.0,0.0,0.0,0.0,0.0,0.0,0.0,0.0,0.0,0.01,0.0,0.0,Burnley
Lyle Foster,za RSA,FW,25-014,4,4,333.0,1.0,0.27,0.0,0.0,0.0,1.0,0.0,0.7,0.2,0.4,0.1,Burnley
Josh Cullen,ie IRL,MF,29-163,4,4,332.0,1.0,0.27,1.0,0.27,0.0,0.0,0.0,0.1,0.02,0.7,0.2,Burnley
Lesley Ugochukwu,fr FRA,MF,21-175,4,3,254.0,0.0,0.0,0.0,0.0,0.0,2.0,1.0,0.1,0.03,0.0,0.01,Burnley
Hannibal Mejbri,tn TUN,MF,22-239,4,3,236.0,0.0,0.0,0.0,0.0,0.0,0.0,0.0,0.2,0.06,0.2,0.07,Burnley
Josh Laurent,eng ENG,"MF,DF",30-134,4,2,189.0,0.0,0.0,0.0,0.0,0.0,1.0,0.0,0.1,0.05,0.2,0.08,Burnley
Jacob Bruun Larsen,dk DEN,"FW,MF",26-363,3,2,177.0,0.0,0.0,1.0,0.51,0.0,0.0,0.0,0.1,0.03,0.6,0.31,Burnley
Loum Tchaouna,fr FRA,MF,22-009,4,1,113.0,0.0,0.0,0.0,0.0,0.0,1.0,0.0,0.2,0.17,0.1,0.09,Burnley
Oliver Sonne,pe PER,"DF,FW",24-311,3,1,104.0,0.0,0.0,0.0,0.0,0.0,0.0,0.0,0.0,0.03,0.0,0.03,Burnley
Florentino Luís,pt POR,MF,26-029,1,0,28.0,0.0,0.0,0.0,0.0,0.0,0.0,0.0,0.0,0.0,0.0,0.0,Burnley
Zian Flemming,nl NED,FW,27-047,2,0,22.0,0.0,0.0,0.0,0.0,0.0,0.0,0.0,0.0,0.0,0.1,0.32,Burnley
Joe Worrall,eng ENG,DF,28-250,3,0,21.0,0.0,0.0,0.0,0.0,0.0,0.0,0.0,0.0,0.0,0.0,0.0,Burnley
Marcus Edwards,eng ENG,FW,26-288,1,0,6.0,0.0,0.0,0.0,0.0,0.0,0.0,0.0,0.0,0.0,0.0,0.0,Burnley
Armando Broja,al ALB,FW,24-007,1,0,2.0,0.0,0.0,0.0,0.0,0.0,0.0,0.0,0.0,0.0,0.0,0.0,Burnley
Bashir Humphreys,eng ENG,DF,22-186,0,0,,,,,,,,,,,,,Burnley
Lucas,br BRA,DF,24-177,0,0,,,,,,,,,,,,,Burnley
Aaron Ramsey,eng ENG,MF,22-239,0,0,,,,,,,,,,,,,Burnley
Max Weiß,de GER,GK,21-094,0,0,,,,,,,,,,,,,Burnley
Jarrod Bowen,eng ENG,FW,28-271,4,4,360.0,1.0,0.25,0.0,0.0,0.0,0.0,0.0,0.5,0.12,0.8,0.21,West-Ham-United
El Hadji Malick Diouf,sn SEN,DF,20-263,4,4,360.0,0.0,0.0,2.0,0.5,0.0,0.0,0.0,0.2,0.04,0.5,0.13,West-Ham-United
Mads Hermansen,dk DEN,GK,25-068,4,4,360.0,0.0,0.0,0.0,0.0,0.0,0.0,0.0,0.0,0.0,0.0,0.0,West-Ham-United
Max Kilman,eng ENG,DF,28-117,4,4,360.0,0.0,0.0,0.0,0.0,0.0,1.0,0.0,0.4,0.1,0.0,0.01,West-Ham-United
Lucas Paquetá,br BRA,"MF,FW",28-021,4,4,337.0,2.0,0.53,0.0,0.0,1.0,0.0,0.0,1.4,0.38,0.1,0.03,West-Ham-United
James Ward-Prowse,eng ENG,MF,30-320,4,4,323.0,0.0,0.0,0.0,0.0,0.0,0.0,0.0,0.1,0.03,0.7,0.2,West-Ham-United
Tomáš Souček,cz CZE,MF,30-202,4,3,232.0,0.0,0.0,0.0,0.0,0.0,0.0,1.0,0.2,0.07,0.0,0.0,West-Ham-United
Niclas Füllkrug,de GER,FW,32-220,3,3,198.0,0.0,0.0,0.0,0.0,0.0,0.0,0.0,0.3,0.13,0.2,0.08,West-Ham-United
Kyle Walker-Peters,eng ENG,DF,28-157,3,2,201.0,0.0,0.0,0.0,0.0,0.0,0.0,0.0,0.0,0.02,0.0,0.01,West-Ham-United
Nayef Aguerd,ma MAR,DF,29-171,2,2,180.0,0.0,0.0,0.0,0.0,0.0,0.0,0.0,0.1,0.05,0.0,0.0,West-Ham-United
Konstantinos Mavropanos,gr GRE,DF,27-280,2,2,180.0,0.0,0.0,0.0,0.0,0.0,0.0,0.0,0.1,0.03,0.0,0.0,West-Ham-United
Aaron Wan-Bissaka,cd COD,DF,27-295,2,2,180.0,0.0,0.0,0.0,0.0,0.0,0.0,0.0,0.0,0.0,0.1,0.06,West-Ham-United
Mateus Fernandes,pt POR,"FW,MF",21-069,2,2,141.0,0.0,0.0,0.0,0.0,0.0,0.0,0.0,0.0,0.0,0.5,0.34,West-Ham-United
Jean-Clair Todibo,fr FRA,DF,25-261,2,2,126.0,0.0,0.0,0.0,0.0,0.0,0.0,0.0,0.0,0.0,0.0,0.0,West-Ham-United
Guido Rodríguez,ar ARG,MF,31-158,1,1,70.0,0.0,0.0,0.0,0.0,0.0,0.0,0.0,0.0,0.03,0.0,0.0,West-Ham-United
Crysencio Summerville,nl NED,FW,23-322,2,1,69.0,0.0,0.0,1.0,1.3,0.0,0.0,0.0,0.0,0.0,0.1,0.09,West-Ham-United
Callum Wilson,eng ENG,FW,33-202,4,0,115.0,1.0,0.78,0.0,0.0,0.0,0.0,0.0,1.1,0.85,0.0,0.03,West-Ham-United
Freddie Potts,eng ENG,MF,22-005,1,0,45.0,0.0,0.0,0.0,0.0,0.0,0.0,0.0,0.0,0.0,0.0,0.0,West-Ham-United
Luis Guilherme,br BRA,FW,19-220,1,0,30.0,0.0,0.0,0.0,0.0,0.0,0.0,0.0,0.0,0.0,0.0,0.0,West-Ham-United
Soungoutou Magassa,fr FRA,MF,21-344,1,0,30.0,0.0,0.0,0.0,0.0,0.0,0.0,0.0,0.0,0.0,0.0,0.0,West-Ham-United
Andy Irving,sct SCO,MF,25-127,3,0,26.0,0.0,0.0,0.0,0.0,0.0,0.0,0.0,0.0,0.0,0.0,0.16,West-Ham-United
Edson Álvarez,mx MEX,"DF,MF",27-328,0,0,,,,,,,,,,,,,West-Ham-United
Alphonse Areola,fr FRA,GK,32-202,0,0,,,,,,,,,,,,,West-Ham-United
Łukasz Fabiański,pl POL,GK,40-152,0,0,,,,,,,,,,,,,West-Ham-United
Igor,br BRA,DF,27-222,0,0,,,,,,,,,,,,,West-Ham-United
Callum Marshall,nir NIR,FW,20-293,0,0,,,,,,,,,,,,,West-Ham-United
Oliver Scarles,eng ENG,MF,19-279,0,0,,,,,,,,,,,,,West-Ham-United
Tyrone Mings,eng ENG,DF,32-188,4,4,360.0,0.0,0.0,0.0,0.0,0.0,0.0,0.0,0.3,0.07,0.1,0.02,Aston-Villa
Morgan Rogers,eng ENG,"FW,MF",23-053,4,4,360.0,0.0,0.0,0.0,0.0,0.0,0.0,0.0,0.2,0.06,0.3,0.07,Aston-Villa
Ollie Watkins,eng ENG,FW,29-261,4,4,352.0,0.0,0.0,0.0,0.0,0.0,0.0,0.0,1.1,0.28,0.4,0.09,Aston-Villa
Matty Cash,pl POL,DF,28-041,4,4,343.0,0.0,0.0,0.0,0.0,0.0,2.0,0.0,0.0,0.0,0.4,0.11,Aston-Villa
John McGinn,sct SCO,"FW,MF",30-334,4,4,319.0,0.0,0.0,0.0,0.0,0.0,0.0,0.0,0.0,0.01,0.7,0.2,Aston-Villa
Youri Tielemans,be BEL,MF,28-133,4,4,315.0,0.0,0.0,0.0,0.0,0.0,0.0,0.0,0.1,0.04,0.2,0.05,Aston-Villa
Lucas Digne,fr FRA,DF,32-059,4,3,251.0,0.0,0.0,0.0,0.0,0.0,1.0,0.0,0.1,0.03,0.0,0.0,Aston-Villa
Ezri Konsa,eng ENG,DF,27-329,3,3,245.0,0.0,0.0,0.0,0.0,0.0,0.0,1.0,0.0,0.0,0.0,0.01,Aston-Villa
Marco Bizot,nl NED,GK,34-191,2,2,180.0,0.0,0.0,0.0,0.0,0.0,1.0,0.0,0.0,0.0,0.0,0.0,Aston-Villa
Emiliano Martínez,ar ARG,GK,33-015,2,2,180.0,0.0,0.0,0.0,0.0,0.0,0.0,0.0,0.0,0.0,0.0,0.0,Aston-Villa
Amadou Onana,be BEL,MF,24-032,2,2,153.0,0.0,0.0,0.0,0.0,0.0,1.0,0.0,0.2,0.13,0.0,0.0,Aston-Villa
Boubacar Kamara,fr FRA,"MF,DF",25-298,2,2,105.0,0.0,0.0,0.0,0.0,0.0,1.0,0.0,0.1,0.05,0.0,0.0,Aston-Villa
Emi Buendía,ar ARG,"MF,FW",28-266,3,1,174.0,0.0,0.0,0.0,0.0,0.0,1.0,0.0,0.3,0.16,0.3,0.16,Aston-Villa
Donyell Malen,nl NED,"FW,MF",26-251,4,1,124.0,0.0,0.0,0.0,0.0,0.0,0.0,0.0,0.2,0.15,0.0,0.0,Aston-Villa
Ian Maatsen,nl NED,DF,23-191,2,1,114.0,0.0,0.0,0.0,0.0,0.0,0.0,0.0,0.1,0.12,0.2,0.14,Aston-Villa
Pau Torres,es ESP,DF,28-244,2,1,107.0,0.0,0.0,0.0,0.0,0.0,0.0,0.0,0.1,0.06,0.0,0.0,Aston-Villa
Evann Guessand,ci CIV,"FW,MF",24-078,3,1,106.0,0.0,0.0,0.0,0.0,0.0,0.0,0.0,0.1,0.06,0.0,0.0,Aston-Villa
Lamare Bogarde,nl NED,MF,21-255,3,1,102.0,0.0,0.0,0.0,0.0,0.0,1.0,0.0,0.0,0.0,0.0,0.0,Aston-Villa
Harvey Elliott,eng ENG,"MF,FW",22-166,1,0,20.0,0.0,0.0,0.0,0.0,0.0,0.0,0.0,0.0,0.0,0.0,0.0,Aston-Villa
Bradley Paul Burrowes,eng ENG,DF,17-197,1,0,17.0,0.0,0.0,0.0,0.0,0.0,0.0,0.0,0.0,0.0,0.0,0.0,Aston-Villa
Victor Lindelöf,se SWE,MF,31-062,1,0,8.0,0.0,0.0,0.0,0.0,0.0,0.0,0.0,0.0,0.0,0.0,0.0,Aston-Villa
Samuel Iling-Junior,eng ENG,DF,21-348,0,0,,,,,,,,,,,,,Aston-Villa
Jamaldeen Jimoh,eng ENG,MF,18-350,0,0,,,,,,,,,,,,,Aston-Villa
Travis Patterson,eng ENG,DF,19-346,0,0,,,,,,,,,,,,,Aston-Villa
Sam Proctor,eng ENG,GK,18-270,0,0,,,,,,,,,,,,,Aston-Villa
Triston Rowe,eng ENG,DF,19-122,0,0,,,,,,,,,,,,,Aston-Villa
Jadon Sancho,eng ENG,"FW,MF",25-176,0,0,,,,,,,,,,,,,Aston-Villa
James Wright,eng ENG,GK,20-289,0,0,,,,,,,,,,,,,Aston-Villa
Emmanuel Agbadou,ci CIV,DF,28-092,4,4,360.0,0.0,0.0,0.0,0.0,0.0,0.0,0.0,0.2,0.06,0.0,0.01,Wolverhampton-Wanderers
João Gomes,br BRA,MF,24-217,4,4,360.0,0.0,0.0,0.0,0.0,0.0,2.0,0.0,0.0,0.0,0.1,0.04,Wolverhampton-Wanderers
Toti Gomes,pt POR,DF,26-244,4,4,318.0,0.0,0.0,0.0,0.0,0.0,1.0,1.0,0.0,0.01,0.0,0.01,Wolverhampton-Wanderers
Marshall Munetsi,zw ZIM,FW,29-087,4,3,295.0,0.0,0.0,1.0,0.31,0.0,1.0,0.0,0.1,0.04,0.4,0.13,Wolverhampton-Wanderers
José Sá,pt POR,GK,32-243,3,3,270.0,0.0,0.0,0.0,0.0,0.0,0.0,0.0,0.0,0.0,0.1,0.02,Wolverhampton-Wanderers
André,br BRA,MF,24-063,4,3,244.0,0.0,0.0,0.0,0.0,0.0,1.0,0.0,0.0,0.0,0.0,0.0,Wolverhampton-Wanderers
Hugo Bueno,es ESP,"MF,DF",22-364,4,2,229.0,0.0,0.0,0.0,0.0,0.0,1.0,0.0,0.1,0.02,0.3,0.12,Wolverhampton-Wanderers
Matt Doherty,ie IRL,DF,33-244,2,2,180.0,0.0,0.0,0.0,0.0,0.0,2.0,0.0,0.0,0.0,0.0,0.0,Wolverhampton-Wanderers
Hwang Hee-chan,kr KOR,FW,29-234,4,2,173.0,1.0,0.52,0.0,0.0,0.0,0.0,0.0,0.6,0.29,0.0,0.02,Wolverhampton-Wanderers
Jean-Ricner Bellegarde,ht HAI,"FW,MF",27-082,4,2,169.0,0.0,0.0,0.0,0.0,0.0,0.0,0.0,0.1,0.07,0.1,0.07,Wolverhampton-Wanderers
Jhon Arias,co COL,FW,27-361,4,2,161.0,0.0,0.0,0.0,0.0,0.0,0.0,0.0,0.2,0.12,0.1,0.03,Wolverhampton-Wanderers
Jørgen Strand Larsen,no NOR,FW,25-223,2,2,158.0,0.0,0.0,0.0,0.0,0.0,0.0,0.0,0.5,0.28,0.0,0.0,Wolverhampton-Wanderers
David Møller Wolfe,no NOR,MF,23-147,3,2,131.0,0.0,0.0,1.0,0.69,0.0,0.0,0.0,0.0,0.0,0.3,0.18,Wolverhampton-Wanderers
Ki-Jana Hoever,nl NED,MF,23-242,2,2,106.0,0.0,0.0,0.0,0.0,0.0,0.0,0.0,0.0,0.0,0.2,0.21,Wolverhampton-Wanderers
Jackson Tchatchoua,cm CMR,"MF,DF",24-003,3,1,133.0,0.0,0.0,0.0,0.0,0.0,0.0,0.0,0.0,0.0,0.0,0.01,Wolverhampton-Wanderers
Santiago Bueno,uy URU,DF,26-312,2,1,125.0,0.0,0.0,0.0,0.0,0.0,0.0,0.0,0.0,0.0,0.0,0.02,Wolverhampton-Wanderers
Rodrigo Gomes,pt POR,"DF,MF",22-072,3,1,121.0,1.0,0.74,0.0,0.0,0.0,0.0,0.0,0.6,0.47,0.0,0.0,Wolverhampton-Wanderers
Sam Johnstone,eng ENG,GK,32-176,1,1,90.0,0.0,0.0,0.0,0.0,0.0,0.0,0.0,0.0,0.0,0.0,0.0,Wolverhampton-Wanderers
Ladislav Krejčí,cz CZE,"MF,DF",26-150,1,1,90.0,0.0,0.0,0.0,0.0,0.0,1.0,0.0,0.0,0.0,0.1,0.06,Wolverhampton-Wanderers
Tolu Arokodare,ng NGA,FW,24-298,1,1,65.0,0.0,0.0,0.0,0.0,0.0,0.0,0.0,0.0,0.0,0.0,0.0,Wolverhampton-Wanderers
Yerson Mosquera,co COL,DF,24-138,1,1,65.0,0.0,0.0,0.0,0.0,0.0,0.0,0.0,0.0,0.0,0.0,0.0,Wolverhampton-Wanderers
Fer López,es ESP,"MF,FW",21-116,3,0,60.0,0.0,0.0,0.0,0.0,0.0,0.0,0.0,0.1,0.17,0.0,0.06,Wolverhampton-Wanderers
Sasa Kalajdzic,at AUT,FW,28-072,1,0,15.0,0.0,0.0,0.0,0.0,0.0,0.0,0.0,0.0,0.0,0.0,0.0,Wolverhampton-Wanderers
Daniel Bentley,eng ENG,GK,32-066,0,0,,,,,,,,,,,,,Wolverhampton-Wanderers
