Player,Nation,Pos,Age,MP,Starts,Min,Gls,Ast,PK,CrdY,CrdR,xAG,npxG+xAG
Alisson,br BRA,GK,32-349,4,4,360.0,0.0,0.0,0.0,0.0,0.0,0.0,0.0
Dominik Szoboszlai,hu HUN,"DF,MF",24-326,4,4,4.0,1.0,1.0,0.0,0.0,0.4,0.2
Virgil van Dijk,nl NED,DF,34-070,4,4,360.0,0.0,0.0,0.0,0.0,0.0,0.0,0.2
Cody Gakpo,nl NED,"FW,MF",26-132,4,4,4.0,1.0,1.0,0.0,0.0,0.5,1.4
Mohamed Salah,eg EGY,"FW,MF",33-093,4,4,4.0,2.0,1.0,1.0,0.0,0.3,0.5
Ibrahima Konaté,fr FRA,DF,26-114,4,4,344.0,0.0,0.0,0.0,1.0,0.0,0.2,0.7
Florian Wirtz,de GER,MF,22-136,4,4,334.0,0.0,0.0,0.0,0.0,0.0,0.6,1.1
Hugo Ekitike,fr FRA,FW,23-088,4,4,299.0,2.0,1.0,0.0,0.0,0.0,0.3,1.7
Milos Kerkez,hu HUN,DF,21-313,4,4,276.0,0.0,0.0,0.0,2.0,0.0,0.0,0.2
Ryan Gravenberch,nl NED,MF,23-123,3,3,270.0,1.0,0.0,0.0,2.0,0.0,0.3,0.4
Alexis Mac Allister,ar ARG,MF,26-266,3,3,176.0,0.0,1.0,0.0,0.0,0.0,0.7,0.8
Curtis Jones,eng ENG,MF,24-229,3,1,138.0,0.0,0.0,0.0,0.0,0.0,0.1,0.1
Jeremie Frimpong,nl NED,DF,24-280,2,1,63.0,0.0,0.0,0.0,0.0,0.0,0.0,0.1
Andrew Robertson,sct SCO,DF,31-189,2,0,84.0,0.0,0.0,0.0,0.0,0.0,0.3,0.4
Conor Bradley,nir NIR,DF,22-069,2,0,56.0,0.0,0.0,0.0,2.0,0.0,0.0,0.0
Federico Chiesa,it ITA,FW,27-326,4,0,51.0,1.0,0.0,0.0,0.0,0.0,0.0,0.4
Wataru Endo,jp JPN,"MF,DF",32-219,3,0,0.4,0.0,0.0,0.0,1.0,0.0,0.1
Joe Gomez,eng ENG,DF,28-116,2,0,31.0,0.0,0.0,0.0,0.0,0.0,0.0,0.0
Rio Ngumoha,eng ENG,"MF,FW",17-018,2,0,0.1,1.0,1.0,0.0,0.0,0.4,0.1
Harvey Elliott,eng ENG,"MF,FW",22-165,1,0,0.0,0.0,0.0,0.0,0.0,0.0,0.0
Giovanni Leoni,it ITA,DF,18-269,0,0,,,,,,,,
Giorgi Mamardashvili,ge GEO,GK,24-352,0,0,,,,,,,,
Trey Nyoni,eng ENG,MF,18-078,0,0,,,,,,,,
Squad Total,,,27.1,4,44,360.0,9.0,6.0,1.0,8.0,0.0,4.7,10.0
Opponent Total,,,27.0,4,44,360.0,4.0,3.0,0.0,8.0,2.0,2.5,5.8
Gabriel Magalhães,br BRA,DF,27-271,4,4,360.0,0.0,0.0,0.0,0.0,0.0,0.0,0.3
David Raya,es ESP,GK,30-001,4,4,360.0,0.0,0.0,0.0,1.0,0.0,0.1,0.1
Martín Zubimendi,es ESP,MF,26-226,4,4,360.0,2.0,0.0,0.0,1.0,0.0,0.0,0.2
Viktor Gyökeres,se SWE,FW,27-104,4,4,306.0,3.0,0.0,1.0,1.0,0.0,0.1,1.5
Riccardo Calafiori,it ITA,DF,23-120,4,4,291.0,1.0,2.0,0.0,2.0,0.0,0.5,1.9
Declan Rice,eng ENG,MF,26-245,4,3,285.0,0.0,1.0,0.0,0.0,0.0,0.5,0.7
Jurriën Timber,nl NED,DF,24-091,4,3,263.0,2.0,1.0,0.0,1.0,0.0,0.2,1.3
Noni Madueke,eng ENG,FW,23-190,4,3,259.0,0.0,0.0,0.0,0.0,0.0,0.8,1.0
William Saliba,fr FRA,DF,24-176,3,3,184.0,0.0,0.0,0.0,0.0,0.0,0.0,0.0
Martin Ødegaard,no NOR,MF,26-273,4,3,165.0,0.0,0.0,0.0,0.0,0.0,0.1,0.3
Mikel Merino,es ESP,"MF,FW",29-086,3,2,1.9,0.0,0.0,0.0,0.0,0.1,0.1
Bukayo Saka,eng ENG,FW,24-011,2,2,142.0,1.0,0.0,0.0,0.0,0.0,0.1,0.4
Gabriel Martinelli,br BRA,FW,24-090,3,2,141.0,0.0,0.0,0.0,0.0,0.0,0.0,0.1
Cristhian Mosquera,es ESP,DF,21-081,3,1,203.0,0.0,0.0,0.0,0.0,0.0,0.0,0.0
Eberechi Eze,eng ENG,FW,27-079,2,1,99.0,0.0,1.0,0.0,0.0,0.0,0.5,0.5
Ben White,eng ENG,DF,27-343,1,1,70.0,0.0,0.0,0.0,0.0,0.0,0.0,0.1
Ethan Nwaneri,eng ENG,MF,18-179,2,0,126.0,0.0,0.0,0.0,0.0,0.0,0.0,0.2
Myles Lewis-Skelly,eng ENG,DF,18-355,3,0,69.0,0.0,0.0,0.0,1.0,0.0,0.0,0.0
Leandro Trossard,be BEL,FW,30-286,2,0,50.0,0.0,1.0,0.0,0.0,0.0,0.1,0.2
Kai Havertz,de GER,FW,26-097,1,0,31.0,0.0,0.0,0.0,0.0,0.0,0.0,0.0
Max Dowman,eng ENG,FW,15-259,2,0,29.0,0.0,0.0,0.0,0.0,0.0,0.0,0.1
Andre Annous,eng ENG,FW,17-263,0,0,,,,,,,,
Kepa Arrizabalaga,es ESP,GK,30-348,0,0,,,,,,,,
Piero Hincapié,ec ECU,DF,23-250,0,0,,,,,,,,
Jakub Kiwior,pl POL,"DF,MF",25-213,0,0,,,,,,,
Squad Total,,,25.7,4,44,360.0,9.0,6.0,1.0,7.0,0.0,3.2,8.6
Opponent Total,,,26.4,4,44,360.0,1.0,0.0,0.0,6.0,0.0,1.9,4.2
Cristian Romero,ar ARG,DF,27-142,4,4,360.0,0.0,1.0,0.0,1.0,0.0,0.2,0.2
Guglielmo Vicario,it ITA,GK,28-344,4,4,360.0,0.0,0.0,0.0,0.0,0.0,0.0,0.0
Mohammed Kudus,gh GHA,"FW,MF",25-045,4,4,3.9,0.0,0.0,0.0,0.0,0.5,1.1
Micky van de Ven,nl NED,DF,24-150,4,4,349.0,1.0,0.0,0.0,1.0,0.0,0.1,0.7
Pape Matar Sarr,sn SEN,MF,23-002,4,4,345.0,1.0,1.0,0.0,0.0,0.0,0.4,0.8
Pedro Porro,es ESP,DF,26-003,4,4,340.0,0.0,0.0,0.0,1.0,0.0,0.6,0.7
Djed Spence,eng ENG,DF,25-038,4,4,340.0,0.0,0.0,0.0,2.0,0.0,0.0,0.2
Richarlison,br BRA,FW,28-129,4,3,257.0,2.0,1.0,0.0,1.0,0.0,0.7,1.6
João Palhinha,pt POR,MF,30-069,4,3,243.0,1.0,0.0,0.0,0.0,0.0,0.0,0.4
Brennan Johnson,wls WAL,FW,24-116,4,3,220.0,2.0,0.0,0.0,1.0,0.0,0.2,1.1
Rodrigo Bentancur,uy URU,MF,28-083,3,2,200.0,0.0,0.0,0.0,0.0,0.0,0.0,0.0
Lucas Bergvall,se SWE,MF,19-226,4,2,200.0,1.0,1.0,0.0,0.0,0.0,0.3,0.5
Mathys Tel,fr FRA,FW,20-142,3,1,99.0,0.0,0.0,0.0,0.0,0.0,0.0,0.1
Archie Gray,eng ENG,MF,19-188,1,1,70.0,0.0,0.0,0.0,0.0,0.0,0.0,0.0
Xavi Simons,nl NED,FW,22-148,1,1,70.0,0.0,1.0,0.0,0.0,0.0,0.1,0.2
Wilson Odobert,fr FRA,"FW,MF",20-292,4,0,0.8,0.0,0.0,0.0,0.0,0.3,0.1
Destiny Udogie,it ITA,DF,22-292,2,0,40.0,0.0,0.0,0.0,0.0,0.0,0.0,0.1
Dominic Solanke,eng ENG,FW,28-002,2,0,33.0,0.0,0.0,0.0,0.0,0.0,0.0,0.2
Kevin Danso,at AUT,DF,26-362,2,0,12.0,0.0,0.0,0.0,0.0,0.0,0.0,0.0
Ben Davies,wls WAL,"DF,MF",32-145,0,0,,,,,,,
Antonín Kinský,cz CZE,GK,22-187,0,0,,,,,,,,
Randal Kolo Muani,fr FRA,"FW,MF",26-285,0,0,,,,,,,
Manor Solomon,il ISR,"FW,MF",26-054,0,0,,,,,,,
Luka Vušković,hr CRO,DF,18-204,0,0,,,,,,,,
Squad Total,,,25.5,4,44,360.0,8.0,7.0,0.0,7.0,0.0,3.8,8.6
Opponent Total,,,26.4,4,44,360.0,1.0,1.0,0.0,5.0,1.0,4.0,8.6
Đorđe Petrović,rs SRB,GK,25-343,4,4,360.0,0.0,0.0,0.0,1.0,0.0,0.0,0.0
Antoine Semenyo,gh GHA,"FW,MF",25-252,4,4,4.0,3.0,2.0,1.0,1.0,1.9,0.4
Marcos Senesi,ar ARG,DF,28-129,4,4,360.0,0.0,1.0,0.0,1.0,0.0,0.2,0.3
Adrien Truffert,fr FRA,DF,23-300,4,4,360.0,0.0,0.0,0.0,0.0,0.0,0.5,0.6
Tyler Adams,us USA,MF,26-214,4,4,356.0,0.0,0.0,0.0,3.0,0.0,0.0,0.1
Evanilson,br BRA,FW,25-345,4,4,346.0,1.0,0.0,0.0,1.0,0.0,0.5,1.4
Marcus Tavernier,eng ENG,MF,26-178,4,4,332.0,1.0,0.0,0.0,0.0,0.0,0.3,1.1
David Brooks,wls WAL,"MF,FW",28-070,4,4,3.1,0.0,0.0,0.0,2.0,0.8,1.4
Alex Scott,eng ENG,MF,22-026,4,4,266.0,1.0,0.0,0.0,1.0,0.0,0.3,0.4
Bafodé Diakité,fr FRA,DF,24-253,3,3,270.0,0.0,0.0,0.0,0.0,0.0,0.0,0.0
Adam Smith,eng ENG,DF,34-140,3,3,204.0,0.0,0.0,0.0,0.0,0.0,0.3,0.3
James Hill,eng ENG,DF,23-249,4,1,155.0,0.0,0.0,0.0,1.0,0.0,0.0,0.1
Veljko Milosavljević,rs SRB,DF,18-080,1,1,90.0,0.0,0.0,0.0,0.0,0.0,0.1,0.1
Amine Adli,ma MAR,"MF,FW",25-129,3,0,0.8,0.0,0.0,0.0,0.0,0.0,0.1
Ryan Christie,sct SCO,MF,30-206,2,0,53.0,0.0,0.0,0.0,0.0,0.0,0.0,0.1
Justin Kluivert,nl NED,"MF,FW",26-134,3,0,0.5,0.0,0.0,0.0,0.0,0.2,0.2
Hamed Junior Traorè,ci CIV,MF,25-212,1,0,17.0,0.0,1.0,0.0,0.0,0.0,0.2,0.2
Eli Junior Kroupi,fr FRA,"FW,MF",19-085,3,0,0.2,0.0,0.0,0.0,0.0,0.0,0.0
Ben Winterburn,eng ENG,MF,21-012,1,0,7.0,0.0,0.0,0.0,0.0,0.0,0.0,0.0
Lewis Cook,eng ENG,MF,28-225,1,0,5.0,0.0,0.0,0.0,0.0,0.0,0.0,0.0
Álex Jiménez,es ESP,DF,20-131,1,0,4.0,0.0,0.0,0.0,1.0,0.0,0.0,0.0
Julio Soler,ar ARG,FW,20-212,1,0,1.0,0.0,0.0,0.0,0.0,0.0,0.0,0.0
Julian Araujo,mx MEX,DF,24-034,0,0,,,,,,,,
Philip Billing,dk DEN,MF,29-097,0,0,,,,,,,,
Will Dennis,eng ENG,GK,25-068,0,0,,,,,,,,
Ben Doak,sct SCO,"FW,MF",19-309,0,0,,,,,,,
Romain Faivre,fr FRA,"FW,MF",27-064,0,0,,,,,,,
Remy Rees-Dottin,eng ENG,FW,19-194,0,0,,,,,,,,
Squad Total,,,26.1,4,44,360.0,6.0,5.0,1.0,12.0,0.0,4.5,9.6
Opponent Total,,,27.1,4,44,360.0,5.0,4.0,0.0,11.0,1.0,2.9,6.4
Moisés Caicedo,ec ECU,MF,23-318,4,4,360.0,2.0,0.0,0.0,1.0,0.0,0.0,0.4
Robert Sánchez,es ESP,GK,27-302,4,4,360.0,0.0,0.0,0.0,0.0,0.0,0.0,0.0
Pedro Neto,pt POR,FW,25-191,4,4,350.0,1.0,0.0,0.0,0.0,0.0,0.9,1.4
Enzo Fernández,ar ARG,MF,24-242,4,4,348.0,2.0,1.0,1.0,0.0,0.0,0.7,1.9
Trevoh Chalobah,eng ENG,DF,26-073,4,4,338.0,1.0,0.0,0.0,0.0,0.0,0.0,0.6
João Pedro,br BRA,"FW,MF",23-355,4,4,3.7,2.0,2.0,0.0,0.0,1.5,1.2
Marc Cucurella,es ESP,DF,27-056,4,3,293.0,0.0,1.0,0.0,0.0,0.0,0.8,1.0
Tosin Adarabioyo,eng ENG,DF,27-357,3,3,270.0,0.0,0.0,0.0,0.0,0.0,0.0,0.0
Estêvão Willian,br BRA,FW,18-145,3,2,180.0,0.0,1.0,0.0,1.0,0.0,0.9,1.9
Malo Gusto,fr FRA,DF,22-120,3,2,170.0,0.0,0.0,0.0,0.0,0.0,0.0,0.0
Jamie Gittens,eng ENG,FW,21-039,4,2,145.0,0.0,0.0,0.0,0.0,0.0,0.1,0.2
Liam Delap,eng ENG,FW,22-220,3,2,92.0,0.0,0.0,0.0,0.0,0.0,0.0,0.2
Reece James,eng ENG,DF,25-282,4,1,155.0,0.0,0.0,0.0,1.0,0.0,0.5,0.6
Cole Palmer,eng ENG,MF,23-133,2,1,125.0,1.0,0.0,0.0,0.0,0.0,0.0,0.8
Joshua Acheampong,eng ENG,DF,19-134,1,1,90.0,0.0,0.0,0.0,0.0,0.0,0.0,0.1
Wesley Fofana,fr FRA,DF,24-273,2,1,67.0,0.0,0.0,0.0,0.0,0.0,0.0,0.0
Jorrel Hato,nl NED,DF,19-193,2,1,67.0,0.0,0.0,0.0,2.0,0.0,0.0,0.0
Facundo Buonanotte,ar ARG,MF,20-267,1,1,45.0,0.0,0.0,0.0,0.0,0.0,0.3,0.3
Tyrique George,eng ENG,FW,19-224,2,0,112.0,0.0,0.0,0.0,1.0,0.0,0.0,0.2
Andrey Santos,br BRA,MF,21-136,3,0,51.0,0.0,0.0,0.0,1.0,0.0,0.1,0.4
Alejandro Garnacho,ar ARG,FW,21-077,1,0,12.0,0.0,0.0,0.0,0.0,0.0,0.1,0.1
Dario Essugo,pt POR,MF,20-186,0,0,,,,,,,,
Filip Jørgensen,dk DEN,GK,23-153,0,0,,,,,,,,
Gaga Slonina,us USA,GK,21-124,0,0,,,,,,,,
Squad Total,,,24.4,4,44,360.0,9.0,6.0,1.0,7.0,0.0,5.6,12.5
Opponent Total,,,27.2,4,44,360.0,3.0,3.0,0.0,8.0,0.0,3.2,6.9
Kiernan Dewsbury-Hall,eng ENG,MF,27-010,4,4,360.0,1.0,1.0,0.0,3.0,0.0,1.6,1.7
James Garner,eng ENG,"DF,MF",24-187,4,4,4.0,1.0,1.0,0.0,1.0,0.2,0.7
Michael Keane,eng ENG,DF,32-248,4,4,360.0,0.0,0.0,0.0,0.0,0.0,0.1,0.7
Jake O'Brien,ie IRL,DF,24-124,4,4,360.0,0.0,0.0,0.0,0.0,0.0,0.0,0.4
Jordan Pickford,eng ENG,GK,31-193,4,4,360.0,0.0,0.0,0.0,0.0,0.0,0.0,0.0
James Tarkowski,eng ENG,DF,32-301,4,4,360.0,0.0,0.0,0.0,0.0,0.0,0.1,0.5
Idrissa Gana Gueye,sn SEN,MF,35-355,4,4,345.0,0.0,0.0,0.0,0.0,0.0,0.1,0.6
Iliman Ndiaye,sn SEN,FW,25-194,4,4,332.0,2.0,0.0,0.0,0.0,0.0,0.5,1.8
Jack Grealish,eng ENG,FW,30-006,4,3,286.0,0.0,4.0,0.0,1.0,0.0,2.0,2.4
Beto,gw GNB,FW,27-228,4,3,266.0,1.0,0.0,0.0,1.0,0.0,0.2,2.0
Tim Iroegbunam,eng ENG,MF,22-078,4,3,220.0,0.0,0.0,0.0,3.0,0.0,0.0,0.2
Carlos Alcaraz,ar ARG,"FW,MF",22-290,3,1,1.3,0.0,0.0,0.0,1.0,0.0,0.0
Thierno Barry,fr FRA,"FW,MF",22-330,4,1,1.1,0.0,0.0,0.0,0.0,0.5,0.0
Vitaliy Mykolenko,ua UKR,DF,26-110,1,1,90.0,0.0,0.0,0.0,0.0,0.0,0.0,0.0
Merlin Röhl,de GER,MF,23-073,1,0,25.0,0.0,0.0,0.0,0.0,0.0,0.1,0.1
Dwight McNeil,eng ENG,FW,25-298,1,0,20.0,0.0,0.0,0.0,0.0,0.0,0.1,0.4
Harrison Armstrong,eng ENG,FW,18-240,1,0,1.0,0.0,0.0,0.0,0.0,0.0,0.0,0.0
Séamus Coleman,ie IRL,FW,36-340,1,0,1.0,0.0,0.0,0.0,0.0,0.0,0.0,0.0
Adam Aznou,ma MAR,DF,19-106,0,0,,,,,,,,
Elijah Campbell,eng ENG,DF,21-045,0,0,,,,,,,,
Youssef Chermiti,pt POR,FW,21-115,0,0,,,,,,,,
Tyler Dibling,eng ENG,MF,19-188,0,0,,,,,,,,
Tyler Onyango,eng ENG,MF,22-196,0,0,,,,,,,,
Nathan Patterson,sct SCO,DF,23-335,0,0,,,,,,,,
Mark Travers,ie IRL,GK,26-121,0,0,,,,,,,,
Harry Tyrer,eng ENG,GK,23-284,0,0,,,,,,,,
Squad Total,,,28.4,4,44,360.0,5.0,5.0,0.0,10.0,0.0,5.4,11.6
Opponent Total,,,26.9,4,44,360.0,3.0,2.0,1.0,6.0,0.0,3.4,7.9
Trai Hume,nir NIR,DF,23-182,4,4,360.0,0.0,0.0,0.0,0.0,0.0,0.2,0.2
Reinildo Mandava,mz MOZ,DF,31-238,4,4,360.0,0.0,0.0,0.0,1.0,0.0,0.0,0.0
Robin Roefs,nl NED,GK,22-242,4,4,360.0,0.0,0.0,0.0,1.0,0.0,0.0,0.0
Granit Xhaka,ch SUI,MF,32-354,4,4,360.0,0.0,1.0,0.0,1.0,0.0,0.3,0.3
Noah Sadiki,cd COD,MF,20-273,4,4,353.0,0.0,0.0,0.0,0.0,0.0,0.1,0.2
Habib Diarra,sn SEN,MF,21-256,4,4,345.0,0.0,0.0,0.0,1.0,0.0,0.0,0.6
Chemsdine Talbi,ma MAR,FW,20-130,4,4,305.0,0.0,1.0,0.0,0.0,0.0,0.1,0.6
Omar Alderete,py PAR,DF,28-264,4,3,308.0,0.0,1.0,0.0,0.0,0.0,0.0,0.1
Simon Adingra,ci CIV,FW,23-258,4,3,231.0,0.0,0.0,0.0,1.0,0.0,0.5,0.6
Eliezer Mayenda,es ESP,FW,20-131,3,3,201.0,1.0,0.0,0.0,0.0,0.0,0.3,0.7
Nordi Mukiele,fr FRA,DF,27-319,2,2,180.0,0.0,0.0,0.0,0.0,0.0,0.1,0.1
Daniel Ballard,nir NIR,DF,25-359,2,2,98.0,1.0,0.0,0.0,0.0,0.0,0.3,0.5
Wilson Isidor,fr FRA,FW,25-020,4,1,158.0,2.0,0.0,0.0,0.0,0.0,0.0,0.4
Jenson Seelt,nl NED,DF,22-116,2,1,134.0,0.0,0.0,0.0,0.0,0.0,0.0,0.0
Enzo Le Fée,fr FRA,"FW,MF",25-225,3,1,1.5,1.0,0.0,1.0,0.0,0.0,0.2
Patrick Roberts,eng ENG,"MF,FW",28-223,1,0,0.3,0.0,0.0,0.0,0.0,0.0,0.0
Brian Brobbey,nl NED,FW,23-227,1,0,22.0,0.0,0.0,0.0,0.0,0.0,0.0,0.0
Marc Guiu,es ESP,FW,19-255,2,0,15.0,0.0,0.0,0.0,0.0,0.0,0.0,0.0
Lutsharel Geertruida,nl NED,MF,25-060,1,0,7.0,0.0,0.0,0.0,0.0,0.0,0.0,0.0
Chris Rigg,eng ENG,FW,18-090,2,0,2.0,0.0,0.0,0.0,0.0,0.0,0.0,0.0
Harrison Jones,eng ENG,MF,20-265,0,0,,,,,,,,
Arthur Masuaku,cd COD,"DF,MF",31-313,0,0,,,,,,,
Dan Neil,eng ENG,MF,23-277,0,0,,,,,,,,
Anthony Patterson,eng ENG,GK,25-129,0,0,,,,,,,,
Bertrand Traoré,bf BFA,"FW,MF",30-010,0,0,,,,,,,
Squad Total,,,25.0,4,44,360.0,5.0,3.0,1.0,5.0,0.0,2.1,4.7
Opponent Total,,,26.9,4,44,360.0,3.0,3.0,0.0,4.0,0.0,2.8,6.5
Tijjani Reijnders,nl NED,MF,27-049,4,4,360.0,1.0,1.0,0.0,1.0,0.0,0.3,1.0
Erling Haaland,no NOR,FW,25-057,4,4,338.0,5.0,0.0,0.0,0.0,0.0,0.9,6.6
Rúben Dias,pt POR,DF,28-125,4,3,276.0,0.0,0.0,0.0,0.0,0.0,0.0,0.0
James Trafford,eng ENG,GK,22-341,3,3,270.0,0.0,0.0,0.0,0.0,0.0,0.0,0.0
John Stones,eng ENG,DF,31-111,3,3,261.0,0.0,0.0,0.0,0.0,0.0,0.0,0.0
Bernardo Silva,pt POR,MF,31-037,4,3,260.0,0.0,1.0,0.0,0.0,0.0,1.6,1.7
Oscar Bobb,no NOR,"FW,MF",22-066,4,3,2.9,0.0,0.0,0.0,0.0,0.3,0.4
Rayan Aït-Nouri,dz ALG,DF,24-102,3,3,202.0,0.0,0.0,0.0,1.0,0.0,0.2,0.2
Jeremy Doku,be BEL,"MF,FW",23-112,4,2,2.2,0.0,0.0,0.0,0.0,0.0,1.7
Abdukodir Khusanov,uz UZB,DF,21-199,3,2,183.0,0.0,0.0,0.0,1.0,0.0,0.0,0.0
Rodri,es ESP,MF,29-086,3,2,181.0,0.0,0.0,0.0,0.0,0.0,0.1,0.2
Nicolás González,es ESP,MF,23-256,3,2,179.0,0.0,0.0,0.0,1.0,0.0,0.0,0.1
Rico Lewis,eng ENG,DF,20-299,3,2,161.0,0.0,1.0,0.0,0.0,0.0,1.0,1.0
Omar Marmoush,eg EGY,"FW,MF",26-221,3,2,1.7,0.0,0.0,0.0,0.0,0.8,1.0
Nico O’Reilly,eng ENG,"DF,MF",20-179,3,1,1.5,0.0,0.0,0.0,1.0,0.1,0.0
Matheus Nunes,pt POR,DF,27-020,2,1,109.0,0.0,0.0,0.0,0.0,0.0,0.0,0.0
Phil Foden,eng ENG,MF,25-111,2,1,106.0,1.0,0.0,0.0,0.0,0.0,0.1,0.5
Gianluigi Donnarumma,it ITA,GK,26-203,1,1,90.0,0.0,0.0,0.0,0.0,0.0,0.0,0.0
Joško Gvardiol,hr CRO,DF,23-236,1,1,90.0,0.0,0.0,0.0,0.0,0.0,0.0,0.0
Rayan Cherki,fr FRA,"MF,FW",22-030,2,1,0.8,1.0,1.0,0.0,0.0,0.1,0.5
Nathan Aké,nl NED,DF,30-210,2,0,71.0,0.0,0.0,0.0,0.0,0.0,0.0,0.1
Sávio,br BRA,MF,21-159,1,0,14.0,0.0,0.0,0.0,0.0,0.0,0.0,0.0
Manuel Akanji,ch SUI,"DF,MF",30-059,0,0,,,,,,,
Ederson,br BRA,GK,32-030,0,0,,,,,,,,
İlkay Gündoğan,de GER,MF,34-327,0,0,,,,,,,,
Stephen Mfuni,eng ENG,DF,17-216,0,0,,,,,,,,
Divine Mukasa,eng ENG,MF,18-025,0,0,,,,,,,,
Stefan Ortega,de GER,GK,32-314,0,0,,,,,,,,
Squad Total,,,25.6,4,44,360.0,8.0,7.0,0.0,5.0,0.0,7.6,16.1
Opponent Total,,,26.4,4,44,360.0,4.0,2.0,1.0,7.0,0.0,3.3,7.7
Marc Guéhi,eng ENG,DF,25-065,4,4,360.0,1.0,0.0,0.0,0.0,0.0,0.0,0.2
Dean Henderson,eng ENG,GK,28-188,4,4,360.0,0.0,0.0,0.0,0.0,0.0,0.0,0.0
Maxence Lacroix,fr FRA,DF,25-163,4,4,360.0,0.0,1.0,0.0,1.0,0.0,0.5,0.6
Tyrick Mitchell,eng ENG,"DF,MF",26-015,4,4,4.0,0.0,0.0,0.0,1.0,0.0,0.2
Daniel Muñoz,co COL,"DF,MF",29-113,4,4,4.0,0.0,0.0,0.0,2.0,0.2,1.5
Chris Richards,us USA,DF,25-172,4,4,360.0,0.0,0.0,0.0,0.0,0.0,0.0,0.3
Jean-Philippe Mateta,fr FRA,FW,28-080,4,4,351.0,1.0,0.0,1.0,2.0,0.0,0.0,1.0
Will Hughes,eng ENG,MF,30-152,4,4,319.0,0.0,0.0,0.0,3.0,0.0,0.5,0.6
Ismaila Sarr,sn SEN,"MF,FW",27-203,3,3,3.0,2.0,2.0,0.0,1.0,2.0,0.0
Adam Wharton,eng ENG,MF,21-222,3,3,226.0,0.0,0.0,0.0,0.0,0.0,0.4,0.4
Daichi Kamada,jp JPN,MF,29-042,2,2,175.0,0.0,0.0,0.0,0.0,0.0,0.6,0.7
Jefferson Lerma,co COL,MF,30-326,4,1,133.0,0.0,0.0,0.0,0.0,0.0,0.0,0.4
Yeremi Pino,es ESP,MF,22-331,2,1,103.0,0.0,0.0,0.0,0.0,0.0,0.4,1.1
Justin Devenny,nir NIR,"FW,MF",21-340,4,1,1.1,0.0,0.0,0.0,0.0,0.0,0.1
Eberechi Eze,eng ENG,MF,27-079,1,1,83.0,0.0,0.0,0.0,0.0,0.0,0.0,0.2
Romain Esse,eng ENG,FW,20-126,1,0,25.0,0.0,0.0,0.0,0.0,0.0,0.0,0.0
Christantus Uche,ng NGA,MF,22-120,1,0,7.0,0.0,0.0,0.0,0.0,0.0,0.0,0.0
Nathaniel Clyne,eng ENG,DF,34-164,1,0,5.0,0.0,0.0,0.0,0.0,0.0,0.0,0.0
Odsonne Édouard,fr FRA,FW,27-243,1,0,3.0,0.0,0.0,0.0,0.0,0.0,0.0,0.0
Walter Benítez,ar ARG,GK,32-240,0,0,,,,,,,,
Jaydee Canvot,fr FRA,MF,19-049,0,0,,,,,,,,
Rio Cardines,tt TRI,MF,19-077,0,0,,,,,,,,
Remi Matthews,eng ENG,GK,31-218,0,0,,,,,,,,
Jesurun Rak Sakyi,eng ENG,"FW,MF",22-346,0,0,,,,,,,
Kaden Rodney,eng ENG,"DF,MF",20-344,0,0,,,,,,,
Borna Sosa,hr CRO,"DF,MF",27-238,0,0,,,,,,,
Squad Total,,,26.9,4,44,360.0,4.0,2.0,1.0,10.0,0.0,4.2,9.6
Opponent Total,,,26.2,4,44,360.0,1.0,1.0,0.0,8.0,0.0,2.9,6.9
Dan Burn,eng ENG,DF,33-130,4,4,360.0,0.0,0.0,0.0,1.0,0.0,0.0,0.1
Bruno Guimarães,br BRA,MF,27-304,4,4,360.0,1.0,0.0,0.0,2.0,0.0,0.1,0.3
Valentino Livramento,eng ENG,DF,22-308,4,4,360.0,0.0,1.0,0.0,0.0,0.0,0.2,0.2
Nick Pope,eng ENG,GK,33-150,4,4,360.0,0.0,0.0,0.0,1.0,0.0,0.0,0.0
Fabian Schär,ch SUI,DF,33-270,4,4,350.0,0.0,0.0,0.0,0.0,0.0,0.1,0.2
Sandro Tonali,it ITA,MF,25-131,4,4,335.0,0.0,0.0,0.0,0.0,0.0,0.6,0.8
Kieran Trippier,eng ENG,DF,34-362,4,4,315.0,0.0,0.0,0.0,0.0,0.0,0.3,0.3
Harvey Barnes,eng ENG,FW,27-281,4,3,266.0,0.0,0.0,0.0,0.0,0.0,0.7,1.0
Joelinton,br BRA,MF,29-033,3,3,221.0,0.0,0.0,0.0,1.0,0.0,0.7,0.7
Anthony Elanga,se SWE,FW,23-142,4,2,207.0,0.0,0.0,0.0,0.0,0.0,0.3,0.9
Jacob Murphy,eng ENG,FW,30-204,3,2,163.0,0.0,1.0,0.0,0.0,0.0,0.2,1.1
Anthony Gordon,eng ENG,FW,24-204,2,2,134.0,0.0,0.0,0.0,0.0,1.0,0.1,1.2
William Osula,dk DEN,FW,22-043,4,1,132.0,1.0,0.0,0.0,0.0,0.0,0.1,0.5
Sven Botman,nl NED,DF,25-247,2,1,68.0,0.0,0.0,0.0,0.0,0.0,0.0,0.0
Nick Woltemade,de GER,FW,23-214,1,1,64.0,1.0,0.0,0.0,0.0,0.0,0.0,0.3
Jacob Ramsey,eng ENG,MF,24-111,2,1,60.0,0.0,0.0,0.0,0.0,0.0,0.3,0.3
Lewis Miley,eng ENG,MF,19-138,3,0,78.0,0.0,0.0,0.0,0.0,0.0,0.0,0.1
Lewis Hall,eng ENG,DF,21-008,2,0,45.0,0.0,0.0,0.0,0.0,0.0,0.0,0.0
Joe Willock,eng ENG,MF,26-027,1,0,26.0,0.0,0.0,0.0,0.0,0.0,0.0,0.1
Malick Thiaw,de GER,DF,24-039,1,0,10.0,0.0,0.0,0.0,0.0,0.0,0.0,0.0
Emil Krafth,se SWE,DF,31-045,0,0,,,,,,,,
Jamaal Lascelles,eng ENG,DF,31-309,0,0,,,,,,,,
Aaron Ramsdale,eng ENG,GK,27-125,0,0,,,,,,,,
Park Seungsoo,kr KOR,MF,18-183,0,0,,,,,,,,
Squad Total,,,28.5,4,44,360.0,3.0,2.0,0.0,5.0,1.0,3.7,8.1
Opponent Total,,,27.1,4,44,360.0,3.0,3.0,0.0,9.0,1.0,1.8,3.9
Joachim Andersen,dk DEN,DF,29-108,4,4,360.0,0.0,0.0,0.0,0.0,0.0,0.7,0.9
Calvin Bassey,ng NGA,DF,25-259,4,4,360.0,0.0,0.0,0.0,1.0,0.0,0.0,0.2
Bernd Leno,de GER,GK,33-196,4,4,360.0,0.0,0.0,0.0,0.0,0.0,0.0,0.0
Saša Lukić,rs SRB,MF,29-034,4,4,360.0,0.0,0.0,0.0,2.0,0.0,0.6,1.1
Kenny Tete,nl NED,DF,29-342,4,4,360.0,0.0,0.0,0.0,0.0,0.0,0.1,0.2
Sander Berge,no NOR,MF,27-214,4,4,328.0,0.0,0.0,0.0,1.0,0.0,0.2,0.7
Alex Iwobi,ng NGA,FW,29-136,4,4,313.0,0.0,1.0,0.0,1.0,0.0,1.0,1.2
Joshua King,eng ENG,MF,18-256,4,4,271.0,0.0,0.0,0.0,0.0,0.0,0.1,0.5
Rodrigo Muniz,br BRA,FW,24-135,4,3,237.0,1.0,0.0,0.0,1.0,0.0,0.1,0.9
Ryan Sessegnon,eng ENG,DF,25-121,3,3,217.0,0.0,0.0,0.0,0.0,0.0,0.7,0.7
Harry Wilson,wls WAL,FW,28-178,4,2,209.0,0.0,0.0,0.0,0.0,0.0,0.0,0.2
Timothy Castagne,be BEL,"FW,DF",29-285,3,2,1.4,0.0,0.0,0.0,0.0,0.4,0.1
Raúl Jiménez,mx MEX,FW,34-134,4,1,123.0,0.0,0.0,0.0,0.0,0.0,0.0,0.4
Jorge Cuenca,es ESP,DF,25-303,1,1,83.0,0.0,0.0,0.0,0.0,0.0,0.0,0.0
Emile Smith Rowe,eng ENG,"MF,FW",25-050,4,0,1.0,1.0,1.0,0.0,0.0,0.8,0.0
Adama Traoré,es ESP,FW,29-234,3,0,63.0,0.0,0.0,0.0,0.0,0.0,0.1,0.1
Antonee Robinson,us USA,DF,28-039,2,0,53.0,0.0,0.0,0.0,0.0,0.0,0.0,0.0
Tom Cairney,sct SCO,MF,34-239,2,0,32.0,0.0,0.0,0.0,1.0,0.0,0.0,0.0
Kevin,br BRA,FW,22-255,1,0,15.0,0.0,0.0,0.0,0.0,0.0,0.0,0.1
Issa Diop,fr FRA,DF,28-250,0,0,,,,,,,,
Benjamin Lecomte,fr FRA,GK,34-143,0,0,,,,,,,,
Andreas Pereira,br BRA,MF,29-258,0,0,,,,,,,,
Harrison Reed,eng ENG,MF,30-232,0,0,,,,,,,,
Squad Total,,,28.0,4,44,360.0,2.0,1.0,0.0,7.0,0.0,3.7,8.1
Opponent Total,,,25.8,4,44,360.0,3.0,1.0,2.0,8.0,0.0,3.2,6.8
Nathan Collins,ie IRL,DF,24-139,4,4,360.0,0.0,0.0,0.0,1.0,0.0,0.1,0.1
Sepp van den Berg,nl NED,DF,23-270,4,4,360.0,0.0,0.0,0.0,0.0,0.0,0.0,0.2
Caoimhín Kelleher,ie IRL,GK,26-297,4,4,360.0,0.0,0.0,0.0,1.0,0.0,0.0,0.0
Yehor Yarmoliuk,ua UKR,MF,21-199,4,4,348.0,0.0,0.0,0.0,1.0,0.0,0.1,0.2
Michael Kayode,it ITA,DF,21-068,4,4,346.0,0.0,0.0,0.0,0.0,0.0,0.2,0.2
Thiago,br BRA,FW,24-082,4,4,341.0,2.0,0.0,1.0,2.0,0.0,1.1,1.5
Keane Lewis-Potter,eng ENG,"DF,FW",24-206,4,4,3.5,0.0,0.0,0.0,0.0,0.1,0.0
Kevin Schade,de GER,FW,23-293,4,3,302.0,1.0,0.0,0.0,0.0,0.0,0.1,0.9
Jordan Henderson,eng ENG,MF,35-091,4,3,250.0,0.0,1.0,0.0,0.0,0.0,0.2,0.2
Dango Ouattara,bf BFA,FW,23-217,3,2,191.0,1.0,0.0,0.0,0.0,0.0,0.0,0.9
Mikkel Damsgaard,dk DEN,MF,25-075,2,2,180.0,0.0,0.0,0.0,0.0,0.0,0.4,0.5
Mathias Jensen,dk DEN,MF,29-258,3,2,152.0,0.0,0.0,0.0,0.0,0.0,0.2,0.3
Rico Henry,eng ENG,DF,28-070,4,1,132.0,0.0,0.0,0.0,1.0,0.0,0.1,0.3
Fabio Carvalho,pt POR,"FW,MF",23-017,3,1,1.0,1.0,1.0,0.0,0.0,0.7,0.0
Ethan Pinnock,jm JAM,DF,32-110,1,1,82.0,0.0,0.0,0.0,1.0,0.0,0.0,0.0
Antoni Milambo,nl NED,MF,20-166,1,1,45.0,0.0,0.0,0.0,0.0,0.0,0.0,0.0
Frank Onyeka,ng NGA,MF,27-258,3,0,64.0,0.0,1.0,0.0,0.0,0.0,0.1,0.1
Aaron Hickey,sct SCO,"DF,FW",23-098,3,0,0.3,0.0,0.0,0.0,1.0,0.0,0.0
Kristoffer Ajer,no NOR,DF,27-152,2,0,14.0,0.0,1.0,0.0,0.0,0.0,0.7,0.7
Benjamin Arthur,eng ENG,DF,19-342,0,0,,,,,,,,
Vitaly Janelt,de GER,MF,27-129,0,0,,,,,,,,
Reiss Nelson,eng ENG,"FW,MF",25-280,0,0,,,,,,,
Myles Peart-Harris,eng ENG,MF,22-363,0,0,,,,,,,,
Mads Roerslev,dk DEN,"DF,MF",26-084,0,0,,,,,,,
Hákon Valdimarsson,is ISL,GK,23-338,0,0,,,,,,,,
Squad Total,,,25.1,4,44,360.0,5.0,3.0,1.0,8.0,0.0,3.3,7.0
Opponent Total,,,26.4,4,44,360.0,7.0,4.0,1.0,8.0,0.0,4.3,9.3
Lewis Dunk,eng ENG,DF,33-299,4,4,360.0,0.0,0.0,0.0,1.0,0.0,0.0,0.2
Jan Paul van Hecke,nl NED,DF,25-100,4,4,360.0,0.0,0.0,0.0,1.0,0.0,0.0,0.3
Bart Verbruggen,nl NED,GK,23-029,4,4,360.0,0.0,0.0,0.0,0.0,0.0,0.1,0.1
Kaoru Mitoma,jp JPN,FW,28-119,4,4,352.0,1.0,1.0,0.0,1.0,0.0,1.0,1.7
Yankuba Minteh,gm GAM,FW,21-056,4,4,337.0,0.0,1.0,0.0,0.0,0.0,1.3,1.8
Maxim De Cuyper,be BEL,DF,24-268,4,4,269.0,0.0,0.0,0.0,1.0,0.0,0.1,0.1
Danny Welbeck,eng ENG,FW,34-294,4,3,238.0,0.0,0.0,0.0,0.0,0.0,0.1,0.9
Carlos Baleba,cm CMR,MF,21-256,4,3,198.0,0.0,0.0,0.0,1.0,0.0,0.0,0.1
Yasin Ayari,se SWE,MF,21-345,4,2,274.0,0.0,0.0,0.0,0.0,0.0,0.1,0.2
Joël Veltman,nl NED,DF,33-244,2,2,180.0,0.0,0.0,0.0,1.0,0.0,0.0,0.0
Matt O'Riley,dk DEN,MF,24-299,2,2,177.0,1.0,0.0,1.0,0.0,0.0,0.2,0.6
Mats Wieffer,nl NED,DF,25-304,2,2,174.0,0.0,0.0,0.0,1.0,0.0,0.0,0.0
Georginio Rutter,fr FRA,"FW,MF",23-149,3,2,1.8,0.0,0.0,0.0,1.0,0.1,0.1
Jack Hinshelwood,eng ENG,MF,20-158,3,2,107.0,0.0,0.0,0.0,0.0,0.0,0.0,0.0
Diego Gómez,py PAR,MF,22-173,3,1,106.0,0.0,0.0,0.0,1.0,0.0,0.3,0.3
James Milner,eng ENG,MF,39-255,3,1,98.0,1.0,0.0,1.0,1.0,0.0,0.0,0.0
Ferdi Kadioglu,tr TUR,"DF,FW",25-344,3,0,1.3,0.0,0.0,0.0,2.0,0.0,0.0
Brajan Gruda,de GER,"MF,FW",21-108,4,0,0.8,1.0,1.0,0.0,0.0,1.2,0.1
Stefanos Tzimas,gr GRE,FW,19-253,1,0,24.0,0.0,0.0,0.0,0.0,0.0,0.0,0.0
Diego Coppola,it ITA,DF,21-262,1,0,1.0,0.0,0.0,0.0,0.0,0.0,0.0,0.0
Olivier Boscagli,fr FRA,DF,27-302,0,0,,,,,,,,
Jason Steele,eng ENG,GK,35-029,0,0,,,,,,,,
Tom Watson,eng ENG,MF,19-161,0,0,,,,,,,,
Squad Total,,,26.3,4,44,360.0,4.0,2.0,2.0,12.0,0.0,3.5,7.9
Opponent Total,,,26.9,4,44,360.0,6.0,4.0,1.0,13.0,0.0,3.9,8.7
Altay Bayındır,tr TUR,GK,27-155,4,4,360.0,0.0,0.0,0.0,0.0,0.0,0.2,0.2
Bruno Fernandes,pt POR,MF,31-008,4,4,360.0,1.0,0.0,1.0,1.0,0.0,1.2,1.6
Matthijs de Ligt,nl NED,DF,26-035,4,4,360.0,0.0,0.0,0.0,0.0,0.0,0.2,0.5
Bryan Mbeumo,cm CMR,MF,26-040,4,4,360.0,1.0,0.0,0.0,0.0,0.0,1.3,3.1
Luke Shaw,eng ENG,DF,30-066,4,4,345.0,0.0,0.0,0.0,0.0,0.0,0.1,0.1
Leny Yoro,fr FRA,DF,19-307,4,4,321.0,0.0,0.0,0.0,0.0,0.0,0.0,0.3
Patrick Dorgu,dk DEN,DF,20-325,3,3,270.0,0.0,0.0,0.0,1.0,0.0,0.1,0.4
Amad Diallo,ci CIV,"DF,MF",23-067,4,3,3.0,0.0,0.0,0.0,0.0,0.9,0.7
Matheus Cunha,br BRA,"FW,MF",26-112,3,3,2.3,0.0,0.0,0.0,0.0,0.8,0.2
Casemiro,br BRA,MF,33-205,4,3,198.0,0.0,0.0,0.0,1.0,0.0,0.1,0.7
Mason Mount,eng ENG,MF,26-249,3,3,177.0,0.0,0.0,0.0,0.0,0.0,0.4,0.6
Diogo Dalot,pt POR,DF,26-182,3,2,183.0,0.0,1.0,0.0,0.0,0.0,0.8,0.8
Benjamin Šeško,si SVN,FW,22-108,4,1,162.0,0.0,0.0,0.0,0.0,0.0,0.1,0.5
Manuel Ugarte,uy URU,MF,24-158,3,1,127.0,0.0,0.0,0.0,0.0,0.0,0.0,0.1
Noussair Mazraoui,ma MAR,DF,27-306,2,1,67.0,0.0,0.0,0.0,0.0,0.0,0.0,0.0
Kobbie Mainoo,eng ENG,MF,20-150,2,0,74.0,0.0,0.0,0.0,0.0,0.0,0.1,0.2
Joshua Zirkzee,nl NED,"FW,MF",24-117,2,0,0.8,0.0,0.0,0.0,0.0,0.6,0.0
Harry Maguire,eng ENG,DF,32-195,3,0,44.0,0.0,0.0,0.0,0.0,0.0,0.0,0.1
Ayden Heaven,eng ENG,DF,18-359,1,0,4.0,0.0,0.0,0.0,0.0,0.0,0.0,0.0
Tyler Fredricson,eng ENG,DF,20-205,0,0,,,,,,,,
Tom Heaton,eng ENG,GK,39-154,0,0,,,,,,,,
Senne Lammens,be BEL,GK,23-071,0,0,,,,,,,,
Diego León,py PAR,DF,18-166,0,0,,,,,,,,
André Onana,cm CMR,GK,29-167,0,0,,,,,,,,
Squad Total,,,26.1,4,44,360.0,2.0,1.0,1.0,3.0,0.0,5.3,11.6
Opponent Total,,,26.7,4,44,360.0,7.0,5.0,0.0,10.0,0.0,5.0,11.9
Elliot Anderson,eng ENG,MF,22-314,4,4,360.0,0.0,1.0,0.0,0.0,0.0,1.1,1.5
Nikola Milenković,rs SRB,DF,27-339,4,4,360.0,0.0,0.0,0.0,0.0,0.0,0.0,0.1
Matz Sels,be BEL,GK,33-202,4,4,360.0,0.0,0.0,0.0,1.0,0.0,0.0,0.0
Neco Williams,wls WAL,DF,24-156,4,4,360.0,0.0,0.0,0.0,2.0,0.0,0.3,0.4
Ibrahim Sangaré,ci CIV,MF,27-288,4,4,337.0,0.0,0.0,0.0,0.0,0.0,0.0,0.0
Morgan Gibbs-White,eng ENG,MF,25-232,4,4,326.0,0.0,1.0,0.0,0.0,0.0,0.3,1.0
Callum Hudson-Odoi,eng ENG,FW,24-313,4,4,308.0,1.0,0.0,0.0,0.0,0.0,0.6,0.9
Murillo,br BRA,DF,23-074,4,4,306.0,0.0,0.0,0.0,1.0,0.0,0.0,0.0
Chris Wood,nz NZL,FW,33-283,4,4,296.0,2.0,0.0,0.0,0.0,0.0,0.2,1.7
Dan Ndoye,ch SUI,FW,24-326,4,4,295.0,1.0,1.0,0.0,0.0,0.0,0.4,0.5
Ola Aina,ng NGA,DF,28-343,3,3,270.0,0.0,0.0,0.0,1.0,0.0,0.1,0.2
Morato,br BRA,DF,24-078,1,1,90.0,0.0,0.0,0.0,0.0,0.0,0.0,0.0
James Mcatee,eng ENG,"MF,FW",22-333,3,0,0.8,0.0,0.0,0.0,0.0,0.0,0.4
Nicolò Savona,it ITA,DF,22-181,1,0,54.0,0.0,0.0,0.0,0.0,0.0,0.0,0.0
Arnaud Kalimuendo,fr FRA,FW,23-239,3,0,53.0,0.0,0.0,0.0,0.0,0.0,0.0,0.1
Igor Jesus,br BRA,FW,24-203,3,0,33.0,0.0,0.0,0.0,0.0,0.0,0.0,0.1
Dilane Bakwa,fr FRA,FW,23-021,1,0,31.0,0.0,0.0,0.0,0.0,0.0,0.0,0.0
Ryan Yates,eng ENG,MF,27-299,3,0,28.0,0.0,0.0,0.0,0.0,0.0,0.0,0.0
Jota Silva,pt POR,FW,26-046,1,0,12.0,0.0,0.0,0.0,0.0,0.0,0.0,0.0
Omari Hutchinson,eng ENG,"FW,MF",21-321,2,0,0.1,0.0,0.0,0.0,0.0,0.2,0.0
Zach Abbott,eng ENG,DF,19-126,0,0,,,,,,,,
Taiwo Awoniyi,ng NGA,FW,28-035,0,0,,,,,,,,
Willy Boly,ci CIV,DF,34-225,0,0,,,,,,,,
Jair Cunha,br BRA,DF,20-193,0,0,,,,,,,,
Angus Gunn,sct SCO,GK,29-237,0,0,,,,,,,,
John,br BRA,GK,29-215,0,0,,,,,,,,
Douglas Luiz,br BRA,MF,27-130,0,0,,,,,,,,
Squad Total,,,26.7,4,44,360.0,4.0,3.0,0.0,5.0,0.0,3.3,7.0
Opponent Total,,,26.0,4,44,360.0,8.0,5.0,2.0,6.0,0.0,4.7,9.9
Joe Rodon,wls WAL,DF,27-329,4,4,360.0,0.0,0.0,0.0,0.0,0.0,0.0,0.0
Anton Stach,de GER,MF,26-305,4,4,360.0,0.0,0.0,0.0,1.0,0.0,0.8,1.3
Pascal Struijk,nl NED,DF,26-036,4,4,360.0,0.0,0.0,0.0,0.0,0.0,0.0,0.2
Jayden Bogle,eng ENG,DF,25-051,4,4,352.0,0.0,0.0,0.0,1.0,0.0,0.1,0.2
Gabriel Gudmundsson,se SWE,DF,26-140,4,4,349.0,0.0,0.0,0.0,1.0,0.0,0.3,0.5
Lucas Perri,br BRA,GK,27-280,3,3,270.0,0.0,0.0,0.0,0.0,0.0,0.0,0.0
Daniel James,wls WAL,FW,27-310,4,3,213.0,0.0,0.0,0.0,0.0,0.0,0.3,0.7
Wilfried Gnonto,it ITA,FW,21-315,4,3,192.0,0.0,0.0,0.0,1.0,0.0,0.1,0.3
Sean Longstaff,eng ENG,MF,27-321,4,2,214.0,0.0,0.0,0.0,0.0,0.0,0.0,0.1
Ilia Gruev,bg BUL,MF,25-133,3,2,193.0,0.0,0.0,0.0,0.0,0.0,0.0,0.0
Ethan Ampadu,wls WAL,MF,25-002,2,2,167.0,0.0,0.0,0.0,0.0,0.0,0.0,0.0
Ao Tanaka,jp JPN,MF,27-006,2,2,146.0,0.0,0.0,0.0,0.0,0.0,0.1,0.2
Joël Piroe,nl NED,FW,26-045,2,2,134.0,0.0,0.0,0.0,0.0,0.0,0.0,0.3
Brenden Aaronson,us USA,FW,24-329,4,1,156.0,0.0,0.0,0.0,0.0,0.0,0.5,0.7
Lukas Nmecha,de GER,FW,26-276,4,1,137.0,1.0,0.0,1.0,0.0,0.0,0.0,0.2
Noah Okafor,ch SUI,FW,25-115,2,1,92.0,0.0,0.0,0.0,1.0,0.0,0.0,0.2
Karl Darlow,wls WAL,GK,34-343,1,1,90.0,0.0,0.0,0.0,0.0,0.0,0.0,0.0
Dominic Calvert-Lewin,eng ENG,FW,28-184,2,1,89.0,0.0,0.0,0.0,0.0,0.0,0.0,0.4
Jack Harrison,eng ENG,FW,28-300,3,0,67.0,0.0,0.0,0.0,0.0,0.0,0.0,0.0
James Justin,eng ENG,DF,27-205,1,0,11.0,0.0,0.0,0.0,0.0,0.0,0.0,0.0
Sam Byram,eng ENG,DF,32-000,1,0,8.0,0.0,0.0,0.0,0.0,0.0,0.0,0.0
Jaka Bijol,si SVN,"DF,MF",26-223,0,0,,,,,,,
Sebastiaan Bornauw,be BEL,DF,26-178,0,0,,,,,,,,
Illan Meslier,fr FRA,GK,25-198,0,0,,,,,,,,
Largie Ramazani,be BEL,"FW,MF",24-201,0,0,,,,,,,
Squad Total,,,26.6,4,44,360.0,1.0,0.0,1.0,5.0,0.0,2.3,5.2
Opponent Total,,,27.2,4,44,360.0,5.0,4.0,1.0,4.0,0.0,2.7,6.7
Martin Dúbravka,sk SVK,GK,36-244,4,4,360.0,0.0,0.0,0.0,0.0,0.0,0.0,0.0
Quilindschy Hartman,nl NED,DF,23-306,4,4,360.0,0.0,0.0,0.0,0.0,0.0,0.1,0.2
Kyle Walker,eng ENG,DF,35-111,4,4,360.0,0.0,0.0,0.0,1.0,0.0,0.0,0.0
Jaidon Anthony,eng ENG,"MF,FW",25-289,4,4,3.9,2.0,2.0,0.0,1.0,1.7,0.2
Hjalmar Ekdal,se SWE,DF,26-330,4,4,352.0,0.0,0.0,0.0,0.0,0.0,0.0,0.0
Maxime Estève,fr FRA,DF,23-113,4,4,352.0,0.0,0.0,0.0,0.0,0.0,0.0,0.0
Lyle Foster,za RSA,FW,25-013,4,4,333.0,1.0,0.0,0.0,1.0,0.0,0.4,1.1
Josh Cullen,ie IRL,MF,29-162,4,4,332.0,1.0,1.0,0.0,0.0,0.0,0.7,0.8
Lesley Ugochukwu,fr FRA,MF,21-174,4,3,254.0,0.0,0.0,0.0,2.0,1.0,0.0,0.1
Hannibal Mejbri,tn TUN,MF,22-238,4,3,236.0,0.0,0.0,0.0,0.0,0.0,0.2,0.4
Josh Laurent,eng ENG,"MF,DF",30-133,4,2,2.1,0.0,0.0,0.0,1.0,0.1,0.2
Jacob Bruun Larsen,dk DEN,"FW,MF",26-362,3,2,2.0,0.0,0.0,0.0,0.0,0.1,0.6
Loum Tchaouna,fr FRA,MF,22-008,4,1,113.0,0.0,0.0,0.0,1.0,0.0,0.1,0.3
Oliver Sonne,pe PER,"DF,FW",24-310,3,1,1.2,0.0,0.0,0.0,0.0,0.0,0.0
Florentino Luís,pt POR,MF,26-028,1,0,28.0,0.0,0.0,0.0,0.0,0.0,0.0,0.0
Zian Flemming,nl NED,FW,27-046,2,0,22.0,0.0,0.0,0.0,0.0,0.0,0.1,0.1
Joe Worrall,eng ENG,DF,28-249,3,0,21.0,0.0,0.0,0.0,0.0,0.0,0.0,0.0
Marcus Edwards,eng ENG,FW,26-287,1,0,6.0,0.0,0.0,0.0,0.0,0.0,0.0,0.0
Armando Broja,al ALB,FW,24-006,1,0,2.0,0.0,0.0,0.0,0.0,0.0,0.0,0.0
Bashir Humphreys,eng ENG,DF,22-185,0,0,,,,,,,,
Lucas,br BRA,DF,24-176,0,0,,,,,,,,
Aaron Ramsey,eng ENG,MF,22-238,0,0,,,,,,,,
Max Weiß,de GER,GK,21-093,0,0,,,,,,,,
Squad Total,,,27.3,4,44,360.0,4.0,3.0,0.0,7.0,1.0,2.5,5.8
Opponent Total,,,25.9,4,44,360.0,6.0,4.0,2.0,4.0,0.0,6.5,14.2
Jarrod Bowen,eng ENG,FW,28-270,4,4,360.0,1.0,0.0,0.0,0.0,0.0,0.8,1.3
El Hadji Malick Diouf,sn SEN,DF,20-262,4,4,360.0,0.0,2.0,0.0,0.0,0.0,0.5,0.7
Mads Hermansen,dk DEN,GK,25-067,4,4,360.0,0.0,0.0,0.0,0.0,0.0,0.0,0.0
Max Kilman,eng ENG,DF,28-116,4,4,360.0,0.0,0.0,0.0,1.0,0.0,0.0,0.4
Lucas Paquetá,br BRA,"MF,FW",28-020,4,4,3.7,2.0,1.0,1.0,0.0,0.6,0.1
James Ward-Prowse,eng ENG,MF,30-319,4,4,323.0,0.0,0.0,0.0,0.0,0.0,0.7,0.8
Tomáš Souček,cz CZE,MF,30-201,4,3,232.0,0.0,0.0,0.0,0.0,1.0,0.0,0.2
Niclas Füllkrug,de GER,FW,32-219,3,3,198.0,0.0,0.0,0.0,0.0,0.0,0.2,0.5
Kyle Walker-Peters,eng ENG,DF,28-156,3,2,201.0,0.0,0.0,0.0,0.0,0.0,0.0,0.1
Nayef Aguerd,ma MAR,DF,29-170,2,2,180.0,0.0,0.0,0.0,0.0,0.0,0.0,0.1
Konstantinos Mavropanos,gr GRE,DF,27-279,2,2,180.0,0.0,0.0,0.0,0.0,0.0,0.0,0.1
Aaron Wan-Bissaka,cd COD,DF,27-294,2,2,180.0,0.0,0.0,0.0,0.0,0.0,0.1,0.1
Mateus Fernandes,pt POR,"FW,MF",21-068,2,2,1.6,0.0,0.0,0.0,0.0,0.0,0.5
Jean-Clair Todibo,fr FRA,DF,25-260,2,2,126.0,0.0,0.0,0.0,0.0,0.0,0.0,0.0
Guido Rodríguez,ar ARG,MF,31-157,1,1,70.0,0.0,0.0,0.0,0.0,0.0,0.0,0.0
Crysencio Summerville,nl NED,FW,23-321,2,1,69.0,0.0,1.0,0.0,0.0,0.0,0.1,0.1
Callum Wilson,eng ENG,FW,33-201,4,0,115.0,1.0,0.0,0.0,0.0,0.0,0.0,1.1
Freddie Potts,eng ENG,MF,22-004,1,0,45.0,0.0,0.0,0.0,0.0,0.0,0.0,0.0
Luis Guilherme,br BRA,FW,19-219,1,0,30.0,0.0,0.0,0.0,0.0,0.0,0.0,0.0
Soungoutou Magassa,fr FRA,MF,21-343,1,0,30.0,0.0,0.0,0.0,0.0,0.0,0.0,0.0
Andy Irving,sct SCO,MF,25-126,3,0,26.0,0.0,0.0,0.0,0.0,0.0,0.0,0.0
Edson Álvarez,mx MEX,"DF,MF",27-327,0,0,,,,,,,
Alphonse Areola,fr FRA,GK,32-201,0,0,,,,,,,,
Łukasz Fabiański,pl POL,GK,40-151,0,0,,,,,,,,
Igor,br BRA,DF,27-221,0,0,,,,,,,,
Callum Marshall,nir NIR,FW,20-292,0,0,,,,,,,,
Oliver Scarles,eng ENG,MF,19-278,0,0,,,,,,,,
Squad Total,,,27.5,4,44,360.0,4.0,3.0,1.0,1.0,1.0,3.2,6.8
Opponent Total,,,25.2,4,44,360.0,11.0,9.0,0.0,2.0,0.0,4.6,10.1
Tyrone Mings,eng ENG,DF,32-187,4,4,360.0,0.0,0.0,0.0,0.0,0.0,0.1,0.3
Morgan Rogers,eng ENG,"FW,MF",23-052,4,4,4.0,0.0,0.0,0.0,0.0,0.2,0.3
Ollie Watkins,eng ENG,FW,29-260,4,4,352.0,0.0,0.0,0.0,0.0,0.0,0.4,1.5
Matty Cash,pl POL,DF,28-040,4,4,343.0,0.0,0.0,0.0,2.0,0.0,0.4,0.4
John McGinn,sct SCO,"FW,MF",30-333,4,4,3.5,0.0,0.0,0.0,0.0,0.0,0.7
Youri Tielemans,be BEL,MF,28-132,4,4,315.0,0.0,0.0,0.0,0.0,0.0,0.2,0.3
Lucas Digne,fr FRA,DF,32-058,4,3,251.0,0.0,0.0,0.0,1.0,0.0,0.0,0.1
Ezri Konsa,eng ENG,DF,27-328,3,3,245.0,0.0,0.0,0.0,0.0,1.0,0.0,0.0
Marco Bizot,nl NED,GK,34-190,2,2,180.0,0.0,0.0,0.0,1.0,0.0,0.0,0.0
Emiliano Martínez,ar ARG,GK,33-014,2,2,180.0,0.0,0.0,0.0,0.0,0.0,0.0,0.0
Amadou Onana,be BEL,MF,24-031,2,2,153.0,0.0,0.0,0.0,1.0,0.0,0.0,0.2
Boubacar Kamara,fr FRA,"MF,DF",25-297,2,2,1.2,0.0,0.0,0.0,1.0,0.1,0.0
Emi Buendía,ar ARG,"MF,FW",28-265,3,1,1.9,0.0,0.0,0.0,1.0,0.3,0.3
Donyell Malen,nl NED,"FW,MF",26-250,4,1,1.4,0.0,0.0,0.0,0.0,0.2,0.0
Ian Maatsen,nl NED,DF,23-190,2,1,114.0,0.0,0.0,0.0,0.0,0.0,0.2,0.3
Pau Torres,es ESP,DF,28-243,2,1,107.0,0.0,0.0,0.0,0.0,0.0,0.0,0.1
Evann Guessand,ci CIV,"FW,MF",24-077,3,1,1.2,0.0,0.0,0.0,0.0,0.1,0.0
Lamare Bogarde,nl NED,MF,21-254,3,1,102.0,0.0,0.0,0.0,1.0,0.0,0.0,0.0
Harvey Elliott,eng ENG,"MF,FW",22-165,1,0,0.2,0.0,0.0,0.0,0.0,0.0,0.0
Bradley Paul Burrowes,eng ENG,DF,17-196,1,0,17.0,0.0,0.0,0.0,0.0,0.0,0.0,0.0
Victor Lindelöf,se SWE,MF,31-061,1,0,8.0,0.0,0.0,0.0,0.0,0.0,0.0,0.0
Samuel Iling-Junior,eng ENG,DF,21-347,0,0,,,,,,,,
Jamaldeen Jimoh,eng ENG,MF,18-349,0,0,,,,,,,,
Travis Patterson,eng ENG,DF,19-345,0,0,,,,,,,,
Sam Proctor,eng ENG,GK,18-269,0,0,,,,,,,,
Triston Rowe,eng ENG,DF,19-121,0,0,,,,,,,,
Jadon Sancho,eng ENG,"FW,MF",25-175,0,0,,,,,,,
James Wright,eng ENG,GK,20-288,0,0,,,,,,,,
Squad Total,,,28.5,4,44,360.0,0.0,0.0,0.0,8.0,1.0,2.5,5.4
Opponent Total,,,27.3,4,44,360.0,4.0,1.0,1.0,8.0,0.0,5.7,12.2
Emmanuel Agbadou,ci CIV,DF,28-091,4,4,360.0,0.0,0.0,0.0,0.0,0.0,0.0,0.3
João Gomes,br BRA,MF,24-216,4,4,360.0,0.0,0.0,0.0,2.0,0.0,0.1,0.2
Toti Gomes,pt POR,DF,26-243,4,4,318.0,0.0,0.0,0.0,1.0,1.0,0.0,0.1
Marshall Munetsi,zw ZIM,FW,29-086,4,3,295.0,0.0,1.0,0.0,1.0,0.0,0.4,0.6
José Sá,pt POR,GK,32-242,3,3,270.0,0.0,0.0,0.0,0.0,0.0,0.1,0.1
André,br BRA,MF,24-062,4,3,244.0,0.0,0.0,0.0,1.0,0.0,0.0,0.0
Hugo Bueno,es ESP,"MF,DF",22-363,4,2,2.5,0.0,0.0,0.0,1.0,0.1,0.3
Matt Doherty,ie IRL,DF,33-243,2,2,180.0,0.0,0.0,0.0,2.0,0.0,0.0,0.0
Hwang Hee-chan,kr KOR,FW,29-233,4,2,173.0,1.0,0.0,0.0,0.0,0.0,0.0,0.6
Jean-Ricner Bellegarde,ht HAI,"FW,MF",27-081,4,2,1.9,0.0,0.0,0.0,0.0,0.1,0.1
Jhon Arias,co COL,FW,27-360,4,2,161.0,0.0,0.0,0.0,0.0,0.0,0.1,0.3
Jørgen Strand Larsen,no NOR,FW,25-222,2,2,158.0,0.0,0.0,0.0,0.0,0.0,0.0,0.5
David Møller Wolfe,no NOR,MF,23-146,3,2,131.0,0.0,1.0,0.0,0.0,0.0,0.3,0.3
Ki-Jana Hoever,nl NED,MF,23-241,2,2,106.0,0.0,0.0,0.0,0.0,0.0,0.2,0.2
Jackson Tchatchoua,cm CMR,"MF,DF",24-002,3,1,1.5,0.0,0.0,0.0,0.0,0.0,0.0
Santiago Bueno,uy URU,DF,26-311,2,1,125.0,0.0,0.0,0.0,0.0,0.0,0.0,0.0
Rodrigo Gomes,pt POR,"DF,MF",22-071,3,1,1.3,1.0,1.0,0.0,0.0,0.6,0.0
Sam Johnstone,eng ENG,GK,32-175,1,1,90.0,0.0,0.0,0.0,0.0,0.0,0.0,0.0
Ladislav Krejčí,cz CZE,"MF,DF",26-149,1,1,1.0,0.0,0.0,0.0,1.0,0.0,0.1
Tolu Arokodare,ng NGA,FW,24-297,1,1,65.0,0.0,0.0,0.0,0.0,0.0,0.0,0.0
Yerson Mosquera,co COL,DF,24-137,1,1,65.0,0.0,0.0,0.0,0.0,0.0,0.0,0.0
Fer López,es ESP,"MF,FW",21-115,3,0,0.7,0.0,0.0,0.0,0.0,0.1,0.0
Sasa Kalajdzic,at AUT,FW,28-071,1,0,15.0,0.0,0.0,0.0,0.0,0.0,0.0,0.0
Daniel Bentley,eng ENG,GK,32-065,0,0,,,,,,,,
Squad Total,,,26.9,4,44,360.0,2.0,2.0,0.0,9.0,1.0,1.9,4.5
Opponent Total,,,27.4,4,44,360.0,9.0,8.0,0.0,6.0,0.0,6.6,13.8
